/*
 Navicat Premium Data Transfer

 Source Server         : MySqlConn-local
 Source Server Type    : MySQL
 Source Server Version : 100130
 Source Host           : localhost:3306
 Source Schema         : productionreport

 Target Server Type    : MySQL
 Target Server Version : 100130
 File Encoding         : 65001

 Date: 10/01/2020 17:00:57
*/

SET NAMES utf8mb4;
SET FOREIGN_KEY_CHECKS = 0;

-- ----------------------------
-- Table structure for cutting
-- ----------------------------
DROP TABLE IF EXISTS `cutting`;
CREATE TABLE `cutting`  (
  `id_cutting` int(11) NOT NULL AUTO_INCREMENT,
  `orc` varchar(50) CHARACTER SET latin1 COLLATE latin1_swedish_ci NULL DEFAULT NULL,
  `style` varchar(50) CHARACTER SET latin1 COLLATE latin1_swedish_ci NULL DEFAULT NULL,
  `color` varchar(50) CHARACTER SET latin1 COLLATE latin1_swedish_ci NULL DEFAULT NULL,
  `buyer` varchar(100) CHARACTER SET latin1 COLLATE latin1_swedish_ci NULL DEFAULT NULL,
  `comm` smallint(1) NULL DEFAULT NULL,
  `so` varchar(50) CHARACTER SET latin1 COLLATE latin1_swedish_ci NULL DEFAULT NULL,
  `qty` int(11) NULL DEFAULT NULL,
  `boxes` int(11) NULL DEFAULT NULL,
  `prepare_on` date NULL DEFAULT NULL,
  `date_created` date NULL DEFAULT NULL,
  PRIMARY KEY (`id_cutting`) USING BTREE
) ENGINE = InnoDB AUTO_INCREMENT = 11 CHARACTER SET = latin1 COLLATE = latin1_swedish_ci ROW_FORMAT = Compact;

-- ----------------------------
-- Records of cutting
-- ----------------------------
INSERT INTO `cutting` VALUES (2, 'G3-20B048A-1', '22047 (76080)', 'DAMASK NEUTRAL', 'VF', 1, '153543', 7620, 216, '2020-01-07', '2020-01-07');
INSERT INTO `cutting` VALUES (3, 'G3-20B048A-2', '22047 (76080)', 'DAMASK NEUTRAL', 'VF', 1, '153543', 3324, 94, '2020-01-07', '2020-01-07');
INSERT INTO `cutting` VALUES (4, 'G3-20B048A-3', '22047 (76080)', 'DAMASK NEUTRAL', 'VF', 3, '153543', 264, 8, '2020-01-08', '2020-01-08');
INSERT INTO `cutting` VALUES (6, 'G3-20C0278', '75345 SOLID', 'DAMASK NEUTRAL', 'VF', 1, '153269', 14016, 394, '2020-01-08', '2020-01-08');
INSERT INTO `cutting` VALUES (7, 'G3-20B037A', '22045 (71380)', 'GHOST NAVY', 'VF', 1, '153437', 4488, 127, '2020-01-10', '2020-01-10');
INSERT INTO `cutting` VALUES (8, 'G3-20B002A-2', '22045 (71380)', 'MID BLACK', 'VF', 2, '152375', 360, 11, '2020-01-10', '2020-01-10');
INSERT INTO `cutting` VALUES (9, 'G3-20B035A-1', '22045 (71380)', 'STAR WHITE', 'VF', 1, '153435', 360, 11, '2020-01-10', '2020-01-10');
INSERT INTO `cutting` VALUES (10, 'G3-20D052C-2', '22045 (71380)', 'STAR WHITE', 'VF', 0, '156721', 348, 11, '2020-01-10', '2020-01-10');

-- ----------------------------
-- Table structure for cutting_detail
-- ----------------------------
DROP TABLE IF EXISTS `cutting_detail`;
CREATE TABLE `cutting_detail`  (
  `id_cutting_detail` int(11) NOT NULL AUTO_INCREMENT,
  `id_cutting` int(11) NULL DEFAULT NULL,
  `size` varchar(10) CHARACTER SET latin1 COLLATE latin1_swedish_ci NULL DEFAULT NULL,
  `grup_size` varchar(25) CHARACTER SET latin1 COLLATE latin1_swedish_ci NULL DEFAULT NULL,
  `qty_pcs` int(11) NULL DEFAULT NULL,
  `cutting_sam` decimal(4, 3) NULL DEFAULT NULL,
  `sam_result` decimal(6, 3) NULL DEFAULT NULL,
  `qty` int(11) NULL DEFAULT NULL,
  `no_bundle` varchar(50) CHARACTER SET latin1 COLLATE latin1_swedish_ci NULL DEFAULT NULL,
  `kode_barcode` varchar(50) CHARACTER SET latin1 COLLATE latin1_swedish_ci NULL DEFAULT NULL,
  `cutting_date` date NULL DEFAULT NULL,
  `outermold_barcode` varchar(50) CHARACTER SET latin1 COLLATE latin1_swedish_ci NULL DEFAULT NULL,
  `midmold_barcode` varchar(50) CHARACTER SET latin1 COLLATE latin1_swedish_ci NULL DEFAULT NULL,
  `linningmold_barcode` varchar(50) CHARACTER SET latin1 COLLATE latin1_swedish_ci NULL DEFAULT NULL,
  `printed_date` date NULL DEFAULT NULL,
  `packed` varchar(3) CHARACTER SET latin1 COLLATE latin1_swedish_ci NULL DEFAULT NULL,
  PRIMARY KEY (`id_cutting_detail`) USING BTREE,
  INDEX `fk_cutting`(`id_cutting`) USING BTREE,
  CONSTRAINT `fk_cutting` FOREIGN KEY (`id_cutting`) REFERENCES `cutting` (`id_cutting`) ON DELETE RESTRICT ON UPDATE RESTRICT
) ENGINE = InnoDB AUTO_INCREMENT = 2021 CHARACTER SET = latin1 COLLATE = latin1_swedish_ci ROW_FORMAT = Compact;

-- ----------------------------
-- Records of cutting_detail
-- ----------------------------
INSERT INTO `cutting_detail` VALUES (1149, 2, '36D', 'reguler', 36, 1.370, 49.320, 792, '0002(36)', 'G3-20B048A-1-0002', NULL, 'OG3-20B048A-1-0002', '', 'LG3-20B048A-1-0002', NULL, NULL);
INSERT INTO `cutting_detail` VALUES (1150, 2, '36D', 'reguler', 36, 1.370, 49.320, 792, '0003(36)', 'G3-20B048A-1-0003', NULL, 'OG3-20B048A-1-0003', '', 'LG3-20B048A-1-0003', NULL, NULL);
INSERT INTO `cutting_detail` VALUES (1151, 2, '36C', 'reguler', 36, 1.370, 49.320, 36, '0001(36)', 'G3-20B048A-1-0001', NULL, 'OG3-20B048A-1-0001', '', 'LG3-20B048A-1-0001', NULL, NULL);
INSERT INTO `cutting_detail` VALUES (1152, 2, '36D', 'reguler', 36, 1.370, 49.320, 792, '0004(36)', 'G3-20B048A-1-0004', NULL, 'OG3-20B048A-1-0004', '', 'LG3-20B048A-1-0004', NULL, NULL);
INSERT INTO `cutting_detail` VALUES (1153, 2, '36D', 'reguler', 36, 1.370, 49.320, 792, '0005(36)', 'G3-20B048A-1-0005', NULL, 'OG3-20B048A-1-0005', '', 'LG3-20B048A-1-0005', NULL, NULL);
INSERT INTO `cutting_detail` VALUES (1154, 2, '36D', 'reguler', 36, 1.370, 49.320, 792, '0007(36)', 'G3-20B048A-1-0007', NULL, 'OG3-20B048A-1-0007', '', 'LG3-20B048A-1-0007', NULL, NULL);
INSERT INTO `cutting_detail` VALUES (1155, 2, '36D', 'reguler', 36, 1.370, 49.320, 792, '0008(36)', 'G3-20B048A-1-0008', NULL, 'OG3-20B048A-1-0008', '', 'LG3-20B048A-1-0008', NULL, NULL);
INSERT INTO `cutting_detail` VALUES (1156, 2, '36D', 'reguler', 36, 1.370, 49.320, 792, '0006(36)', 'G3-20B048A-1-0006', NULL, 'OG3-20B048A-1-0006', '', 'LG3-20B048A-1-0006', NULL, NULL);
INSERT INTO `cutting_detail` VALUES (1157, 2, '36D', 'reguler', 36, 1.370, 49.320, 792, '0010(36)', 'G3-20B048A-1-0010', NULL, 'OG3-20B048A-1-0010', '', 'LG3-20B048A-1-0010', NULL, NULL);
INSERT INTO `cutting_detail` VALUES (1158, 2, '36D', 'reguler', 36, 1.370, 49.320, 792, '0009(36)', 'G3-20B048A-1-0009', NULL, 'OG3-20B048A-1-0009', '', 'LG3-20B048A-1-0009', NULL, NULL);
INSERT INTO `cutting_detail` VALUES (1159, 2, '36D', 'reguler', 36, 1.370, 49.320, 792, '0014(36)', 'G3-20B048A-1-0014', NULL, 'OG3-20B048A-1-0014', '', 'LG3-20B048A-1-0014', NULL, NULL);
INSERT INTO `cutting_detail` VALUES (1160, 2, '36D', 'reguler', 36, 1.370, 49.320, 792, '0012(36)', 'G3-20B048A-1-0012', NULL, 'OG3-20B048A-1-0012', '', 'LG3-20B048A-1-0012', NULL, NULL);
INSERT INTO `cutting_detail` VALUES (1161, 2, '36D', 'reguler', 36, 1.370, 49.320, 792, '0011(36)', 'G3-20B048A-1-0011', NULL, 'OG3-20B048A-1-0011', '', 'LG3-20B048A-1-0011', NULL, NULL);
INSERT INTO `cutting_detail` VALUES (1162, 2, '36D', 'reguler', 36, 1.370, 49.320, 792, '0017(36)', 'G3-20B048A-1-0017', NULL, 'OG3-20B048A-1-0017', '', 'LG3-20B048A-1-0017', NULL, NULL);
INSERT INTO `cutting_detail` VALUES (1163, 2, '36D', 'reguler', 36, 1.370, 49.320, 792, '0013(36)', 'G3-20B048A-1-0013', NULL, 'OG3-20B048A-1-0013', '', 'LG3-20B048A-1-0013', NULL, NULL);
INSERT INTO `cutting_detail` VALUES (1164, 2, '36D', 'reguler', 36, 1.370, 49.320, 792, '0018(36)', 'G3-20B048A-1-0018', NULL, 'OG3-20B048A-1-0018', '', 'LG3-20B048A-1-0018', NULL, NULL);
INSERT INTO `cutting_detail` VALUES (1165, 2, '36D', 'reguler', 36, 1.370, 49.320, 792, '0016(36)', 'G3-20B048A-1-0016', NULL, 'OG3-20B048A-1-0016', '', 'LG3-20B048A-1-0016', NULL, NULL);
INSERT INTO `cutting_detail` VALUES (1166, 2, '36D', 'reguler', 36, 1.370, 49.320, 792, '0020(36)', 'G3-20B048A-1-0020', NULL, 'OG3-20B048A-1-0020', '', 'LG3-20B048A-1-0020', NULL, NULL);
INSERT INTO `cutting_detail` VALUES (1167, 2, '36D', 'reguler', 36, 1.370, 49.320, 792, '0015(36)', 'G3-20B048A-1-0015', NULL, 'OG3-20B048A-1-0015', '', 'LG3-20B048A-1-0015', NULL, NULL);
INSERT INTO `cutting_detail` VALUES (1168, 2, '36D', 'reguler', 36, 1.370, 49.320, 792, '0019(36)', 'G3-20B048A-1-0019', NULL, 'OG3-20B048A-1-0019', '', 'LG3-20B048A-1-0019', NULL, NULL);
INSERT INTO `cutting_detail` VALUES (1169, 2, '36D', 'reguler', 36, 1.370, 49.320, 792, '0021(36)', 'G3-20B048A-1-0021', NULL, 'OG3-20B048A-1-0021', '', 'LG3-20B048A-1-0021', NULL, NULL);
INSERT INTO `cutting_detail` VALUES (1170, 2, '36DD', 'reguler', 36, 1.370, 49.320, 552, '0025(36)', 'G3-20B048A-1-0025', NULL, 'OG3-20B048A-1-0025', '', 'LG3-20B048A-1-0025', NULL, NULL);
INSERT INTO `cutting_detail` VALUES (1171, 2, '36D', 'reguler', 36, 1.370, 49.320, 792, '0022(36)', 'G3-20B048A-1-0022', NULL, 'OG3-20B048A-1-0022', '', 'LG3-20B048A-1-0022', NULL, NULL);
INSERT INTO `cutting_detail` VALUES (1172, 2, '36DD', 'reguler', 36, 1.370, 49.320, 552, '0024(36)', 'G3-20B048A-1-0024', NULL, 'OG3-20B048A-1-0024', '', 'LG3-20B048A-1-0024', NULL, NULL);
INSERT INTO `cutting_detail` VALUES (1173, 2, '36D', 'reguler', 36, 1.370, 49.320, 792, '0023(36)', 'G3-20B048A-1-0023', NULL, 'OG3-20B048A-1-0023', '', 'LG3-20B048A-1-0023', NULL, NULL);
INSERT INTO `cutting_detail` VALUES (1174, 2, '36DD', 'reguler', 36, 1.370, 49.320, 552, '0026(36)', 'G3-20B048A-1-0026', NULL, 'OG3-20B048A-1-0026', '', 'LG3-20B048A-1-0026', NULL, NULL);
INSERT INTO `cutting_detail` VALUES (1175, 2, '36DD', 'reguler', 36, 1.370, 49.320, 552, '0030(36)', 'G3-20B048A-1-0030', NULL, 'OG3-20B048A-1-0030', '', 'LG3-20B048A-1-0030', NULL, NULL);
INSERT INTO `cutting_detail` VALUES (1176, 2, '36DD', 'reguler', 36, 1.370, 49.320, 552, '0028(36)', 'G3-20B048A-1-0028', NULL, 'OG3-20B048A-1-0028', '', 'LG3-20B048A-1-0028', NULL, NULL);
INSERT INTO `cutting_detail` VALUES (1177, 2, '36DD', 'reguler', 36, 1.370, 49.320, 552, '0027(36)', 'G3-20B048A-1-0027', NULL, 'OG3-20B048A-1-0027', '', 'LG3-20B048A-1-0027', NULL, NULL);
INSERT INTO `cutting_detail` VALUES (1178, 2, '36DD', 'reguler', 36, 1.370, 49.320, 552, '0029(36)', 'G3-20B048A-1-0029', NULL, 'OG3-20B048A-1-0029', '', 'LG3-20B048A-1-0029', NULL, NULL);
INSERT INTO `cutting_detail` VALUES (1179, 2, '36DD', 'reguler', 36, 1.370, 49.320, 552, '0031(36)', 'G3-20B048A-1-0031', NULL, 'OG3-20B048A-1-0031', '', 'LG3-20B048A-1-0031', NULL, NULL);
INSERT INTO `cutting_detail` VALUES (1180, 2, '36DD', 'reguler', 36, 1.370, 49.320, 552, '0032(36)', 'G3-20B048A-1-0032', NULL, 'OG3-20B048A-1-0032', '', 'LG3-20B048A-1-0032', NULL, NULL);
INSERT INTO `cutting_detail` VALUES (1181, 2, '36DD', 'reguler', 36, 1.370, 49.320, 552, '0033(36)', 'G3-20B048A-1-0033', NULL, 'OG3-20B048A-1-0033', '', 'LG3-20B048A-1-0033', NULL, NULL);
INSERT INTO `cutting_detail` VALUES (1182, 2, '36DD', 'reguler', 36, 1.370, 49.320, 552, '0034(36)', 'G3-20B048A-1-0034', NULL, 'OG3-20B048A-1-0034', '', 'LG3-20B048A-1-0034', NULL, NULL);
INSERT INTO `cutting_detail` VALUES (1183, 2, '36DD', 'reguler', 36, 1.370, 49.320, 552, '0036(36)', 'G3-20B048A-1-0036', NULL, 'OG3-20B048A-1-0036', '', 'LG3-20B048A-1-0036', NULL, NULL);
INSERT INTO `cutting_detail` VALUES (1184, 2, '36DD', 'reguler', 12, 1.370, 16.440, 552, '0039(12)', 'G3-20B048A-1-0039', NULL, 'OG3-20B048A-1-0039', '', 'LG3-20B048A-1-0039', NULL, NULL);
INSERT INTO `cutting_detail` VALUES (1185, 2, '36DD', 'reguler', 36, 1.370, 49.320, 552, '0035(36)', 'G3-20B048A-1-0035', NULL, 'OG3-20B048A-1-0035', '', 'LG3-20B048A-1-0035', NULL, NULL);
INSERT INTO `cutting_detail` VALUES (1186, 2, '36DD', 'reguler', 36, 1.370, 49.320, 552, '0038(36)', 'G3-20B048A-1-0038', NULL, 'OG3-20B048A-1-0038', '', 'LG3-20B048A-1-0038', NULL, NULL);
INSERT INTO `cutting_detail` VALUES (1187, 2, '36DD', 'reguler', 36, 1.370, 49.320, 552, '0037(36)', 'G3-20B048A-1-0037', NULL, 'OG3-20B048A-1-0037', '', 'LG3-20B048A-1-0037', NULL, NULL);
INSERT INTO `cutting_detail` VALUES (1188, 2, '38C', 'reguler', 36, 1.370, 49.320, 384, '0042(36)', 'G3-20B048A-1-0042', NULL, 'OG3-20B048A-1-0042', '', 'LG3-20B048A-1-0042', NULL, NULL);
INSERT INTO `cutting_detail` VALUES (1189, 2, '38C', 'reguler', 36, 1.370, 49.320, 384, '0041(36)', 'G3-20B048A-1-0041', NULL, 'OG3-20B048A-1-0041', '', 'LG3-20B048A-1-0041', NULL, NULL);
INSERT INTO `cutting_detail` VALUES (1190, 2, '38C', 'reguler', 36, 1.370, 49.320, 384, '0040(36)', 'G3-20B048A-1-0040', NULL, 'OG3-20B048A-1-0040', '', 'LG3-20B048A-1-0040', NULL, NULL);
INSERT INTO `cutting_detail` VALUES (1191, 2, '38C', 'reguler', 36, 1.370, 49.320, 384, '0043(36)', 'G3-20B048A-1-0043', NULL, 'OG3-20B048A-1-0043', '', 'LG3-20B048A-1-0043', NULL, NULL);
INSERT INTO `cutting_detail` VALUES (1192, 2, '38C', 'reguler', 36, 1.370, 49.320, 384, '0044(36)', 'G3-20B048A-1-0044', NULL, 'OG3-20B048A-1-0044', '', 'LG3-20B048A-1-0044', NULL, NULL);
INSERT INTO `cutting_detail` VALUES (1193, 2, '38C', 'reguler', 36, 1.370, 49.320, 384, '0046(36)', 'G3-20B048A-1-0046', NULL, 'OG3-20B048A-1-0046', '', 'LG3-20B048A-1-0046', NULL, NULL);
INSERT INTO `cutting_detail` VALUES (1194, 2, '38C', 'reguler', 36, 1.370, 49.320, 384, '0048(36)', 'G3-20B048A-1-0048', NULL, 'OG3-20B048A-1-0048', '', 'LG3-20B048A-1-0048', NULL, NULL);
INSERT INTO `cutting_detail` VALUES (1195, 2, '38C', 'reguler', 36, 1.370, 49.320, 384, '0045(36)', 'G3-20B048A-1-0045', NULL, 'OG3-20B048A-1-0045', '', 'LG3-20B048A-1-0045', NULL, NULL);
INSERT INTO `cutting_detail` VALUES (1196, 2, '38C', 'reguler', 36, 1.370, 49.320, 384, '0049(36)', 'G3-20B048A-1-0049', NULL, 'OG3-20B048A-1-0049', '', 'LG3-20B048A-1-0049', NULL, NULL);
INSERT INTO `cutting_detail` VALUES (1197, 2, '38C', 'reguler', 24, 1.370, 32.880, 384, '0050(24)', 'G3-20B048A-1-0050', NULL, 'OG3-20B048A-1-0050', '', 'LG3-20B048A-1-0050', NULL, NULL);
INSERT INTO `cutting_detail` VALUES (1198, 2, '38C', 'reguler', 36, 1.370, 49.320, 384, '0047(36)', 'G3-20B048A-1-0047', NULL, 'OG3-20B048A-1-0047', '', 'LG3-20B048A-1-0047', NULL, NULL);
INSERT INTO `cutting_detail` VALUES (1199, 2, '38D', 'reguler', 36, 1.370, 49.320, 804, '0051(36)', 'G3-20B048A-1-0051', NULL, 'OG3-20B048A-1-0051', '', 'LG3-20B048A-1-0051', NULL, NULL);
INSERT INTO `cutting_detail` VALUES (1200, 2, '38D', 'reguler', 36, 1.370, 49.320, 804, '0052(36)', 'G3-20B048A-1-0052', NULL, 'OG3-20B048A-1-0052', '', 'LG3-20B048A-1-0052', NULL, NULL);
INSERT INTO `cutting_detail` VALUES (1201, 2, '38D', 'reguler', 36, 1.370, 49.320, 804, '0053(36)', 'G3-20B048A-1-0053', NULL, 'OG3-20B048A-1-0053', '', 'LG3-20B048A-1-0053', NULL, NULL);
INSERT INTO `cutting_detail` VALUES (1202, 2, '38D', 'reguler', 36, 1.370, 49.320, 804, '0056(36)', 'G3-20B048A-1-0056', NULL, 'OG3-20B048A-1-0056', '', 'LG3-20B048A-1-0056', NULL, NULL);
INSERT INTO `cutting_detail` VALUES (1203, 2, '38D', 'reguler', 36, 1.370, 49.320, 804, '0054(36)', 'G3-20B048A-1-0054', NULL, 'OG3-20B048A-1-0054', '', 'LG3-20B048A-1-0054', NULL, NULL);
INSERT INTO `cutting_detail` VALUES (1204, 2, '38D', 'reguler', 36, 1.370, 49.320, 804, '0055(36)', 'G3-20B048A-1-0055', NULL, 'OG3-20B048A-1-0055', '', 'LG3-20B048A-1-0055', NULL, NULL);
INSERT INTO `cutting_detail` VALUES (1205, 2, '38D', 'reguler', 36, 1.370, 49.320, 804, '0058(36)', 'G3-20B048A-1-0058', NULL, 'OG3-20B048A-1-0058', '', 'LG3-20B048A-1-0058', NULL, NULL);
INSERT INTO `cutting_detail` VALUES (1206, 2, '38D', 'reguler', 36, 1.370, 49.320, 804, '0057(36)', 'G3-20B048A-1-0057', NULL, 'OG3-20B048A-1-0057', '', 'LG3-20B048A-1-0057', NULL, NULL);
INSERT INTO `cutting_detail` VALUES (1207, 2, '38D', 'reguler', 36, 1.370, 49.320, 804, '0060(36)', 'G3-20B048A-1-0060', NULL, 'OG3-20B048A-1-0060', '', 'LG3-20B048A-1-0060', NULL, NULL);
INSERT INTO `cutting_detail` VALUES (1208, 2, '38D', 'reguler', 36, 1.370, 49.320, 804, '0061(36)', 'G3-20B048A-1-0061', NULL, 'OG3-20B048A-1-0061', '', 'LG3-20B048A-1-0061', NULL, NULL);
INSERT INTO `cutting_detail` VALUES (1209, 2, '38D', 'reguler', 36, 1.370, 49.320, 804, '0059(36)', 'G3-20B048A-1-0059', NULL, 'OG3-20B048A-1-0059', '', 'LG3-20B048A-1-0059', NULL, NULL);
INSERT INTO `cutting_detail` VALUES (1210, 2, '38D', 'reguler', 36, 1.370, 49.320, 804, '0062(36)', 'G3-20B048A-1-0062', NULL, 'OG3-20B048A-1-0062', '', 'LG3-20B048A-1-0062', NULL, NULL);
INSERT INTO `cutting_detail` VALUES (1211, 2, '38D', 'reguler', 36, 1.370, 49.320, 804, '0063(36)', 'G3-20B048A-1-0063', NULL, 'OG3-20B048A-1-0063', '', 'LG3-20B048A-1-0063', NULL, NULL);
INSERT INTO `cutting_detail` VALUES (1212, 2, '38D', 'reguler', 36, 1.370, 49.320, 804, '0064(36)', 'G3-20B048A-1-0064', NULL, 'OG3-20B048A-1-0064', '', 'LG3-20B048A-1-0064', NULL, NULL);
INSERT INTO `cutting_detail` VALUES (1213, 2, '38D', 'reguler', 36, 1.370, 49.320, 804, '0065(36)', 'G3-20B048A-1-0065', NULL, 'OG3-20B048A-1-0065', '', 'LG3-20B048A-1-0065', NULL, NULL);
INSERT INTO `cutting_detail` VALUES (1214, 2, '38D', 'reguler', 36, 1.370, 49.320, 804, '0066(36)', 'G3-20B048A-1-0066', NULL, 'OG3-20B048A-1-0066', '', 'LG3-20B048A-1-0066', NULL, NULL);
INSERT INTO `cutting_detail` VALUES (1215, 2, '38D', 'reguler', 36, 1.370, 49.320, 804, '0067(36)', 'G3-20B048A-1-0067', NULL, 'OG3-20B048A-1-0067', '', 'LG3-20B048A-1-0067', NULL, NULL);
INSERT INTO `cutting_detail` VALUES (1216, 2, '38D', 'reguler', 36, 1.370, 49.320, 804, '0069(36)', 'G3-20B048A-1-0069', NULL, 'OG3-20B048A-1-0069', '', 'LG3-20B048A-1-0069', NULL, NULL);
INSERT INTO `cutting_detail` VALUES (1217, 2, '38D', 'reguler', 36, 1.370, 49.320, 804, '0071(36)', 'G3-20B048A-1-0071', NULL, 'OG3-20B048A-1-0071', '', 'LG3-20B048A-1-0071', NULL, NULL);
INSERT INTO `cutting_detail` VALUES (1218, 2, '38D', 'reguler', 36, 1.370, 49.320, 804, '0070(36)', 'G3-20B048A-1-0070', NULL, 'OG3-20B048A-1-0070', '', 'LG3-20B048A-1-0070', NULL, NULL);
INSERT INTO `cutting_detail` VALUES (1219, 2, '38D', 'reguler', 36, 1.370, 49.320, 804, '0072(36)', 'G3-20B048A-1-0072', NULL, 'OG3-20B048A-1-0072', '', 'LG3-20B048A-1-0072', NULL, NULL);
INSERT INTO `cutting_detail` VALUES (1220, 2, '38D', 'reguler', 36, 1.370, 49.320, 804, '0068(36)', 'G3-20B048A-1-0068', NULL, 'OG3-20B048A-1-0068', '', 'LG3-20B048A-1-0068', NULL, NULL);
INSERT INTO `cutting_detail` VALUES (1221, 2, '38D', 'reguler', 12, 1.370, 16.440, 804, '0073(12)', 'G3-20B048A-1-0073', NULL, 'OG3-20B048A-1-0073', '', 'LG3-20B048A-1-0073', NULL, NULL);
INSERT INTO `cutting_detail` VALUES (1222, 2, '38DD', 'reguler', 36, 1.370, 49.320, 744, '0074(36)', 'G3-20B048A-1-0074', NULL, 'OG3-20B048A-1-0074', '', 'LG3-20B048A-1-0074', NULL, NULL);
INSERT INTO `cutting_detail` VALUES (1223, 2, '38DD', 'reguler', 36, 1.370, 49.320, 744, '0077(36)', 'G3-20B048A-1-0077', NULL, 'OG3-20B048A-1-0077', '', 'LG3-20B048A-1-0077', NULL, NULL);
INSERT INTO `cutting_detail` VALUES (1224, 2, '38DD', 'reguler', 36, 1.370, 49.320, 744, '0078(36)', 'G3-20B048A-1-0078', NULL, 'OG3-20B048A-1-0078', '', 'LG3-20B048A-1-0078', NULL, NULL);
INSERT INTO `cutting_detail` VALUES (1225, 2, '38DD', 'reguler', 36, 1.370, 49.320, 744, '0076(36)', 'G3-20B048A-1-0076', NULL, 'OG3-20B048A-1-0076', '', 'LG3-20B048A-1-0076', NULL, NULL);
INSERT INTO `cutting_detail` VALUES (1226, 2, '38DD', 'reguler', 36, 1.370, 49.320, 744, '0075(36)', 'G3-20B048A-1-0075', NULL, 'OG3-20B048A-1-0075', '', 'LG3-20B048A-1-0075', NULL, NULL);
INSERT INTO `cutting_detail` VALUES (1227, 2, '38DD', 'reguler', 36, 1.370, 49.320, 744, '0080(36)', 'G3-20B048A-1-0080', NULL, 'OG3-20B048A-1-0080', '', 'LG3-20B048A-1-0080', NULL, NULL);
INSERT INTO `cutting_detail` VALUES (1228, 2, '38DD', 'reguler', 36, 1.370, 49.320, 744, '0079(36)', 'G3-20B048A-1-0079', NULL, 'OG3-20B048A-1-0079', '', 'LG3-20B048A-1-0079', NULL, NULL);
INSERT INTO `cutting_detail` VALUES (1229, 2, '38DD', 'reguler', 36, 1.370, 49.320, 744, '0082(36)', 'G3-20B048A-1-0082', NULL, 'OG3-20B048A-1-0082', '', 'LG3-20B048A-1-0082', NULL, NULL);
INSERT INTO `cutting_detail` VALUES (1230, 2, '38DD', 'reguler', 36, 1.370, 49.320, 744, '0086(36)', 'G3-20B048A-1-0086', NULL, 'OG3-20B048A-1-0086', '', 'LG3-20B048A-1-0086', NULL, NULL);
INSERT INTO `cutting_detail` VALUES (1231, 2, '38DD', 'reguler', 36, 1.370, 49.320, 744, '0081(36)', 'G3-20B048A-1-0081', NULL, 'OG3-20B048A-1-0081', '', 'LG3-20B048A-1-0081', NULL, NULL);
INSERT INTO `cutting_detail` VALUES (1232, 2, '38DD', 'reguler', 36, 1.370, 49.320, 744, '0084(36)', 'G3-20B048A-1-0084', NULL, 'OG3-20B048A-1-0084', '', 'LG3-20B048A-1-0084', NULL, NULL);
INSERT INTO `cutting_detail` VALUES (1233, 2, '38DD', 'reguler', 36, 1.370, 49.320, 744, '0087(36)', 'G3-20B048A-1-0087', NULL, 'OG3-20B048A-1-0087', '', 'LG3-20B048A-1-0087', NULL, NULL);
INSERT INTO `cutting_detail` VALUES (1234, 2, '38DD', 'reguler', 36, 1.370, 49.320, 744, '0083(36)', 'G3-20B048A-1-0083', NULL, 'OG3-20B048A-1-0083', '', 'LG3-20B048A-1-0083', NULL, NULL);
INSERT INTO `cutting_detail` VALUES (1235, 2, '38DD', 'reguler', 36, 1.370, 49.320, 744, '0090(36)', 'G3-20B048A-1-0090', NULL, 'OG3-20B048A-1-0090', '', 'LG3-20B048A-1-0090', NULL, NULL);
INSERT INTO `cutting_detail` VALUES (1236, 2, '38DD', 'reguler', 36, 1.370, 49.320, 744, '0091(36)', 'G3-20B048A-1-0091', NULL, 'OG3-20B048A-1-0091', '', 'LG3-20B048A-1-0091', NULL, NULL);
INSERT INTO `cutting_detail` VALUES (1237, 2, '38DD', 'reguler', 36, 1.370, 49.320, 744, '0085(36)', 'G3-20B048A-1-0085', NULL, 'OG3-20B048A-1-0085', '', 'LG3-20B048A-1-0085', NULL, NULL);
INSERT INTO `cutting_detail` VALUES (1238, 2, '38DD', 'reguler', 36, 1.370, 49.320, 744, '0092(36)', 'G3-20B048A-1-0092', NULL, 'OG3-20B048A-1-0092', '', 'LG3-20B048A-1-0092', NULL, NULL);
INSERT INTO `cutting_detail` VALUES (1239, 2, '38DD', 'reguler', 36, 1.370, 49.320, 744, '0089(36)', 'G3-20B048A-1-0089', NULL, 'OG3-20B048A-1-0089', '', 'LG3-20B048A-1-0089', NULL, NULL);
INSERT INTO `cutting_detail` VALUES (1240, 2, '38DD', 'reguler', 36, 1.370, 49.320, 744, '0088(36)', 'G3-20B048A-1-0088', NULL, 'OG3-20B048A-1-0088', '', 'LG3-20B048A-1-0088', NULL, NULL);
INSERT INTO `cutting_detail` VALUES (1241, 2, '38DD', 'reguler', 24, 1.370, 32.880, 744, '0094(24)', 'G3-20B048A-1-0094', NULL, 'OG3-20B048A-1-0094', '', 'LG3-20B048A-1-0094', NULL, NULL);
INSERT INTO `cutting_detail` VALUES (1242, 2, '40C', 'reguler', 36, 1.370, 49.320, 540, '0095(36)', 'G3-20B048A-1-0095', NULL, 'OG3-20B048A-1-0095', '', 'LG3-20B048A-1-0095', NULL, NULL);
INSERT INTO `cutting_detail` VALUES (1243, 2, '38DD', 'reguler', 36, 1.370, 49.320, 744, '0093(36)', 'G3-20B048A-1-0093', NULL, 'OG3-20B048A-1-0093', '', 'LG3-20B048A-1-0093', NULL, NULL);
INSERT INTO `cutting_detail` VALUES (1244, 2, '40C', 'reguler', 36, 1.370, 49.320, 540, '0096(36)', 'G3-20B048A-1-0096', NULL, 'OG3-20B048A-1-0096', '', 'LG3-20B048A-1-0096', NULL, NULL);
INSERT INTO `cutting_detail` VALUES (1245, 2, '40C', 'reguler', 36, 1.370, 49.320, 540, '0098(36)', 'G3-20B048A-1-0098', NULL, 'OG3-20B048A-1-0098', '', 'LG3-20B048A-1-0098', NULL, NULL);
INSERT INTO `cutting_detail` VALUES (1246, 2, '40C', 'reguler', 36, 1.370, 49.320, 540, '0099(36)', 'G3-20B048A-1-0099', NULL, 'OG3-20B048A-1-0099', '', 'LG3-20B048A-1-0099', NULL, NULL);
INSERT INTO `cutting_detail` VALUES (1247, 2, '40C', 'reguler', 36, 1.370, 49.320, 540, '0097(36)', 'G3-20B048A-1-0097', NULL, 'OG3-20B048A-1-0097', '', 'LG3-20B048A-1-0097', NULL, NULL);
INSERT INTO `cutting_detail` VALUES (1248, 2, '40C', 'reguler', 36, 1.370, 49.320, 540, '0103(36)', 'G3-20B048A-1-0103', NULL, 'OG3-20B048A-1-0103', '', 'LG3-20B048A-1-0103', NULL, NULL);
INSERT INTO `cutting_detail` VALUES (1249, 2, '40C', 'reguler', 36, 1.370, 49.320, 540, '0104(36)', 'G3-20B048A-1-0104', NULL, 'OG3-20B048A-1-0104', '', 'LG3-20B048A-1-0104', NULL, NULL);
INSERT INTO `cutting_detail` VALUES (1250, 2, '40C', 'reguler', 36, 1.370, 49.320, 540, '0106(36)', 'G3-20B048A-1-0106', NULL, 'OG3-20B048A-1-0106', '', 'LG3-20B048A-1-0106', NULL, NULL);
INSERT INTO `cutting_detail` VALUES (1251, 2, '40C', 'reguler', 36, 1.370, 49.320, 540, '0100(36)', 'G3-20B048A-1-0100', NULL, 'OG3-20B048A-1-0100', '', 'LG3-20B048A-1-0100', NULL, NULL);
INSERT INTO `cutting_detail` VALUES (1252, 2, '40C', 'reguler', 36, 1.370, 49.320, 540, '0102(36)', 'G3-20B048A-1-0102', NULL, 'OG3-20B048A-1-0102', '', 'LG3-20B048A-1-0102', NULL, NULL);
INSERT INTO `cutting_detail` VALUES (1253, 2, '40C', 'reguler', 36, 1.370, 49.320, 540, '0101(36)', 'G3-20B048A-1-0101', NULL, 'OG3-20B048A-1-0101', '', 'LG3-20B048A-1-0101', NULL, NULL);
INSERT INTO `cutting_detail` VALUES (1254, 2, '40D', 'reguler', 36, 1.370, 49.320, 816, '0111(36)', 'G3-20B048A-1-0111', NULL, 'OG3-20B048A-1-0111', '', 'LG3-20B048A-1-0111', NULL, NULL);
INSERT INTO `cutting_detail` VALUES (1255, 2, '40C', 'reguler', 36, 1.370, 49.320, 540, '0109(36)', 'G3-20B048A-1-0109', NULL, 'OG3-20B048A-1-0109', '', 'LG3-20B048A-1-0109', NULL, NULL);
INSERT INTO `cutting_detail` VALUES (1256, 2, '40C', 'reguler', 36, 1.370, 49.320, 540, '0105(36)', 'G3-20B048A-1-0105', NULL, 'OG3-20B048A-1-0105', '', 'LG3-20B048A-1-0105', NULL, NULL);
INSERT INTO `cutting_detail` VALUES (1257, 2, '40D', 'reguler', 36, 1.370, 49.320, 816, '0113(36)', 'G3-20B048A-1-0113', NULL, 'OG3-20B048A-1-0113', '', 'LG3-20B048A-1-0113', NULL, NULL);
INSERT INTO `cutting_detail` VALUES (1258, 2, '40C', 'reguler', 36, 1.370, 49.320, 540, '0107(36)', 'G3-20B048A-1-0107', NULL, 'OG3-20B048A-1-0107', '', 'LG3-20B048A-1-0107', NULL, NULL);
INSERT INTO `cutting_detail` VALUES (1259, 2, '40C', 'reguler', 36, 1.370, 49.320, 540, '0108(36)', 'G3-20B048A-1-0108', NULL, 'OG3-20B048A-1-0108', '', 'LG3-20B048A-1-0108', NULL, NULL);
INSERT INTO `cutting_detail` VALUES (1260, 2, '40D', 'reguler', 36, 1.370, 49.320, 816, '0112(36)', 'G3-20B048A-1-0112', NULL, 'OG3-20B048A-1-0112', '', 'LG3-20B048A-1-0112', NULL, NULL);
INSERT INTO `cutting_detail` VALUES (1261, 2, '40D', 'reguler', 36, 1.370, 49.320, 816, '0114(36)', 'G3-20B048A-1-0114', NULL, 'OG3-20B048A-1-0114', '', 'LG3-20B048A-1-0114', NULL, NULL);
INSERT INTO `cutting_detail` VALUES (1262, 2, '40D', 'reguler', 36, 1.370, 49.320, 816, '0115(36)', 'G3-20B048A-1-0115', NULL, 'OG3-20B048A-1-0115', '', 'LG3-20B048A-1-0115', NULL, NULL);
INSERT INTO `cutting_detail` VALUES (1263, 2, '40D', 'reguler', 36, 1.370, 49.320, 816, '0119(36)', 'G3-20B048A-1-0119', NULL, 'OG3-20B048A-1-0119', '', 'LG3-20B048A-1-0119', NULL, NULL);
INSERT INTO `cutting_detail` VALUES (1264, 2, '40D', 'reguler', 36, 1.370, 49.320, 816, '0116(36)', 'G3-20B048A-1-0116', NULL, 'OG3-20B048A-1-0116', '', 'LG3-20B048A-1-0116', NULL, NULL);
INSERT INTO `cutting_detail` VALUES (1265, 2, '40D', 'reguler', 36, 1.370, 49.320, 816, '0110(36)', 'G3-20B048A-1-0110', NULL, 'OG3-20B048A-1-0110', '', 'LG3-20B048A-1-0110', NULL, NULL);
INSERT INTO `cutting_detail` VALUES (1266, 2, '40D', 'reguler', 36, 1.370, 49.320, 816, '0118(36)', 'G3-20B048A-1-0118', NULL, 'OG3-20B048A-1-0118', '', 'LG3-20B048A-1-0118', NULL, NULL);
INSERT INTO `cutting_detail` VALUES (1267, 2, '40D', 'reguler', 36, 1.370, 49.320, 816, '0123(36)', 'G3-20B048A-1-0123', NULL, 'OG3-20B048A-1-0123', '', 'LG3-20B048A-1-0123', NULL, NULL);
INSERT INTO `cutting_detail` VALUES (1268, 2, '40D', 'reguler', 36, 1.370, 49.320, 816, '0120(36)', 'G3-20B048A-1-0120', NULL, 'OG3-20B048A-1-0120', '', 'LG3-20B048A-1-0120', NULL, NULL);
INSERT INTO `cutting_detail` VALUES (1269, 2, '40D', 'reguler', 36, 1.370, 49.320, 816, '0124(36)', 'G3-20B048A-1-0124', NULL, 'OG3-20B048A-1-0124', '', 'LG3-20B048A-1-0124', NULL, NULL);
INSERT INTO `cutting_detail` VALUES (1270, 2, '40D', 'reguler', 36, 1.370, 49.320, 816, '0121(36)', 'G3-20B048A-1-0121', NULL, 'OG3-20B048A-1-0121', '', 'LG3-20B048A-1-0121', NULL, NULL);
INSERT INTO `cutting_detail` VALUES (1271, 2, '40D', 'reguler', 36, 1.370, 49.320, 816, '0117(36)', 'G3-20B048A-1-0117', NULL, 'OG3-20B048A-1-0117', '', 'LG3-20B048A-1-0117', NULL, NULL);
INSERT INTO `cutting_detail` VALUES (1272, 2, '40D', 'reguler', 36, 1.370, 49.320, 816, '0131(36)', 'G3-20B048A-1-0131', NULL, 'OG3-20B048A-1-0131', '', 'LG3-20B048A-1-0131', NULL, NULL);
INSERT INTO `cutting_detail` VALUES (1273, 2, '40D', 'reguler', 36, 1.370, 49.320, 816, '0122(36)', 'G3-20B048A-1-0122', NULL, 'OG3-20B048A-1-0122', '', 'LG3-20B048A-1-0122', NULL, NULL);
INSERT INTO `cutting_detail` VALUES (1274, 2, '40D', 'reguler', 36, 1.370, 49.320, 816, '0126(36)', 'G3-20B048A-1-0126', NULL, 'OG3-20B048A-1-0126', '', 'LG3-20B048A-1-0126', NULL, NULL);
INSERT INTO `cutting_detail` VALUES (1275, 2, '40D', 'reguler', 36, 1.370, 49.320, 816, '0125(36)', 'G3-20B048A-1-0125', NULL, 'OG3-20B048A-1-0125', '', 'LG3-20B048A-1-0125', NULL, NULL);
INSERT INTO `cutting_detail` VALUES (1276, 2, '40D', 'reguler', 36, 1.370, 49.320, 816, '0128(36)', 'G3-20B048A-1-0128', NULL, 'OG3-20B048A-1-0128', '', 'LG3-20B048A-1-0128', NULL, NULL);
INSERT INTO `cutting_detail` VALUES (1277, 2, '40D', 'reguler', 36, 1.370, 49.320, 816, '0127(36)', 'G3-20B048A-1-0127', NULL, 'OG3-20B048A-1-0127', '', 'LG3-20B048A-1-0127', NULL, NULL);
INSERT INTO `cutting_detail` VALUES (1278, 2, '40D', 'reguler', 24, 1.370, 32.880, 816, '0132(24)', 'G3-20B048A-1-0132', NULL, 'OG3-20B048A-1-0132', '', 'LG3-20B048A-1-0132', NULL, NULL);
INSERT INTO `cutting_detail` VALUES (1279, 2, '40DD', 'big', 36, 1.370, 49.320, 816, '0133(36)', 'G3-20B048A-1-0133', NULL, 'OG3-20B048A-1-0133', '', 'LG3-20B048A-1-0133', NULL, NULL);
INSERT INTO `cutting_detail` VALUES (1280, 2, '40DD', 'big', 36, 1.370, 49.320, 816, '0134(36)', 'G3-20B048A-1-0134', NULL, 'OG3-20B048A-1-0134', '', 'LG3-20B048A-1-0134', NULL, NULL);
INSERT INTO `cutting_detail` VALUES (1281, 2, '40D', 'reguler', 36, 1.370, 49.320, 816, '0129(36)', 'G3-20B048A-1-0129', NULL, 'OG3-20B048A-1-0129', '', 'LG3-20B048A-1-0129', NULL, NULL);
INSERT INTO `cutting_detail` VALUES (1282, 2, '40D', 'reguler', 36, 1.370, 49.320, 816, '0130(36)', 'G3-20B048A-1-0130', NULL, 'OG3-20B048A-1-0130', '', 'LG3-20B048A-1-0130', NULL, NULL);
INSERT INTO `cutting_detail` VALUES (1283, 2, '40DD', 'big', 36, 1.370, 49.320, 816, '0136(36)', 'G3-20B048A-1-0136', NULL, 'OG3-20B048A-1-0136', '', 'LG3-20B048A-1-0136', NULL, NULL);
INSERT INTO `cutting_detail` VALUES (1284, 2, '40DD', 'big', 36, 1.370, 49.320, 816, '0141(36)', 'G3-20B048A-1-0141', NULL, 'OG3-20B048A-1-0141', '', 'LG3-20B048A-1-0141', NULL, NULL);
INSERT INTO `cutting_detail` VALUES (1285, 2, '40DD', 'big', 36, 1.370, 49.320, 816, '0140(36)', 'G3-20B048A-1-0140', NULL, 'OG3-20B048A-1-0140', '', 'LG3-20B048A-1-0140', NULL, NULL);
INSERT INTO `cutting_detail` VALUES (1286, 2, '40DD', 'big', 36, 1.370, 49.320, 816, '0135(36)', 'G3-20B048A-1-0135', NULL, 'OG3-20B048A-1-0135', '', 'LG3-20B048A-1-0135', NULL, NULL);
INSERT INTO `cutting_detail` VALUES (1287, 2, '40DD', 'big', 36, 1.370, 49.320, 816, '0139(36)', 'G3-20B048A-1-0139', NULL, 'OG3-20B048A-1-0139', '', 'LG3-20B048A-1-0139', NULL, NULL);
INSERT INTO `cutting_detail` VALUES (1288, 2, '40DD', 'big', 36, 1.370, 49.320, 816, '0138(36)', 'G3-20B048A-1-0138', NULL, 'OG3-20B048A-1-0138', '', 'LG3-20B048A-1-0138', NULL, NULL);
INSERT INTO `cutting_detail` VALUES (1289, 2, '40DD', 'big', 36, 1.370, 49.320, 816, '0137(36)', 'G3-20B048A-1-0137', NULL, 'OG3-20B048A-1-0137', '', 'LG3-20B048A-1-0137', NULL, NULL);
INSERT INTO `cutting_detail` VALUES (1290, 2, '40DD', 'big', 36, 1.370, 49.320, 816, '0146(36)', 'G3-20B048A-1-0146', NULL, 'OG3-20B048A-1-0146', '', 'LG3-20B048A-1-0146', NULL, NULL);
INSERT INTO `cutting_detail` VALUES (1291, 2, '40DD', 'big', 36, 1.370, 49.320, 816, '0145(36)', 'G3-20B048A-1-0145', NULL, 'OG3-20B048A-1-0145', '', 'LG3-20B048A-1-0145', NULL, NULL);
INSERT INTO `cutting_detail` VALUES (1292, 2, '40DD', 'big', 36, 1.370, 49.320, 816, '0147(36)', 'G3-20B048A-1-0147', NULL, 'OG3-20B048A-1-0147', '', 'LG3-20B048A-1-0147', NULL, NULL);
INSERT INTO `cutting_detail` VALUES (1293, 2, '40DD', 'big', 36, 1.370, 49.320, 816, '0142(36)', 'G3-20B048A-1-0142', NULL, 'OG3-20B048A-1-0142', '', 'LG3-20B048A-1-0142', NULL, NULL);
INSERT INTO `cutting_detail` VALUES (1294, 2, '40DD', 'big', 36, 1.370, 49.320, 816, '0143(36)', 'G3-20B048A-1-0143', NULL, 'OG3-20B048A-1-0143', '', 'LG3-20B048A-1-0143', NULL, NULL);
INSERT INTO `cutting_detail` VALUES (1295, 2, '40DD', 'big', 36, 1.370, 49.320, 816, '0144(36)', 'G3-20B048A-1-0144', NULL, 'OG3-20B048A-1-0144', '', 'LG3-20B048A-1-0144', NULL, NULL);
INSERT INTO `cutting_detail` VALUES (1296, 2, '40DD', 'big', 36, 1.370, 49.320, 816, '0150(36)', 'G3-20B048A-1-0150', NULL, 'OG3-20B048A-1-0150', '', 'LG3-20B048A-1-0150', NULL, NULL);
INSERT INTO `cutting_detail` VALUES (1297, 2, '40DD', 'big', 36, 1.370, 49.320, 816, '0148(36)', 'G3-20B048A-1-0148', NULL, 'OG3-20B048A-1-0148', '', 'LG3-20B048A-1-0148', NULL, NULL);
INSERT INTO `cutting_detail` VALUES (1298, 2, '40DD', 'big', 36, 1.370, 49.320, 816, '0151(36)', 'G3-20B048A-1-0151', NULL, 'OG3-20B048A-1-0151', '', 'LG3-20B048A-1-0151', NULL, NULL);
INSERT INTO `cutting_detail` VALUES (1299, 2, '40DD', 'big', 36, 1.370, 49.320, 816, '0149(36)', 'G3-20B048A-1-0149', NULL, 'OG3-20B048A-1-0149', '', 'LG3-20B048A-1-0149', NULL, NULL);
INSERT INTO `cutting_detail` VALUES (1300, 2, '40DD', 'big', 36, 1.370, 49.320, 816, '0152(36)', 'G3-20B048A-1-0152', NULL, 'OG3-20B048A-1-0152', '', 'LG3-20B048A-1-0152', NULL, NULL);
INSERT INTO `cutting_detail` VALUES (1301, 2, '40DD', 'big', 36, 1.370, 49.320, 816, '0153(36)', 'G3-20B048A-1-0153', NULL, 'OG3-20B048A-1-0153', '', 'LG3-20B048A-1-0153', NULL, NULL);
INSERT INTO `cutting_detail` VALUES (1302, 2, '42C', 'reguler', 36, 1.370, 49.320, 456, '0159(36)', 'G3-20B048A-1-0159', NULL, 'OG3-20B048A-1-0159', '', 'LG3-20B048A-1-0159', NULL, NULL);
INSERT INTO `cutting_detail` VALUES (1303, 2, '42C', 'reguler', 36, 1.370, 49.320, 456, '0156(36)', 'G3-20B048A-1-0156', NULL, 'OG3-20B048A-1-0156', '', 'LG3-20B048A-1-0156', NULL, NULL);
INSERT INTO `cutting_detail` VALUES (1304, 2, '42C', 'reguler', 36, 1.370, 49.320, 456, '0157(36)', 'G3-20B048A-1-0157', NULL, 'OG3-20B048A-1-0157', '', 'LG3-20B048A-1-0157', NULL, NULL);
INSERT INTO `cutting_detail` VALUES (1305, 2, '42C', 'reguler', 36, 1.370, 49.320, 456, '0158(36)', 'G3-20B048A-1-0158', NULL, 'OG3-20B048A-1-0158', '', 'LG3-20B048A-1-0158', NULL, NULL);
INSERT INTO `cutting_detail` VALUES (1306, 2, '40DD', 'big', 24, 1.370, 32.880, 816, '0155(24)', 'G3-20B048A-1-0155', NULL, 'OG3-20B048A-1-0155', '', 'LG3-20B048A-1-0155', NULL, NULL);
INSERT INTO `cutting_detail` VALUES (1307, 2, '40DD', 'big', 36, 1.370, 49.320, 816, '0154(36)', 'G3-20B048A-1-0154', NULL, 'OG3-20B048A-1-0154', '', 'LG3-20B048A-1-0154', NULL, NULL);
INSERT INTO `cutting_detail` VALUES (1308, 2, '42C', 'reguler', 36, 1.370, 49.320, 456, '0160(36)', 'G3-20B048A-1-0160', NULL, 'OG3-20B048A-1-0160', '', 'LG3-20B048A-1-0160', NULL, NULL);
INSERT INTO `cutting_detail` VALUES (1309, 2, '42C', 'reguler', 36, 1.370, 49.320, 456, '0165(36)', 'G3-20B048A-1-0165', NULL, 'OG3-20B048A-1-0165', '', 'LG3-20B048A-1-0165', NULL, NULL);
INSERT INTO `cutting_detail` VALUES (1310, 2, '42C', 'reguler', 36, 1.370, 49.320, 456, '0161(36)', 'G3-20B048A-1-0161', NULL, 'OG3-20B048A-1-0161', '', 'LG3-20B048A-1-0161', NULL, NULL);
INSERT INTO `cutting_detail` VALUES (1311, 2, '42C', 'reguler', 36, 1.370, 49.320, 456, '0162(36)', 'G3-20B048A-1-0162', NULL, 'OG3-20B048A-1-0162', '', 'LG3-20B048A-1-0162', NULL, NULL);
INSERT INTO `cutting_detail` VALUES (1312, 2, '42C', 'reguler', 36, 1.370, 49.320, 456, '0164(36)', 'G3-20B048A-1-0164', NULL, 'OG3-20B048A-1-0164', '', 'LG3-20B048A-1-0164', NULL, NULL);
INSERT INTO `cutting_detail` VALUES (1313, 2, '42C', 'reguler', 36, 1.370, 49.320, 456, '0163(36)', 'G3-20B048A-1-0163', NULL, 'OG3-20B048A-1-0163', '', 'LG3-20B048A-1-0163', NULL, NULL);
INSERT INTO `cutting_detail` VALUES (1314, 2, '42C', 'reguler', 36, 1.370, 49.320, 456, '0166(36)', 'G3-20B048A-1-0166', NULL, 'OG3-20B048A-1-0166', '', 'LG3-20B048A-1-0166', NULL, NULL);
INSERT INTO `cutting_detail` VALUES (1315, 2, '42D', 'big', 36, 1.370, 49.320, 876, '0172(36)', 'G3-20B048A-1-0172', NULL, 'OG3-20B048A-1-0172', '', 'LG3-20B048A-1-0172', NULL, NULL);
INSERT INTO `cutting_detail` VALUES (1316, 2, '42D', 'big', 36, 1.370, 49.320, 876, '0169(36)', 'G3-20B048A-1-0169', NULL, 'OG3-20B048A-1-0169', '', 'LG3-20B048A-1-0169', NULL, NULL);
INSERT INTO `cutting_detail` VALUES (1317, 2, '42D', 'big', 36, 1.370, 49.320, 876, '0171(36)', 'G3-20B048A-1-0171', NULL, 'OG3-20B048A-1-0171', '', 'LG3-20B048A-1-0171', NULL, NULL);
INSERT INTO `cutting_detail` VALUES (1318, 2, '42C', 'reguler', 36, 1.370, 49.320, 456, '0167(36)', 'G3-20B048A-1-0167', NULL, 'OG3-20B048A-1-0167', '', 'LG3-20B048A-1-0167', NULL, NULL);
INSERT INTO `cutting_detail` VALUES (1319, 2, '42C', 'reguler', 24, 1.370, 32.880, 456, '0168(24)', 'G3-20B048A-1-0168', NULL, 'OG3-20B048A-1-0168', '', 'LG3-20B048A-1-0168', NULL, NULL);
INSERT INTO `cutting_detail` VALUES (1320, 2, '42D', 'big', 36, 1.370, 49.320, 876, '0170(36)', 'G3-20B048A-1-0170', NULL, 'OG3-20B048A-1-0170', '', 'LG3-20B048A-1-0170', NULL, NULL);
INSERT INTO `cutting_detail` VALUES (1321, 2, '42D', 'big', 36, 1.370, 49.320, 876, '0173(36)', 'G3-20B048A-1-0173', NULL, 'OG3-20B048A-1-0173', '', 'LG3-20B048A-1-0173', NULL, NULL);
INSERT INTO `cutting_detail` VALUES (1322, 2, '42D', 'big', 36, 1.370, 49.320, 876, '0175(36)', 'G3-20B048A-1-0175', NULL, 'OG3-20B048A-1-0175', '', 'LG3-20B048A-1-0175', NULL, NULL);
INSERT INTO `cutting_detail` VALUES (1323, 2, '42D', 'big', 36, 1.370, 49.320, 876, '0176(36)', 'G3-20B048A-1-0176', NULL, 'OG3-20B048A-1-0176', '', 'LG3-20B048A-1-0176', NULL, NULL);
INSERT INTO `cutting_detail` VALUES (1324, 2, '42D', 'big', 36, 1.370, 49.320, 876, '0177(36)', 'G3-20B048A-1-0177', NULL, 'OG3-20B048A-1-0177', '', 'LG3-20B048A-1-0177', NULL, NULL);
INSERT INTO `cutting_detail` VALUES (1325, 2, '42D', 'big', 36, 1.370, 49.320, 876, '0174(36)', 'G3-20B048A-1-0174', NULL, 'OG3-20B048A-1-0174', '', 'LG3-20B048A-1-0174', NULL, NULL);
INSERT INTO `cutting_detail` VALUES (1326, 2, '42D', 'big', 36, 1.370, 49.320, 876, '0178(36)', 'G3-20B048A-1-0178', NULL, 'OG3-20B048A-1-0178', '', 'LG3-20B048A-1-0178', NULL, NULL);
INSERT INTO `cutting_detail` VALUES (1327, 2, '42D', 'big', 36, 1.370, 49.320, 876, '0185(36)', 'G3-20B048A-1-0185', NULL, 'OG3-20B048A-1-0185', '', 'LG3-20B048A-1-0185', NULL, NULL);
INSERT INTO `cutting_detail` VALUES (1328, 2, '42D', 'big', 36, 1.370, 49.320, 876, '0179(36)', 'G3-20B048A-1-0179', NULL, 'OG3-20B048A-1-0179', '', 'LG3-20B048A-1-0179', NULL, NULL);
INSERT INTO `cutting_detail` VALUES (1329, 2, '42D', 'big', 36, 1.370, 49.320, 876, '0184(36)', 'G3-20B048A-1-0184', NULL, 'OG3-20B048A-1-0184', '', 'LG3-20B048A-1-0184', NULL, NULL);
INSERT INTO `cutting_detail` VALUES (1330, 2, '42D', 'big', 36, 1.370, 49.320, 876, '0180(36)', 'G3-20B048A-1-0180', NULL, 'OG3-20B048A-1-0180', '', 'LG3-20B048A-1-0180', NULL, NULL);
INSERT INTO `cutting_detail` VALUES (1331, 2, '42D', 'big', 36, 1.370, 49.320, 876, '0183(36)', 'G3-20B048A-1-0183', NULL, 'OG3-20B048A-1-0183', '', 'LG3-20B048A-1-0183', NULL, NULL);
INSERT INTO `cutting_detail` VALUES (1332, 2, '42D', 'big', 36, 1.370, 49.320, 876, '0181(36)', 'G3-20B048A-1-0181', NULL, 'OG3-20B048A-1-0181', '', 'LG3-20B048A-1-0181', NULL, NULL);
INSERT INTO `cutting_detail` VALUES (1333, 2, '42D', 'big', 36, 1.370, 49.320, 876, '0187(36)', 'G3-20B048A-1-0187', NULL, 'OG3-20B048A-1-0187', '', 'LG3-20B048A-1-0187', NULL, NULL);
INSERT INTO `cutting_detail` VALUES (1334, 2, '42D', 'big', 36, 1.370, 49.320, 876, '0182(36)', 'G3-20B048A-1-0182', NULL, 'OG3-20B048A-1-0182', '', 'LG3-20B048A-1-0182', NULL, NULL);
INSERT INTO `cutting_detail` VALUES (1335, 2, '42D', 'big', 36, 1.370, 49.320, 876, '0188(36)', 'G3-20B048A-1-0188', NULL, 'OG3-20B048A-1-0188', '', 'LG3-20B048A-1-0188', NULL, NULL);
INSERT INTO `cutting_detail` VALUES (1336, 2, '42D', 'big', 36, 1.370, 49.320, 876, '0190(36)', 'G3-20B048A-1-0190', NULL, 'OG3-20B048A-1-0190', '', 'LG3-20B048A-1-0190', NULL, NULL);
INSERT INTO `cutting_detail` VALUES (1337, 2, '42D', 'big', 36, 1.370, 49.320, 876, '0186(36)', 'G3-20B048A-1-0186', NULL, 'OG3-20B048A-1-0186', '', 'LG3-20B048A-1-0186', NULL, NULL);
INSERT INTO `cutting_detail` VALUES (1338, 2, '42D', 'big', 36, 1.370, 49.320, 876, '0189(36)', 'G3-20B048A-1-0189', NULL, 'OG3-20B048A-1-0189', '', 'LG3-20B048A-1-0189', NULL, NULL);
INSERT INTO `cutting_detail` VALUES (1339, 2, '42D', 'big', 36, 1.370, 49.320, 876, '0192(36)', 'G3-20B048A-1-0192', NULL, 'OG3-20B048A-1-0192', '', 'LG3-20B048A-1-0192', NULL, NULL);
INSERT INTO `cutting_detail` VALUES (1340, 2, '42D', 'big', 36, 1.370, 49.320, 876, '0191(36)', 'G3-20B048A-1-0191', NULL, 'OG3-20B048A-1-0191', '', 'LG3-20B048A-1-0191', NULL, NULL);
INSERT INTO `cutting_detail` VALUES (1341, 2, '42DD', 'big', 36, 1.370, 49.320, 804, '0196(36)', 'G3-20B048A-1-0196', NULL, 'OG3-20B048A-1-0196', '', 'LG3-20B048A-1-0196', NULL, NULL);
INSERT INTO `cutting_detail` VALUES (1342, 2, '42DD', 'big', 36, 1.370, 49.320, 804, '0195(36)', 'G3-20B048A-1-0195', NULL, 'OG3-20B048A-1-0195', '', 'LG3-20B048A-1-0195', NULL, NULL);
INSERT INTO `cutting_detail` VALUES (1343, 2, '42DD', 'big', 36, 1.370, 49.320, 804, '0194(36)', 'G3-20B048A-1-0194', NULL, 'OG3-20B048A-1-0194', '', 'LG3-20B048A-1-0194', NULL, NULL);
INSERT INTO `cutting_detail` VALUES (1344, 2, '42D', 'big', 12, 1.370, 16.440, 876, '0193(12)', 'G3-20B048A-1-0193', NULL, 'OG3-20B048A-1-0193', '', 'LG3-20B048A-1-0193', NULL, NULL);
INSERT INTO `cutting_detail` VALUES (1345, 2, '42DD', 'big', 36, 1.370, 49.320, 804, '0200(36)', 'G3-20B048A-1-0200', NULL, 'OG3-20B048A-1-0200', '', 'LG3-20B048A-1-0200', NULL, NULL);
INSERT INTO `cutting_detail` VALUES (1346, 2, '42DD', 'big', 36, 1.370, 49.320, 804, '0199(36)', 'G3-20B048A-1-0199', NULL, 'OG3-20B048A-1-0199', '', 'LG3-20B048A-1-0199', NULL, NULL);
INSERT INTO `cutting_detail` VALUES (1347, 2, '42DD', 'big', 36, 1.370, 49.320, 804, '0203(36)', 'G3-20B048A-1-0203', NULL, 'OG3-20B048A-1-0203', '', 'LG3-20B048A-1-0203', NULL, NULL);
INSERT INTO `cutting_detail` VALUES (1348, 2, '42DD', 'big', 36, 1.370, 49.320, 804, '0198(36)', 'G3-20B048A-1-0198', NULL, 'OG3-20B048A-1-0198', '', 'LG3-20B048A-1-0198', NULL, NULL);
INSERT INTO `cutting_detail` VALUES (1349, 2, '42DD', 'big', 36, 1.370, 49.320, 804, '0201(36)', 'G3-20B048A-1-0201', NULL, 'OG3-20B048A-1-0201', '', 'LG3-20B048A-1-0201', NULL, NULL);
INSERT INTO `cutting_detail` VALUES (1350, 2, '42DD', 'big', 36, 1.370, 49.320, 804, '0197(36)', 'G3-20B048A-1-0197', NULL, 'OG3-20B048A-1-0197', '', 'LG3-20B048A-1-0197', NULL, NULL);
INSERT INTO `cutting_detail` VALUES (1351, 2, '42DD', 'big', 36, 1.370, 49.320, 804, '0206(36)', 'G3-20B048A-1-0206', NULL, 'OG3-20B048A-1-0206', '', 'LG3-20B048A-1-0206', NULL, NULL);
INSERT INTO `cutting_detail` VALUES (1352, 2, '42DD', 'big', 36, 1.370, 49.320, 804, '0202(36)', 'G3-20B048A-1-0202', NULL, 'OG3-20B048A-1-0202', '', 'LG3-20B048A-1-0202', NULL, NULL);
INSERT INTO `cutting_detail` VALUES (1353, 2, '42DD', 'big', 36, 1.370, 49.320, 804, '0208(36)', 'G3-20B048A-1-0208', NULL, 'OG3-20B048A-1-0208', '', 'LG3-20B048A-1-0208', NULL, NULL);
INSERT INTO `cutting_detail` VALUES (1354, 2, '42DD', 'big', 36, 1.370, 49.320, 804, '0205(36)', 'G3-20B048A-1-0205', NULL, 'OG3-20B048A-1-0205', '', 'LG3-20B048A-1-0205', NULL, NULL);
INSERT INTO `cutting_detail` VALUES (1355, 2, '42DD', 'big', 36, 1.370, 49.320, 804, '0204(36)', 'G3-20B048A-1-0204', NULL, 'OG3-20B048A-1-0204', '', 'LG3-20B048A-1-0204', NULL, NULL);
INSERT INTO `cutting_detail` VALUES (1356, 2, '42DD', 'big', 36, 1.370, 49.320, 804, '0207(36)', 'G3-20B048A-1-0207', NULL, 'OG3-20B048A-1-0207', '', 'LG3-20B048A-1-0207', NULL, NULL);
INSERT INTO `cutting_detail` VALUES (1357, 2, '42DD', 'big', 36, 1.370, 49.320, 804, '0215(36)', 'G3-20B048A-1-0215', NULL, 'OG3-20B048A-1-0215', '', 'LG3-20B048A-1-0215', NULL, NULL);
INSERT INTO `cutting_detail` VALUES (1358, 2, '42DD', 'big', 36, 1.370, 49.320, 804, '0213(36)', 'G3-20B048A-1-0213', NULL, 'OG3-20B048A-1-0213', '', 'LG3-20B048A-1-0213', NULL, NULL);
INSERT INTO `cutting_detail` VALUES (1359, 2, '42DD', 'big', 36, 1.370, 49.320, 804, '0209(36)', 'G3-20B048A-1-0209', NULL, 'OG3-20B048A-1-0209', '', 'LG3-20B048A-1-0209', NULL, NULL);
INSERT INTO `cutting_detail` VALUES (1360, 2, '42DD', 'big', 36, 1.370, 49.320, 804, '0211(36)', 'G3-20B048A-1-0211', NULL, 'OG3-20B048A-1-0211', '', 'LG3-20B048A-1-0211', NULL, NULL);
INSERT INTO `cutting_detail` VALUES (1361, 2, '42DD', 'big', 36, 1.370, 49.320, 804, '0212(36)', 'G3-20B048A-1-0212', NULL, 'OG3-20B048A-1-0212', '', 'LG3-20B048A-1-0212', NULL, NULL);
INSERT INTO `cutting_detail` VALUES (1362, 2, '42DD', 'big', 36, 1.370, 49.320, 804, '0210(36)', 'G3-20B048A-1-0210', NULL, 'OG3-20B048A-1-0210', '', 'LG3-20B048A-1-0210', NULL, NULL);
INSERT INTO `cutting_detail` VALUES (1363, 2, '42DD', 'big', 12, 1.370, 16.440, 804, '0216(12)', 'G3-20B048A-1-0216', NULL, 'OG3-20B048A-1-0216', '', 'LG3-20B048A-1-0216', NULL, NULL);
INSERT INTO `cutting_detail` VALUES (1364, 2, '42DD', 'big', 36, 1.370, 49.320, 804, '0214(36)', 'G3-20B048A-1-0214', NULL, 'OG3-20B048A-1-0214', '', 'LG3-20B048A-1-0214', NULL, NULL);
INSERT INTO `cutting_detail` VALUES (1365, 3, '38DDD', 'big', 36, 1.370, 49.320, 480, '0002(36)', 'G3-20B048A-2-0002', NULL, 'OG3-20B048A-2-0002', '', 'LG3-20B048A-2-0002', NULL, NULL);
INSERT INTO `cutting_detail` VALUES (1366, 3, '38DDD', 'big', 36, 1.370, 49.320, 480, '0004(36)', 'G3-20B048A-2-0004', NULL, 'OG3-20B048A-2-0004', '', 'LG3-20B048A-2-0004', NULL, NULL);
INSERT INTO `cutting_detail` VALUES (1367, 3, '38DDD', 'big', 36, 1.370, 49.320, 480, '0010(36)', 'G3-20B048A-2-0010', NULL, 'OG3-20B048A-2-0010', '', 'LG3-20B048A-2-0010', NULL, NULL);
INSERT INTO `cutting_detail` VALUES (1368, 3, '38DDD', 'big', 36, 1.370, 49.320, 480, '0005(36)', 'G3-20B048A-2-0005', NULL, 'OG3-20B048A-2-0005', '', 'LG3-20B048A-2-0005', NULL, NULL);
INSERT INTO `cutting_detail` VALUES (1369, 3, '38DDD', 'big', 36, 1.370, 49.320, 480, '0001(36)', 'G3-20B048A-2-0001', NULL, 'OG3-20B048A-2-0001', '', 'LG3-20B048A-2-0001', NULL, NULL);
INSERT INTO `cutting_detail` VALUES (1370, 3, '38DDD', 'big', 36, 1.370, 49.320, 480, '0003(36)', 'G3-20B048A-2-0003', NULL, 'OG3-20B048A-2-0003', '', 'LG3-20B048A-2-0003', NULL, NULL);
INSERT INTO `cutting_detail` VALUES (1371, 3, '38DDD', 'big', 36, 1.370, 49.320, 480, '0008(36)', 'G3-20B048A-2-0008', NULL, 'OG3-20B048A-2-0008', '', 'LG3-20B048A-2-0008', NULL, NULL);
INSERT INTO `cutting_detail` VALUES (1372, 3, '38DDD', 'big', 36, 1.370, 49.320, 480, '0006(36)', 'G3-20B048A-2-0006', NULL, 'OG3-20B048A-2-0006', '', 'LG3-20B048A-2-0006', NULL, NULL);
INSERT INTO `cutting_detail` VALUES (1373, 3, '38DDD', 'big', 36, 1.370, 49.320, 480, '0009(36)', 'G3-20B048A-2-0009', NULL, 'OG3-20B048A-2-0009', '', 'LG3-20B048A-2-0009', NULL, NULL);
INSERT INTO `cutting_detail` VALUES (1374, 3, '38DDD', 'big', 36, 1.370, 49.320, 480, '0007(36)', 'G3-20B048A-2-0007', NULL, 'OG3-20B048A-2-0007', '', 'LG3-20B048A-2-0007', NULL, NULL);
INSERT INTO `cutting_detail` VALUES (1375, 3, '38DDD', 'big', 36, 1.370, 49.320, 480, '0011(36)', 'G3-20B048A-2-0011', NULL, 'OG3-20B048A-2-0011', '', 'LG3-20B048A-2-0011', NULL, NULL);
INSERT INTO `cutting_detail` VALUES (1376, 3, '38DDD', 'big', 12, 1.370, 16.440, 480, '0014(12)', 'G3-20B048A-2-0014', NULL, 'OG3-20B048A-2-0014', '', 'LG3-20B048A-2-0014', NULL, NULL);
INSERT INTO `cutting_detail` VALUES (1377, 3, '40DDD', 'big', 36, 1.370, 49.320, 564, '0015(36)', 'G3-20B048A-2-0015', NULL, 'OG3-20B048A-2-0015', '', 'LG3-20B048A-2-0015', NULL, NULL);
INSERT INTO `cutting_detail` VALUES (1378, 3, '38DDD', 'big', 36, 1.370, 49.320, 480, '0013(36)', 'G3-20B048A-2-0013', NULL, 'OG3-20B048A-2-0013', '', 'LG3-20B048A-2-0013', NULL, NULL);
INSERT INTO `cutting_detail` VALUES (1379, 3, '40DDD', 'big', 36, 1.370, 49.320, 564, '0017(36)', 'G3-20B048A-2-0017', NULL, 'OG3-20B048A-2-0017', '', 'LG3-20B048A-2-0017', NULL, NULL);
INSERT INTO `cutting_detail` VALUES (1380, 3, '40DDD', 'big', 36, 1.370, 49.320, 564, '0016(36)', 'G3-20B048A-2-0016', NULL, 'OG3-20B048A-2-0016', '', 'LG3-20B048A-2-0016', NULL, NULL);
INSERT INTO `cutting_detail` VALUES (1381, 3, '38DDD', 'big', 36, 1.370, 49.320, 480, '0012(36)', 'G3-20B048A-2-0012', NULL, 'OG3-20B048A-2-0012', '', 'LG3-20B048A-2-0012', NULL, NULL);
INSERT INTO `cutting_detail` VALUES (1382, 3, '40DDD', 'big', 36, 1.370, 49.320, 564, '0018(36)', 'G3-20B048A-2-0018', NULL, 'OG3-20B048A-2-0018', '', 'LG3-20B048A-2-0018', NULL, NULL);
INSERT INTO `cutting_detail` VALUES (1383, 3, '40DDD', 'big', 36, 1.370, 49.320, 564, '0019(36)', 'G3-20B048A-2-0019', NULL, 'OG3-20B048A-2-0019', '', 'LG3-20B048A-2-0019', NULL, NULL);
INSERT INTO `cutting_detail` VALUES (1384, 3, '40DDD', 'big', 36, 1.370, 49.320, 564, '0024(36)', 'G3-20B048A-2-0024', NULL, 'OG3-20B048A-2-0024', '', 'LG3-20B048A-2-0024', NULL, NULL);
INSERT INTO `cutting_detail` VALUES (1385, 3, '40DDD', 'big', 36, 1.370, 49.320, 564, '0020(36)', 'G3-20B048A-2-0020', NULL, 'OG3-20B048A-2-0020', '', 'LG3-20B048A-2-0020', NULL, NULL);
INSERT INTO `cutting_detail` VALUES (1386, 3, '40DDD', 'big', 36, 1.370, 49.320, 564, '0025(36)', 'G3-20B048A-2-0025', NULL, 'OG3-20B048A-2-0025', '', 'LG3-20B048A-2-0025', NULL, NULL);
INSERT INTO `cutting_detail` VALUES (1387, 3, '40DDD', 'big', 36, 1.370, 49.320, 564, '0022(36)', 'G3-20B048A-2-0022', NULL, 'OG3-20B048A-2-0022', '', 'LG3-20B048A-2-0022', NULL, NULL);
INSERT INTO `cutting_detail` VALUES (1388, 3, '40DDD', 'big', 36, 1.370, 49.320, 564, '0023(36)', 'G3-20B048A-2-0023', NULL, 'OG3-20B048A-2-0023', '', 'LG3-20B048A-2-0023', NULL, NULL);
INSERT INTO `cutting_detail` VALUES (1389, 3, '40DDD', 'big', 36, 1.370, 49.320, 564, '0021(36)', 'G3-20B048A-2-0021', NULL, 'OG3-20B048A-2-0021', '', 'LG3-20B048A-2-0021', NULL, NULL);
INSERT INTO `cutting_detail` VALUES (1390, 3, '40DDD', 'big', 36, 1.370, 49.320, 564, '0028(36)', 'G3-20B048A-2-0028', NULL, 'OG3-20B048A-2-0028', '', 'LG3-20B048A-2-0028', NULL, NULL);
INSERT INTO `cutting_detail` VALUES (1391, 3, '40DDD', 'big', 36, 1.370, 49.320, 564, '0026(36)', 'G3-20B048A-2-0026', NULL, 'OG3-20B048A-2-0026', '', 'LG3-20B048A-2-0026', NULL, NULL);
INSERT INTO `cutting_detail` VALUES (1392, 3, '40DDD', 'big', 36, 1.370, 49.320, 564, '0027(36)', 'G3-20B048A-2-0027', NULL, 'OG3-20B048A-2-0027', '', 'LG3-20B048A-2-0027', NULL, NULL);
INSERT INTO `cutting_detail` VALUES (1393, 3, '40DDD', 'big', 36, 1.370, 49.320, 564, '0029(36)', 'G3-20B048A-2-0029', NULL, 'OG3-20B048A-2-0029', '', 'LG3-20B048A-2-0029', NULL, NULL);
INSERT INTO `cutting_detail` VALUES (1394, 3, '40DDD', 'big', 24, 1.370, 32.880, 564, '0030(24)', 'G3-20B048A-2-0030', NULL, 'OG3-20B048A-2-0030', '', 'LG3-20B048A-2-0030', NULL, NULL);
INSERT INTO `cutting_detail` VALUES (1395, 3, '42DDD', 'big', 36, 1.370, 49.320, 684, '0031(36)', 'G3-20B048A-2-0031', NULL, 'OG3-20B048A-2-0031', '', 'LG3-20B048A-2-0031', NULL, NULL);
INSERT INTO `cutting_detail` VALUES (1396, 3, '42DDD', 'big', 36, 1.370, 49.320, 684, '0032(36)', 'G3-20B048A-2-0032', NULL, 'OG3-20B048A-2-0032', '', 'LG3-20B048A-2-0032', NULL, NULL);
INSERT INTO `cutting_detail` VALUES (1397, 3, '42DDD', 'big', 36, 1.370, 49.320, 684, '0035(36)', 'G3-20B048A-2-0035', NULL, 'OG3-20B048A-2-0035', '', 'LG3-20B048A-2-0035', NULL, NULL);
INSERT INTO `cutting_detail` VALUES (1398, 3, '42DDD', 'big', 36, 1.370, 49.320, 684, '0036(36)', 'G3-20B048A-2-0036', NULL, 'OG3-20B048A-2-0036', '', 'LG3-20B048A-2-0036', NULL, NULL);
INSERT INTO `cutting_detail` VALUES (1399, 3, '42DDD', 'big', 36, 1.370, 49.320, 684, '0034(36)', 'G3-20B048A-2-0034', NULL, 'OG3-20B048A-2-0034', '', 'LG3-20B048A-2-0034', NULL, NULL);
INSERT INTO `cutting_detail` VALUES (1400, 3, '42DDD', 'big', 36, 1.370, 49.320, 684, '0033(36)', 'G3-20B048A-2-0033', NULL, 'OG3-20B048A-2-0033', '', 'LG3-20B048A-2-0033', NULL, NULL);
INSERT INTO `cutting_detail` VALUES (1401, 3, '42DDD', 'big', 36, 1.370, 49.320, 684, '0037(36)', 'G3-20B048A-2-0037', NULL, 'OG3-20B048A-2-0037', '', 'LG3-20B048A-2-0037', NULL, NULL);
INSERT INTO `cutting_detail` VALUES (1402, 3, '42DDD', 'big', 36, 1.370, 49.320, 684, '0038(36)', 'G3-20B048A-2-0038', NULL, 'OG3-20B048A-2-0038', '', 'LG3-20B048A-2-0038', NULL, NULL);
INSERT INTO `cutting_detail` VALUES (1403, 3, '42DDD', 'big', 36, 1.370, 49.320, 684, '0040(36)', 'G3-20B048A-2-0040', NULL, 'OG3-20B048A-2-0040', '', 'LG3-20B048A-2-0040', NULL, NULL);
INSERT INTO `cutting_detail` VALUES (1404, 3, '42DDD', 'big', 36, 1.370, 49.320, 684, '0041(36)', 'G3-20B048A-2-0041', NULL, 'OG3-20B048A-2-0041', '', 'LG3-20B048A-2-0041', NULL, NULL);
INSERT INTO `cutting_detail` VALUES (1405, 3, '42DDD', 'big', 36, 1.370, 49.320, 684, '0042(36)', 'G3-20B048A-2-0042', NULL, 'OG3-20B048A-2-0042', '', 'LG3-20B048A-2-0042', NULL, NULL);
INSERT INTO `cutting_detail` VALUES (1406, 3, '42DDD', 'big', 36, 1.370, 49.320, 684, '0043(36)', 'G3-20B048A-2-0043', NULL, 'OG3-20B048A-2-0043', '', 'LG3-20B048A-2-0043', NULL, NULL);
INSERT INTO `cutting_detail` VALUES (1407, 3, '42DDD', 'big', 36, 1.370, 49.320, 684, '0039(36)', 'G3-20B048A-2-0039', NULL, 'OG3-20B048A-2-0039', '', 'LG3-20B048A-2-0039', NULL, NULL);
INSERT INTO `cutting_detail` VALUES (1408, 3, '42DDD', 'big', 36, 1.370, 49.320, 684, '0045(36)', 'G3-20B048A-2-0045', NULL, 'OG3-20B048A-2-0045', '', 'LG3-20B048A-2-0045', NULL, NULL);
INSERT INTO `cutting_detail` VALUES (1409, 3, '42DDD', 'big', 36, 1.370, 49.320, 684, '0047(36)', 'G3-20B048A-2-0047', NULL, 'OG3-20B048A-2-0047', '', 'LG3-20B048A-2-0047', NULL, NULL);
INSERT INTO `cutting_detail` VALUES (1410, 3, '44C', 'big', 36, 1.370, 49.320, 348, '0050(36)', 'G3-20B048A-2-0050', NULL, 'OG3-20B048A-2-0050', '', 'LG3-20B048A-2-0050', NULL, NULL);
INSERT INTO `cutting_detail` VALUES (1411, 3, '42DDD', 'big', 36, 1.370, 49.320, 684, '0046(36)', 'G3-20B048A-2-0046', NULL, 'OG3-20B048A-2-0046', '', 'LG3-20B048A-2-0046', NULL, NULL);
INSERT INTO `cutting_detail` VALUES (1412, 3, '42DDD', 'big', 36, 1.370, 49.320, 684, '0049(36)', 'G3-20B048A-2-0049', NULL, 'OG3-20B048A-2-0049', '', 'LG3-20B048A-2-0049', NULL, NULL);
INSERT INTO `cutting_detail` VALUES (1413, 3, '42DDD', 'big', 36, 1.370, 49.320, 684, '0044(36)', 'G3-20B048A-2-0044', NULL, 'OG3-20B048A-2-0044', '', 'LG3-20B048A-2-0044', NULL, NULL);
INSERT INTO `cutting_detail` VALUES (1414, 3, '42DDD', 'big', 36, 1.370, 49.320, 684, '0048(36)', 'G3-20B048A-2-0048', NULL, 'OG3-20B048A-2-0048', '', 'LG3-20B048A-2-0048', NULL, NULL);
INSERT INTO `cutting_detail` VALUES (1415, 3, '44C', 'big', 36, 1.370, 49.320, 348, '0052(36)', 'G3-20B048A-2-0052', NULL, 'OG3-20B048A-2-0052', '', 'LG3-20B048A-2-0052', NULL, NULL);
INSERT INTO `cutting_detail` VALUES (1416, 3, '44C', 'big', 36, 1.370, 49.320, 348, '0055(36)', 'G3-20B048A-2-0055', NULL, 'OG3-20B048A-2-0055', '', 'LG3-20B048A-2-0055', NULL, NULL);
INSERT INTO `cutting_detail` VALUES (1417, 3, '44C', 'big', 36, 1.370, 49.320, 348, '0053(36)', 'G3-20B048A-2-0053', NULL, 'OG3-20B048A-2-0053', '', 'LG3-20B048A-2-0053', NULL, NULL);
INSERT INTO `cutting_detail` VALUES (1418, 3, '44C', 'big', 36, 1.370, 49.320, 348, '0054(36)', 'G3-20B048A-2-0054', NULL, 'OG3-20B048A-2-0054', '', 'LG3-20B048A-2-0054', NULL, NULL);
INSERT INTO `cutting_detail` VALUES (1419, 3, '44C', 'big', 36, 1.370, 49.320, 348, '0057(36)', 'G3-20B048A-2-0057', NULL, 'OG3-20B048A-2-0057', '', 'LG3-20B048A-2-0057', NULL, NULL);
INSERT INTO `cutting_detail` VALUES (1420, 3, '44C', 'big', 36, 1.370, 49.320, 348, '0056(36)', 'G3-20B048A-2-0056', NULL, 'OG3-20B048A-2-0056', '', 'LG3-20B048A-2-0056', NULL, NULL);
INSERT INTO `cutting_detail` VALUES (1421, 3, '44C', 'big', 36, 1.370, 49.320, 348, '0051(36)', 'G3-20B048A-2-0051', NULL, 'OG3-20B048A-2-0051', '', 'LG3-20B048A-2-0051', NULL, NULL);
INSERT INTO `cutting_detail` VALUES (1422, 3, '44C', 'big', 24, 1.370, 32.880, 348, '0059(24)', 'G3-20B048A-2-0059', NULL, 'OG3-20B048A-2-0059', '', 'LG3-20B048A-2-0059', NULL, NULL);
INSERT INTO `cutting_detail` VALUES (1423, 3, '44D', 'big', 36, 1.370, 49.320, 252, '0061(36)', 'G3-20B048A-2-0061', NULL, 'OG3-20B048A-2-0061', '', 'LG3-20B048A-2-0061', NULL, NULL);
INSERT INTO `cutting_detail` VALUES (1424, 3, '44C', 'big', 36, 1.370, 49.320, 348, '0058(36)', 'G3-20B048A-2-0058', NULL, 'OG3-20B048A-2-0058', '', 'LG3-20B048A-2-0058', NULL, NULL);
INSERT INTO `cutting_detail` VALUES (1425, 3, '44D', 'big', 36, 1.370, 49.320, 252, '0062(36)', 'G3-20B048A-2-0062', NULL, 'OG3-20B048A-2-0062', '', 'LG3-20B048A-2-0062', NULL, NULL);
INSERT INTO `cutting_detail` VALUES (1426, 3, '44D', 'big', 36, 1.370, 49.320, 252, '0064(36)', 'G3-20B048A-2-0064', NULL, 'OG3-20B048A-2-0064', '', 'LG3-20B048A-2-0064', NULL, NULL);
INSERT INTO `cutting_detail` VALUES (1427, 3, '44D', 'big', 36, 1.370, 49.320, 252, '0060(36)', 'G3-20B048A-2-0060', NULL, 'OG3-20B048A-2-0060', '', 'LG3-20B048A-2-0060', NULL, NULL);
INSERT INTO `cutting_detail` VALUES (1428, 3, '44D', 'big', 36, 1.370, 49.320, 252, '0066(36)', 'G3-20B048A-2-0066', NULL, 'OG3-20B048A-2-0066', '', 'LG3-20B048A-2-0066', NULL, NULL);
INSERT INTO `cutting_detail` VALUES (1429, 3, '44D', 'big', 36, 1.370, 49.320, 252, '0065(36)', 'G3-20B048A-2-0065', NULL, 'OG3-20B048A-2-0065', '', 'LG3-20B048A-2-0065', NULL, NULL);
INSERT INTO `cutting_detail` VALUES (1430, 3, '44DD', 'big', 36, 1.370, 49.320, 996, '0068(36)', 'G3-20B048A-2-0068', NULL, 'OG3-20B048A-2-0068', '', 'LG3-20B048A-2-0068', NULL, NULL);
INSERT INTO `cutting_detail` VALUES (1431, 3, '44DD', 'big', 36, 1.370, 49.320, 996, '0071(36)', 'G3-20B048A-2-0071', NULL, 'OG3-20B048A-2-0071', '', 'LG3-20B048A-2-0071', NULL, NULL);
INSERT INTO `cutting_detail` VALUES (1432, 3, '44DD', 'big', 36, 1.370, 49.320, 996, '0067(36)', 'G3-20B048A-2-0067', NULL, 'OG3-20B048A-2-0067', '', 'LG3-20B048A-2-0067', NULL, NULL);
INSERT INTO `cutting_detail` VALUES (1433, 3, '44D', 'big', 36, 1.370, 49.320, 252, '0063(36)', 'G3-20B048A-2-0063', NULL, 'OG3-20B048A-2-0063', '', 'LG3-20B048A-2-0063', NULL, NULL);
INSERT INTO `cutting_detail` VALUES (1434, 3, '44DD', 'big', 36, 1.370, 49.320, 996, '0072(36)', 'G3-20B048A-2-0072', NULL, 'OG3-20B048A-2-0072', '', 'LG3-20B048A-2-0072', NULL, NULL);
INSERT INTO `cutting_detail` VALUES (1435, 3, '44DD', 'big', 36, 1.370, 49.320, 996, '0073(36)', 'G3-20B048A-2-0073', NULL, 'OG3-20B048A-2-0073', '', 'LG3-20B048A-2-0073', NULL, NULL);
INSERT INTO `cutting_detail` VALUES (1436, 3, '44DD', 'big', 36, 1.370, 49.320, 996, '0080(36)', 'G3-20B048A-2-0080', NULL, 'OG3-20B048A-2-0080', '', 'LG3-20B048A-2-0080', NULL, NULL);
INSERT INTO `cutting_detail` VALUES (1437, 3, '44DD', 'big', 36, 1.370, 49.320, 996, '0074(36)', 'G3-20B048A-2-0074', NULL, 'OG3-20B048A-2-0074', '', 'LG3-20B048A-2-0074', NULL, NULL);
INSERT INTO `cutting_detail` VALUES (1438, 3, '44DD', 'big', 36, 1.370, 49.320, 996, '0077(36)', 'G3-20B048A-2-0077', NULL, 'OG3-20B048A-2-0077', '', 'LG3-20B048A-2-0077', NULL, NULL);
INSERT INTO `cutting_detail` VALUES (1439, 3, '44DD', 'big', 36, 1.370, 49.320, 996, '0075(36)', 'G3-20B048A-2-0075', NULL, 'OG3-20B048A-2-0075', '', 'LG3-20B048A-2-0075', NULL, NULL);
INSERT INTO `cutting_detail` VALUES (1440, 3, '44DD', 'big', 36, 1.370, 49.320, 996, '0069(36)', 'G3-20B048A-2-0069', NULL, 'OG3-20B048A-2-0069', '', 'LG3-20B048A-2-0069', NULL, NULL);
INSERT INTO `cutting_detail` VALUES (1441, 3, '44DD', 'big', 36, 1.370, 49.320, 996, '0070(36)', 'G3-20B048A-2-0070', NULL, 'OG3-20B048A-2-0070', '', 'LG3-20B048A-2-0070', NULL, NULL);
INSERT INTO `cutting_detail` VALUES (1442, 3, '44DD', 'big', 36, 1.370, 49.320, 996, '0085(36)', 'G3-20B048A-2-0085', NULL, 'OG3-20B048A-2-0085', '', 'LG3-20B048A-2-0085', NULL, NULL);
INSERT INTO `cutting_detail` VALUES (1443, 3, '44DD', 'big', 36, 1.370, 49.320, 996, '0078(36)', 'G3-20B048A-2-0078', NULL, 'OG3-20B048A-2-0078', '', 'LG3-20B048A-2-0078', NULL, NULL);
INSERT INTO `cutting_detail` VALUES (1444, 3, '44DD', 'big', 36, 1.370, 49.320, 996, '0083(36)', 'G3-20B048A-2-0083', NULL, 'OG3-20B048A-2-0083', '', 'LG3-20B048A-2-0083', NULL, NULL);
INSERT INTO `cutting_detail` VALUES (1445, 3, '44DD', 'big', 36, 1.370, 49.320, 996, '0079(36)', 'G3-20B048A-2-0079', NULL, 'OG3-20B048A-2-0079', '', 'LG3-20B048A-2-0079', NULL, NULL);
INSERT INTO `cutting_detail` VALUES (1446, 3, '44DD', 'big', 36, 1.370, 49.320, 996, '0076(36)', 'G3-20B048A-2-0076', NULL, 'OG3-20B048A-2-0076', '', 'LG3-20B048A-2-0076', NULL, NULL);
INSERT INTO `cutting_detail` VALUES (1447, 3, '44DD', 'big', 36, 1.370, 49.320, 996, '0081(36)', 'G3-20B048A-2-0081', NULL, 'OG3-20B048A-2-0081', '', 'LG3-20B048A-2-0081', NULL, NULL);
INSERT INTO `cutting_detail` VALUES (1448, 3, '44DD', 'big', 36, 1.370, 49.320, 996, '0084(36)', 'G3-20B048A-2-0084', NULL, 'OG3-20B048A-2-0084', '', 'LG3-20B048A-2-0084', NULL, NULL);
INSERT INTO `cutting_detail` VALUES (1449, 3, '44DD', 'big', 36, 1.370, 49.320, 996, '0089(36)', 'G3-20B048A-2-0089', NULL, 'OG3-20B048A-2-0089', '', 'LG3-20B048A-2-0089', NULL, NULL);
INSERT INTO `cutting_detail` VALUES (1450, 3, '44DD', 'big', 36, 1.370, 49.320, 996, '0093(36)', 'G3-20B048A-2-0093', NULL, 'OG3-20B048A-2-0093', '', 'LG3-20B048A-2-0093', NULL, NULL);
INSERT INTO `cutting_detail` VALUES (1451, 3, '44DD', 'big', 36, 1.370, 49.320, 996, '0086(36)', 'G3-20B048A-2-0086', NULL, 'OG3-20B048A-2-0086', '', 'LG3-20B048A-2-0086', NULL, NULL);
INSERT INTO `cutting_detail` VALUES (1452, 3, '44DD', 'big', 36, 1.370, 49.320, 996, '0087(36)', 'G3-20B048A-2-0087', NULL, 'OG3-20B048A-2-0087', '', 'LG3-20B048A-2-0087', NULL, NULL);
INSERT INTO `cutting_detail` VALUES (1453, 3, '44DD', 'big', 36, 1.370, 49.320, 996, '0082(36)', 'G3-20B048A-2-0082', NULL, 'OG3-20B048A-2-0082', '', 'LG3-20B048A-2-0082', NULL, NULL);
INSERT INTO `cutting_detail` VALUES (1454, 3, '44DD', 'big', 36, 1.370, 49.320, 996, '0092(36)', 'G3-20B048A-2-0092', NULL, 'OG3-20B048A-2-0092', '', 'LG3-20B048A-2-0092', NULL, NULL);
INSERT INTO `cutting_detail` VALUES (1455, 3, '44DD', 'big', 36, 1.370, 49.320, 996, '0088(36)', 'G3-20B048A-2-0088', NULL, 'OG3-20B048A-2-0088', '', 'LG3-20B048A-2-0088', NULL, NULL);
INSERT INTO `cutting_detail` VALUES (1456, 3, '44DD', 'big', 24, 1.370, 32.880, 996, '0094(24)', 'G3-20B048A-2-0094', NULL, 'OG3-20B048A-2-0094', '', 'LG3-20B048A-2-0094', NULL, NULL);
INSERT INTO `cutting_detail` VALUES (1457, 3, '44DD', 'big', 36, 1.370, 49.320, 996, '0090(36)', 'G3-20B048A-2-0090', NULL, 'OG3-20B048A-2-0090', '', 'LG3-20B048A-2-0090', NULL, NULL);
INSERT INTO `cutting_detail` VALUES (1458, 3, '44DD', 'big', 36, 1.370, 49.320, 996, '0091(36)', 'G3-20B048A-2-0091', NULL, 'OG3-20B048A-2-0091', '', 'LG3-20B048A-2-0091', NULL, NULL);
INSERT INTO `cutting_detail` VALUES (1459, 4, '44DDD', 'extra large', 36, 1.370, 49.320, 264, '0004(36)', 'G3-20B048A-3-0004', NULL, 'OG3-20B048A-3-0004', '', 'LG3-20B048A-3-0004', NULL, NULL);
INSERT INTO `cutting_detail` VALUES (1460, 4, '44DDD', 'extra large', 36, 1.370, 49.320, 264, '0003(36)', 'G3-20B048A-3-0003', NULL, 'OG3-20B048A-3-0003', '', 'LG3-20B048A-3-0003', NULL, NULL);
INSERT INTO `cutting_detail` VALUES (1461, 4, '44DDD', 'extra large', 36, 1.370, 49.320, 264, '0005(36)', 'G3-20B048A-3-0005', NULL, 'OG3-20B048A-3-0005', '', 'LG3-20B048A-3-0005', NULL, NULL);
INSERT INTO `cutting_detail` VALUES (1462, 4, '44DDD', 'extra large', 36, 1.370, 49.320, 264, '0002(36)', 'G3-20B048A-3-0002', NULL, 'OG3-20B048A-3-0002', '', 'LG3-20B048A-3-0002', NULL, NULL);
INSERT INTO `cutting_detail` VALUES (1463, 4, '44DDD', 'extra large', 36, 1.370, 49.320, 264, '0001(36)', 'G3-20B048A-3-0001', NULL, 'OG3-20B048A-3-0001', '', 'LG3-20B048A-3-0001', NULL, NULL);
INSERT INTO `cutting_detail` VALUES (1464, 4, '44DDD', 'extra large', 36, 1.370, 49.320, 264, '0007(36)', 'G3-20B048A-3-0007', NULL, 'OG3-20B048A-3-0007', '', 'LG3-20B048A-3-0007', NULL, NULL);
INSERT INTO `cutting_detail` VALUES (1465, 4, '44DDD', 'extra large', 36, 1.370, 49.320, 264, '0006(36)', 'G3-20B048A-3-0006', NULL, 'OG3-20B048A-3-0006', '', 'LG3-20B048A-3-0006', NULL, NULL);
INSERT INTO `cutting_detail` VALUES (1466, 4, '44DDD', 'extra large', 12, 1.370, 16.440, 264, '0008(12)', 'G3-20B048A-3-0008', NULL, 'OG3-20B048A-3-0008', '', 'LG3-20B048A-3-0008', NULL, NULL);
INSERT INTO `cutting_detail` VALUES (1467, 6, '34DD', 'reguler', 36, 0.947, 34.092, 612, '0046(36)', 'G3-20C0278-0046', NULL, 'OG3-20C0278-0046', '', '', NULL, NULL);
INSERT INTO `cutting_detail` VALUES (1468, 6, '34C', 'reguler', 36, 0.947, 34.092, 840, '0003(36)', 'G3-20C0278-0003', NULL, 'OG3-20C0278-0003', '', '', NULL, NULL);
INSERT INTO `cutting_detail` VALUES (1469, 6, '34DD', 'reguler', 36, 0.947, 34.092, 612, '0051(36)', 'G3-20C0278-0051', NULL, 'OG3-20C0278-0051', '', '', NULL, NULL);
INSERT INTO `cutting_detail` VALUES (1470, 6, '34DD', 'reguler', 36, 0.947, 34.092, 612, '0048(36)', 'G3-20C0278-0048', NULL, 'OG3-20C0278-0048', '', '', NULL, NULL);
INSERT INTO `cutting_detail` VALUES (1471, 6, '34DD', 'reguler', 36, 0.947, 34.092, 612, '0047(36)', 'G3-20C0278-0047', NULL, 'OG3-20C0278-0047', '', '', NULL, NULL);
INSERT INTO `cutting_detail` VALUES (1472, 6, '34DD', 'reguler', 36, 0.947, 34.092, 612, '0049(36)', 'G3-20C0278-0049', NULL, 'OG3-20C0278-0049', '', '', NULL, NULL);
INSERT INTO `cutting_detail` VALUES (1473, 6, '34C', 'reguler', 36, 0.947, 34.092, 840, '0002(36)', 'G3-20C0278-0002', NULL, 'OG3-20C0278-0002', '', '', NULL, NULL);
INSERT INTO `cutting_detail` VALUES (1474, 6, '34C', 'reguler', 36, 0.947, 34.092, 840, '0001(36)', 'G3-20C0278-0001', NULL, 'OG3-20C0278-0001', '', '', NULL, NULL);
INSERT INTO `cutting_detail` VALUES (1475, 6, '34DD', 'reguler', 36, 0.947, 34.092, 612, '0050(36)', 'G3-20C0278-0050', NULL, 'OG3-20C0278-0050', '', '', NULL, NULL);
INSERT INTO `cutting_detail` VALUES (1476, 6, '34C', 'reguler', 36, 0.947, 34.092, 840, '0006(36)', 'G3-20C0278-0006', NULL, 'OG3-20C0278-0006', '', '', NULL, NULL);
INSERT INTO `cutting_detail` VALUES (1477, 6, '34C', 'reguler', 36, 0.947, 34.092, 840, '0008(36)', 'G3-20C0278-0008', NULL, 'OG3-20C0278-0008', '', '', NULL, NULL);
INSERT INTO `cutting_detail` VALUES (1478, 6, '34C', 'reguler', 36, 0.947, 34.092, 840, '0007(36)', 'G3-20C0278-0007', NULL, 'OG3-20C0278-0007', '', '', NULL, NULL);
INSERT INTO `cutting_detail` VALUES (1479, 6, '34C', 'reguler', 36, 0.947, 34.092, 840, '0005(36)', 'G3-20C0278-0005', NULL, 'OG3-20C0278-0005', '', '', NULL, NULL);
INSERT INTO `cutting_detail` VALUES (1480, 6, '34C', 'reguler', 36, 0.947, 34.092, 840, '0004(36)', 'G3-20C0278-0004', NULL, 'OG3-20C0278-0004', '', '', NULL, NULL);
INSERT INTO `cutting_detail` VALUES (1481, 6, '34C', 'reguler', 36, 0.947, 34.092, 840, '0012(36)', 'G3-20C0278-0012', NULL, 'OG3-20C0278-0012', '', '', NULL, NULL);
INSERT INTO `cutting_detail` VALUES (1482, 6, '34C', 'reguler', 36, 0.947, 34.092, 840, '0013(36)', 'G3-20C0278-0013', NULL, 'OG3-20C0278-0013', '', '', NULL, NULL);
INSERT INTO `cutting_detail` VALUES (1483, 6, '34C', 'reguler', 36, 0.947, 34.092, 840, '0009(36)', 'G3-20C0278-0009', NULL, 'OG3-20C0278-0009', '', '', NULL, NULL);
INSERT INTO `cutting_detail` VALUES (1484, 6, '34C', 'reguler', 36, 0.947, 34.092, 840, '0010(36)', 'G3-20C0278-0010', NULL, 'OG3-20C0278-0010', '', '', NULL, NULL);
INSERT INTO `cutting_detail` VALUES (1485, 6, '34C', 'reguler', 36, 0.947, 34.092, 840, '0011(36)', 'G3-20C0278-0011', NULL, 'OG3-20C0278-0011', '', '', NULL, NULL);
INSERT INTO `cutting_detail` VALUES (1486, 6, '34C', 'reguler', 36, 0.947, 34.092, 840, '0015(36)', 'G3-20C0278-0015', NULL, 'OG3-20C0278-0015', '', '', NULL, NULL);
INSERT INTO `cutting_detail` VALUES (1487, 6, '34C', 'reguler', 36, 0.947, 34.092, 840, '0014(36)', 'G3-20C0278-0014', NULL, 'OG3-20C0278-0014', '', '', NULL, NULL);
INSERT INTO `cutting_detail` VALUES (1488, 6, '34C', 'reguler', 36, 0.947, 34.092, 840, '0017(36)', 'G3-20C0278-0017', NULL, 'OG3-20C0278-0017', '', '', NULL, NULL);
INSERT INTO `cutting_detail` VALUES (1489, 6, '34C', 'reguler', 36, 0.947, 34.092, 840, '0016(36)', 'G3-20C0278-0016', NULL, 'OG3-20C0278-0016', '', '', NULL, NULL);
INSERT INTO `cutting_detail` VALUES (1490, 6, '34C', 'reguler', 36, 0.947, 34.092, 840, '0018(36)', 'G3-20C0278-0018', NULL, 'OG3-20C0278-0018', '', '', NULL, NULL);
INSERT INTO `cutting_detail` VALUES (1491, 6, '34C', 'reguler', 36, 0.947, 34.092, 840, '0020(36)', 'G3-20C0278-0020', NULL, 'OG3-20C0278-0020', '', '', NULL, NULL);
INSERT INTO `cutting_detail` VALUES (1492, 6, '34C', 'reguler', 36, 0.947, 34.092, 840, '0019(36)', 'G3-20C0278-0019', NULL, 'OG3-20C0278-0019', '', '', NULL, NULL);
INSERT INTO `cutting_detail` VALUES (1493, 6, '34C', 'reguler', 36, 0.947, 34.092, 840, '0022(36)', 'G3-20C0278-0022', NULL, 'OG3-20C0278-0022', '', '', NULL, NULL);
INSERT INTO `cutting_detail` VALUES (1494, 6, '34C', 'reguler', 36, 0.947, 34.092, 840, '0023(36)', 'G3-20C0278-0023', NULL, 'OG3-20C0278-0023', '', '', NULL, NULL);
INSERT INTO `cutting_detail` VALUES (1495, 6, '34C', 'reguler', 36, 0.947, 34.092, 840, '0021(36)', 'G3-20C0278-0021', NULL, 'OG3-20C0278-0021', '', '', NULL, NULL);
INSERT INTO `cutting_detail` VALUES (1496, 6, '34C', 'reguler', 12, 0.947, 11.364, 840, '0024(12)', 'G3-20C0278-0024', NULL, 'OG3-20C0278-0024', '', '', NULL, NULL);
INSERT INTO `cutting_detail` VALUES (1497, 6, '34D', 'reguler', 36, 0.947, 34.092, 684, '0026(36)', 'G3-20C0278-0026', NULL, 'OG3-20C0278-0026', '', '', NULL, NULL);
INSERT INTO `cutting_detail` VALUES (1498, 6, '34D', 'reguler', 36, 0.947, 34.092, 684, '0027(36)', 'G3-20C0278-0027', NULL, 'OG3-20C0278-0027', '', '', NULL, NULL);
INSERT INTO `cutting_detail` VALUES (1499, 6, '34D', 'reguler', 36, 0.947, 34.092, 684, '0028(36)', 'G3-20C0278-0028', NULL, 'OG3-20C0278-0028', '', '', NULL, NULL);
INSERT INTO `cutting_detail` VALUES (1500, 6, '34D', 'reguler', 36, 0.947, 34.092, 684, '0029(36)', 'G3-20C0278-0029', NULL, 'OG3-20C0278-0029', '', '', NULL, NULL);
INSERT INTO `cutting_detail` VALUES (1501, 6, '34D', 'reguler', 36, 0.947, 34.092, 684, '0025(36)', 'G3-20C0278-0025', NULL, 'OG3-20C0278-0025', '', '', NULL, NULL);
INSERT INTO `cutting_detail` VALUES (1502, 6, '34D', 'reguler', 36, 0.947, 34.092, 684, '0030(36)', 'G3-20C0278-0030', NULL, 'OG3-20C0278-0030', '', '', NULL, NULL);
INSERT INTO `cutting_detail` VALUES (1503, 6, '34D', 'reguler', 36, 0.947, 34.092, 684, '0034(36)', 'G3-20C0278-0034', NULL, 'OG3-20C0278-0034', '', '', NULL, NULL);
INSERT INTO `cutting_detail` VALUES (1504, 6, '34D', 'reguler', 36, 0.947, 34.092, 684, '0032(36)', 'G3-20C0278-0032', NULL, 'OG3-20C0278-0032', '', '', NULL, NULL);
INSERT INTO `cutting_detail` VALUES (1505, 6, '34D', 'reguler', 36, 0.947, 34.092, 684, '0036(36)', 'G3-20C0278-0036', NULL, 'OG3-20C0278-0036', '', '', NULL, NULL);
INSERT INTO `cutting_detail` VALUES (1506, 6, '34D', 'reguler', 36, 0.947, 34.092, 684, '0031(36)', 'G3-20C0278-0031', NULL, 'OG3-20C0278-0031', '', '', NULL, NULL);
INSERT INTO `cutting_detail` VALUES (1507, 6, '34D', 'reguler', 36, 0.947, 34.092, 684, '0033(36)', 'G3-20C0278-0033', NULL, 'OG3-20C0278-0033', '', '', NULL, NULL);
INSERT INTO `cutting_detail` VALUES (1508, 6, '34D', 'reguler', 36, 0.947, 34.092, 684, '0035(36)', 'G3-20C0278-0035', NULL, 'OG3-20C0278-0035', '', '', NULL, NULL);
INSERT INTO `cutting_detail` VALUES (1509, 6, '34D', 'reguler', 36, 0.947, 34.092, 684, '0037(36)', 'G3-20C0278-0037', NULL, 'OG3-20C0278-0037', '', '', NULL, NULL);
INSERT INTO `cutting_detail` VALUES (1510, 6, '34D', 'reguler', 36, 0.947, 34.092, 684, '0038(36)', 'G3-20C0278-0038', NULL, 'OG3-20C0278-0038', '', '', NULL, NULL);
INSERT INTO `cutting_detail` VALUES (1511, 6, '34D', 'reguler', 36, 0.947, 34.092, 684, '0040(36)', 'G3-20C0278-0040', NULL, 'OG3-20C0278-0040', '', '', NULL, NULL);
INSERT INTO `cutting_detail` VALUES (1512, 6, '34D', 'reguler', 36, 0.947, 34.092, 684, '0042(36)', 'G3-20C0278-0042', NULL, 'OG3-20C0278-0042', '', '', NULL, NULL);
INSERT INTO `cutting_detail` VALUES (1513, 6, '34D', 'reguler', 36, 0.947, 34.092, 684, '0041(36)', 'G3-20C0278-0041', NULL, 'OG3-20C0278-0041', '', '', NULL, NULL);
INSERT INTO `cutting_detail` VALUES (1514, 6, '34D', 'reguler', 36, 0.947, 34.092, 684, '0039(36)', 'G3-20C0278-0039', NULL, 'OG3-20C0278-0039', '', '', NULL, NULL);
INSERT INTO `cutting_detail` VALUES (1515, 6, '34DD', 'reguler', 36, 0.947, 34.092, 612, '0044(36)', 'G3-20C0278-0044', NULL, 'OG3-20C0278-0044', '', '', NULL, NULL);
INSERT INTO `cutting_detail` VALUES (1516, 6, '34DD', 'reguler', 36, 0.947, 34.092, 612, '0053(36)', 'G3-20C0278-0053', NULL, 'OG3-20C0278-0053', '', '', NULL, NULL);
INSERT INTO `cutting_detail` VALUES (1517, 6, '34DD', 'reguler', 36, 0.947, 34.092, 612, '0052(36)', 'G3-20C0278-0052', NULL, 'OG3-20C0278-0052', '', '', NULL, NULL);
INSERT INTO `cutting_detail` VALUES (1518, 6, '34D', 'reguler', 36, 0.947, 34.092, 684, '0043(36)', 'G3-20C0278-0043', NULL, 'OG3-20C0278-0043', '', '', NULL, NULL);
INSERT INTO `cutting_detail` VALUES (1519, 6, '34DD', 'reguler', 36, 0.947, 34.092, 612, '0045(36)', 'G3-20C0278-0045', NULL, 'OG3-20C0278-0045', '', '', NULL, NULL);
INSERT INTO `cutting_detail` VALUES (1520, 6, '34DD', 'reguler', 36, 0.947, 34.092, 612, '0054(36)', 'G3-20C0278-0054', NULL, 'OG3-20C0278-0054', '', '', NULL, NULL);
INSERT INTO `cutting_detail` VALUES (1521, 6, '34DD', 'reguler', 36, 0.947, 34.092, 612, '0060(36)', 'G3-20C0278-0060', NULL, 'OG3-20C0278-0060', '', '', NULL, NULL);
INSERT INTO `cutting_detail` VALUES (1522, 6, '34DD', 'reguler', 36, 0.947, 34.092, 612, '0055(36)', 'G3-20C0278-0055', NULL, 'OG3-20C0278-0055', '', '', NULL, NULL);
INSERT INTO `cutting_detail` VALUES (1523, 6, '34DD', 'reguler', 36, 0.947, 34.092, 612, '0057(36)', 'G3-20C0278-0057', NULL, 'OG3-20C0278-0057', '', '', NULL, NULL);
INSERT INTO `cutting_detail` VALUES (1524, 6, '34DD', 'reguler', 36, 0.947, 34.092, 612, '0058(36)', 'G3-20C0278-0058', NULL, 'OG3-20C0278-0058', '', '', NULL, NULL);
INSERT INTO `cutting_detail` VALUES (1525, 6, '34DD', 'reguler', 36, 0.947, 34.092, 612, '0056(36)', 'G3-20C0278-0056', NULL, 'OG3-20C0278-0056', '', '', NULL, NULL);
INSERT INTO `cutting_detail` VALUES (1526, 6, '36B', 'reguler', 36, 0.947, 34.092, 1404, '0061(36)', 'G3-20C0278-0061', NULL, 'OG3-20C0278-0061', '', '', NULL, NULL);
INSERT INTO `cutting_detail` VALUES (1527, 6, '36B', 'reguler', 36, 0.947, 34.092, 1404, '0062(36)', 'G3-20C0278-0062', NULL, 'OG3-20C0278-0062', '', '', NULL, NULL);
INSERT INTO `cutting_detail` VALUES (1528, 6, '34DD', 'reguler', 36, 0.947, 34.092, 612, '0059(36)', 'G3-20C0278-0059', NULL, 'OG3-20C0278-0059', '', '', NULL, NULL);
INSERT INTO `cutting_detail` VALUES (1529, 6, '36B', 'reguler', 36, 0.947, 34.092, 1404, '0064(36)', 'G3-20C0278-0064', NULL, 'OG3-20C0278-0064', '', '', NULL, NULL);
INSERT INTO `cutting_detail` VALUES (1530, 6, '36B', 'reguler', 36, 0.947, 34.092, 1404, '0065(36)', 'G3-20C0278-0065', NULL, 'OG3-20C0278-0065', '', '', NULL, NULL);
INSERT INTO `cutting_detail` VALUES (1531, 6, '36B', 'reguler', 36, 0.947, 34.092, 1404, '0063(36)', 'G3-20C0278-0063', NULL, 'OG3-20C0278-0063', '', '', NULL, NULL);
INSERT INTO `cutting_detail` VALUES (1532, 6, '36B', 'reguler', 36, 0.947, 34.092, 1404, '0067(36)', 'G3-20C0278-0067', NULL, 'OG3-20C0278-0067', '', '', NULL, NULL);
INSERT INTO `cutting_detail` VALUES (1533, 6, '36B', 'reguler', 36, 0.947, 34.092, 1404, '0066(36)', 'G3-20C0278-0066', NULL, 'OG3-20C0278-0066', '', '', NULL, NULL);
INSERT INTO `cutting_detail` VALUES (1534, 6, '36B', 'reguler', 36, 0.947, 34.092, 1404, '0069(36)', 'G3-20C0278-0069', NULL, 'OG3-20C0278-0069', '', '', NULL, NULL);
INSERT INTO `cutting_detail` VALUES (1535, 6, '36B', 'reguler', 36, 0.947, 34.092, 1404, '0070(36)', 'G3-20C0278-0070', NULL, 'OG3-20C0278-0070', '', '', NULL, NULL);
INSERT INTO `cutting_detail` VALUES (1536, 6, '36B', 'reguler', 36, 0.947, 34.092, 1404, '0074(36)', 'G3-20C0278-0074', NULL, 'OG3-20C0278-0074', '', '', NULL, NULL);
INSERT INTO `cutting_detail` VALUES (1537, 6, '36B', 'reguler', 36, 0.947, 34.092, 1404, '0068(36)', 'G3-20C0278-0068', NULL, 'OG3-20C0278-0068', '', '', NULL, NULL);
INSERT INTO `cutting_detail` VALUES (1538, 6, '36B', 'reguler', 36, 0.947, 34.092, 1404, '0071(36)', 'G3-20C0278-0071', NULL, 'OG3-20C0278-0071', '', '', NULL, NULL);
INSERT INTO `cutting_detail` VALUES (1539, 6, '36B', 'reguler', 36, 0.947, 34.092, 1404, '0072(36)', 'G3-20C0278-0072', NULL, 'OG3-20C0278-0072', '', '', NULL, NULL);
INSERT INTO `cutting_detail` VALUES (1540, 6, '36B', 'reguler', 36, 0.947, 34.092, 1404, '0073(36)', 'G3-20C0278-0073', NULL, 'OG3-20C0278-0073', '', '', NULL, NULL);
INSERT INTO `cutting_detail` VALUES (1541, 6, '36B', 'reguler', 36, 0.947, 34.092, 1404, '0075(36)', 'G3-20C0278-0075', NULL, 'OG3-20C0278-0075', '', '', NULL, NULL);
INSERT INTO `cutting_detail` VALUES (1542, 6, '36B', 'reguler', 36, 0.947, 34.092, 1404, '0081(36)', 'G3-20C0278-0081', NULL, 'OG3-20C0278-0081', '', '', NULL, NULL);
INSERT INTO `cutting_detail` VALUES (1543, 6, '36B', 'reguler', 36, 0.947, 34.092, 1404, '0077(36)', 'G3-20C0278-0077', NULL, 'OG3-20C0278-0077', '', '', NULL, NULL);
INSERT INTO `cutting_detail` VALUES (1544, 6, '36B', 'reguler', 36, 0.947, 34.092, 1404, '0076(36)', 'G3-20C0278-0076', NULL, 'OG3-20C0278-0076', '', '', NULL, NULL);
INSERT INTO `cutting_detail` VALUES (1545, 6, '36B', 'reguler', 36, 0.947, 34.092, 1404, '0078(36)', 'G3-20C0278-0078', NULL, 'OG3-20C0278-0078', '', '', NULL, NULL);
INSERT INTO `cutting_detail` VALUES (1546, 6, '36B', 'reguler', 36, 0.947, 34.092, 1404, '0080(36)', 'G3-20C0278-0080', NULL, 'OG3-20C0278-0080', '', '', NULL, NULL);
INSERT INTO `cutting_detail` VALUES (1547, 6, '36B', 'reguler', 36, 0.947, 34.092, 1404, '0084(36)', 'G3-20C0278-0084', NULL, 'OG3-20C0278-0084', '', '', NULL, NULL);
INSERT INTO `cutting_detail` VALUES (1548, 6, '36B', 'reguler', 36, 0.947, 34.092, 1404, '0088(36)', 'G3-20C0278-0088', NULL, 'OG3-20C0278-0088', '', '', NULL, NULL);
INSERT INTO `cutting_detail` VALUES (1549, 6, '36B', 'reguler', 36, 0.947, 34.092, 1404, '0079(36)', 'G3-20C0278-0079', NULL, 'OG3-20C0278-0079', '', '', NULL, NULL);
INSERT INTO `cutting_detail` VALUES (1550, 6, '36B', 'reguler', 36, 0.947, 34.092, 1404, '0086(36)', 'G3-20C0278-0086', NULL, 'OG3-20C0278-0086', '', '', NULL, NULL);
INSERT INTO `cutting_detail` VALUES (1551, 6, '36B', 'reguler', 36, 0.947, 34.092, 1404, '0082(36)', 'G3-20C0278-0082', NULL, 'OG3-20C0278-0082', '', '', NULL, NULL);
INSERT INTO `cutting_detail` VALUES (1552, 6, '36B', 'reguler', 36, 0.947, 34.092, 1404, '0093(36)', 'G3-20C0278-0093', NULL, 'OG3-20C0278-0093', '', '', NULL, NULL);
INSERT INTO `cutting_detail` VALUES (1553, 6, '36B', 'reguler', 36, 0.947, 34.092, 1404, '0094(36)', 'G3-20C0278-0094', NULL, 'OG3-20C0278-0094', '', '', NULL, NULL);
INSERT INTO `cutting_detail` VALUES (1554, 6, '36B', 'reguler', 36, 0.947, 34.092, 1404, '0092(36)', 'G3-20C0278-0092', NULL, 'OG3-20C0278-0092', '', '', NULL, NULL);
INSERT INTO `cutting_detail` VALUES (1555, 6, '36B', 'reguler', 36, 0.947, 34.092, 1404, '0083(36)', 'G3-20C0278-0083', NULL, 'OG3-20C0278-0083', '', '', NULL, NULL);
INSERT INTO `cutting_detail` VALUES (1556, 6, '36B', 'reguler', 36, 0.947, 34.092, 1404, '0085(36)', 'G3-20C0278-0085', NULL, 'OG3-20C0278-0085', '', '', NULL, NULL);
INSERT INTO `cutting_detail` VALUES (1557, 6, '36B', 'reguler', 36, 0.947, 34.092, 1404, '0087(36)', 'G3-20C0278-0087', NULL, 'OG3-20C0278-0087', '', '', NULL, NULL);
INSERT INTO `cutting_detail` VALUES (1558, 6, '36B', 'reguler', 36, 0.947, 34.092, 1404, '0090(36)', 'G3-20C0278-0090', NULL, 'OG3-20C0278-0090', '', '', NULL, NULL);
INSERT INTO `cutting_detail` VALUES (1559, 6, '36B', 'reguler', 36, 0.947, 34.092, 1404, '0095(36)', 'G3-20C0278-0095', NULL, 'OG3-20C0278-0095', '', '', NULL, NULL);
INSERT INTO `cutting_detail` VALUES (1560, 6, '36B', 'reguler', 36, 0.947, 34.092, 1404, '0091(36)', 'G3-20C0278-0091', NULL, 'OG3-20C0278-0091', '', '', NULL, NULL);
INSERT INTO `cutting_detail` VALUES (1561, 6, '36B', 'reguler', 36, 0.947, 34.092, 1404, '0098(36)', 'G3-20C0278-0098', NULL, 'OG3-20C0278-0098', '', '', NULL, NULL);
INSERT INTO `cutting_detail` VALUES (1562, 6, '36B', 'reguler', 36, 0.947, 34.092, 1404, '0099(36)', 'G3-20C0278-0099', NULL, 'OG3-20C0278-0099', '', '', NULL, NULL);
INSERT INTO `cutting_detail` VALUES (1563, 6, '36B', 'reguler', 36, 0.947, 34.092, 1404, '0089(36)', 'G3-20C0278-0089', NULL, 'OG3-20C0278-0089', '', '', NULL, NULL);
INSERT INTO `cutting_detail` VALUES (1564, 6, '36B', 'reguler', 36, 0.947, 34.092, 1404, '0097(36)', 'G3-20C0278-0097', NULL, 'OG3-20C0278-0097', '', '', NULL, NULL);
INSERT INTO `cutting_detail` VALUES (1565, 6, '36B', 'reguler', 36, 0.947, 34.092, 1404, '0096(36)', 'G3-20C0278-0096', NULL, 'OG3-20C0278-0096', '', '', NULL, NULL);
INSERT INTO `cutting_detail` VALUES (1566, 6, '36C', 'reguler', 36, 0.947, 34.092, 1992, '0100(36)', 'G3-20C0278-0100', NULL, 'OG3-20C0278-0100', '', '', NULL, NULL);
INSERT INTO `cutting_detail` VALUES (1567, 6, '36C', 'reguler', 36, 0.947, 34.092, 1992, '0105(36)', 'G3-20C0278-0105', NULL, 'OG3-20C0278-0105', '', '', NULL, NULL);
INSERT INTO `cutting_detail` VALUES (1568, 6, '36C', 'reguler', 36, 0.947, 34.092, 1992, '0102(36)', 'G3-20C0278-0102', NULL, 'OG3-20C0278-0102', '', '', NULL, NULL);
INSERT INTO `cutting_detail` VALUES (1569, 6, '36C', 'reguler', 36, 0.947, 34.092, 1992, '0101(36)', 'G3-20C0278-0101', NULL, 'OG3-20C0278-0101', '', '', NULL, NULL);
INSERT INTO `cutting_detail` VALUES (1570, 6, '36C', 'reguler', 36, 0.947, 34.092, 1992, '0104(36)', 'G3-20C0278-0104', NULL, 'OG3-20C0278-0104', '', '', NULL, NULL);
INSERT INTO `cutting_detail` VALUES (1571, 6, '36C', 'reguler', 36, 0.947, 34.092, 1992, '0108(36)', 'G3-20C0278-0108', NULL, 'OG3-20C0278-0108', '', '', NULL, NULL);
INSERT INTO `cutting_detail` VALUES (1572, 6, '36C', 'reguler', 36, 0.947, 34.092, 1992, '0103(36)', 'G3-20C0278-0103', NULL, 'OG3-20C0278-0103', '', '', NULL, NULL);
INSERT INTO `cutting_detail` VALUES (1573, 6, '36C', 'reguler', 36, 0.947, 34.092, 1992, '0106(36)', 'G3-20C0278-0106', NULL, 'OG3-20C0278-0106', '', '', NULL, NULL);
INSERT INTO `cutting_detail` VALUES (1574, 6, '36C', 'reguler', 36, 0.947, 34.092, 1992, '0111(36)', 'G3-20C0278-0111', NULL, 'OG3-20C0278-0111', '', '', NULL, NULL);
INSERT INTO `cutting_detail` VALUES (1575, 6, '36C', 'reguler', 36, 0.947, 34.092, 1992, '0109(36)', 'G3-20C0278-0109', NULL, 'OG3-20C0278-0109', '', '', NULL, NULL);
INSERT INTO `cutting_detail` VALUES (1576, 6, '36C', 'reguler', 36, 0.947, 34.092, 1992, '0110(36)', 'G3-20C0278-0110', NULL, 'OG3-20C0278-0110', '', '', NULL, NULL);
INSERT INTO `cutting_detail` VALUES (1577, 6, '36C', 'reguler', 36, 0.947, 34.092, 1992, '0112(36)', 'G3-20C0278-0112', NULL, 'OG3-20C0278-0112', '', '', NULL, NULL);
INSERT INTO `cutting_detail` VALUES (1578, 6, '36C', 'reguler', 36, 0.947, 34.092, 1992, '0115(36)', 'G3-20C0278-0115', NULL, 'OG3-20C0278-0115', '', '', NULL, NULL);
INSERT INTO `cutting_detail` VALUES (1579, 6, '36C', 'reguler', 36, 0.947, 34.092, 1992, '0107(36)', 'G3-20C0278-0107', NULL, 'OG3-20C0278-0107', '', '', NULL, NULL);
INSERT INTO `cutting_detail` VALUES (1580, 6, '36C', 'reguler', 36, 0.947, 34.092, 1992, '0114(36)', 'G3-20C0278-0114', NULL, 'OG3-20C0278-0114', '', '', NULL, NULL);
INSERT INTO `cutting_detail` VALUES (1581, 6, '36C', 'reguler', 36, 0.947, 34.092, 1992, '0113(36)', 'G3-20C0278-0113', NULL, 'OG3-20C0278-0113', '', '', NULL, NULL);
INSERT INTO `cutting_detail` VALUES (1582, 6, '36C', 'reguler', 36, 0.947, 34.092, 1992, '0116(36)', 'G3-20C0278-0116', NULL, 'OG3-20C0278-0116', '', '', NULL, NULL);
INSERT INTO `cutting_detail` VALUES (1583, 6, '36C', 'reguler', 36, 0.947, 34.092, 1992, '0122(36)', 'G3-20C0278-0122', NULL, 'OG3-20C0278-0122', '', '', NULL, NULL);
INSERT INTO `cutting_detail` VALUES (1584, 6, '36C', 'reguler', 36, 0.947, 34.092, 1992, '0117(36)', 'G3-20C0278-0117', NULL, 'OG3-20C0278-0117', '', '', NULL, NULL);
INSERT INTO `cutting_detail` VALUES (1585, 6, '36C', 'reguler', 36, 0.947, 34.092, 1992, '0118(36)', 'G3-20C0278-0118', NULL, 'OG3-20C0278-0118', '', '', NULL, NULL);
INSERT INTO `cutting_detail` VALUES (1586, 6, '36C', 'reguler', 36, 0.947, 34.092, 1992, '0120(36)', 'G3-20C0278-0120', NULL, 'OG3-20C0278-0120', '', '', NULL, NULL);
INSERT INTO `cutting_detail` VALUES (1587, 6, '36C', 'reguler', 36, 0.947, 34.092, 1992, '0119(36)', 'G3-20C0278-0119', NULL, 'OG3-20C0278-0119', '', '', NULL, NULL);
INSERT INTO `cutting_detail` VALUES (1588, 6, '36C', 'reguler', 36, 0.947, 34.092, 1992, '0124(36)', 'G3-20C0278-0124', NULL, 'OG3-20C0278-0124', '', '', NULL, NULL);
INSERT INTO `cutting_detail` VALUES (1589, 6, '36C', 'reguler', 36, 0.947, 34.092, 1992, '0128(36)', 'G3-20C0278-0128', NULL, 'OG3-20C0278-0128', '', '', NULL, NULL);
INSERT INTO `cutting_detail` VALUES (1590, 6, '36C', 'reguler', 36, 0.947, 34.092, 1992, '0125(36)', 'G3-20C0278-0125', NULL, 'OG3-20C0278-0125', '', '', NULL, NULL);
INSERT INTO `cutting_detail` VALUES (1591, 6, '36C', 'reguler', 36, 0.947, 34.092, 1992, '0126(36)', 'G3-20C0278-0126', NULL, 'OG3-20C0278-0126', '', '', NULL, NULL);
INSERT INTO `cutting_detail` VALUES (1592, 6, '36C', 'reguler', 36, 0.947, 34.092, 1992, '0127(36)', 'G3-20C0278-0127', NULL, 'OG3-20C0278-0127', '', '', NULL, NULL);
INSERT INTO `cutting_detail` VALUES (1593, 6, '36C', 'reguler', 36, 0.947, 34.092, 1992, '0121(36)', 'G3-20C0278-0121', NULL, 'OG3-20C0278-0121', '', '', NULL, NULL);
INSERT INTO `cutting_detail` VALUES (1594, 6, '36C', 'reguler', 36, 0.947, 34.092, 1992, '0123(36)', 'G3-20C0278-0123', NULL, 'OG3-20C0278-0123', '', '', NULL, NULL);
INSERT INTO `cutting_detail` VALUES (1595, 6, '36C', 'reguler', 36, 0.947, 34.092, 1992, '0130(36)', 'G3-20C0278-0130', NULL, 'OG3-20C0278-0130', '', '', NULL, NULL);
INSERT INTO `cutting_detail` VALUES (1596, 6, '36C', 'reguler', 36, 0.947, 34.092, 1992, '0134(36)', 'G3-20C0278-0134', NULL, 'OG3-20C0278-0134', '', '', NULL, NULL);
INSERT INTO `cutting_detail` VALUES (1597, 6, '36C', 'reguler', 36, 0.947, 34.092, 1992, '0132(36)', 'G3-20C0278-0132', NULL, 'OG3-20C0278-0132', '', '', NULL, NULL);
INSERT INTO `cutting_detail` VALUES (1598, 6, '36C', 'reguler', 36, 0.947, 34.092, 1992, '0131(36)', 'G3-20C0278-0131', NULL, 'OG3-20C0278-0131', '', '', NULL, NULL);
INSERT INTO `cutting_detail` VALUES (1599, 6, '36C', 'reguler', 36, 0.947, 34.092, 1992, '0129(36)', 'G3-20C0278-0129', NULL, 'OG3-20C0278-0129', '', '', NULL, NULL);
INSERT INTO `cutting_detail` VALUES (1600, 6, '36C', 'reguler', 36, 0.947, 34.092, 1992, '0133(36)', 'G3-20C0278-0133', NULL, 'OG3-20C0278-0133', '', '', NULL, NULL);
INSERT INTO `cutting_detail` VALUES (1601, 6, '36C', 'reguler', 36, 0.947, 34.092, 1992, '0136(36)', 'G3-20C0278-0136', NULL, 'OG3-20C0278-0136', '', '', NULL, NULL);
INSERT INTO `cutting_detail` VALUES (1602, 6, '36C', 'reguler', 36, 0.947, 34.092, 1992, '0141(36)', 'G3-20C0278-0141', NULL, 'OG3-20C0278-0141', '', '', NULL, NULL);
INSERT INTO `cutting_detail` VALUES (1603, 6, '36C', 'reguler', 36, 0.947, 34.092, 1992, '0140(36)', 'G3-20C0278-0140', NULL, 'OG3-20C0278-0140', '', '', NULL, NULL);
INSERT INTO `cutting_detail` VALUES (1604, 6, '36C', 'reguler', 36, 0.947, 34.092, 1992, '0137(36)', 'G3-20C0278-0137', NULL, 'OG3-20C0278-0137', '', '', NULL, NULL);
INSERT INTO `cutting_detail` VALUES (1605, 6, '36C', 'reguler', 36, 0.947, 34.092, 1992, '0135(36)', 'G3-20C0278-0135', NULL, 'OG3-20C0278-0135', '', '', NULL, NULL);
INSERT INTO `cutting_detail` VALUES (1606, 6, '36C', 'reguler', 36, 0.947, 34.092, 1992, '0138(36)', 'G3-20C0278-0138', NULL, 'OG3-20C0278-0138', '', '', NULL, NULL);
INSERT INTO `cutting_detail` VALUES (1607, 6, '36C', 'reguler', 36, 0.947, 34.092, 1992, '0142(36)', 'G3-20C0278-0142', NULL, 'OG3-20C0278-0142', '', '', NULL, NULL);
INSERT INTO `cutting_detail` VALUES (1608, 6, '36C', 'reguler', 36, 0.947, 34.092, 1992, '0139(36)', 'G3-20C0278-0139', NULL, 'OG3-20C0278-0139', '', '', NULL, NULL);
INSERT INTO `cutting_detail` VALUES (1609, 6, '36C', 'reguler', 36, 0.947, 34.092, 1992, '0145(36)', 'G3-20C0278-0145', NULL, 'OG3-20C0278-0145', '', '', NULL, NULL);
INSERT INTO `cutting_detail` VALUES (1610, 6, '36C', 'reguler', 36, 0.947, 34.092, 1992, '0147(36)', 'G3-20C0278-0147', NULL, 'OG3-20C0278-0147', '', '', NULL, NULL);
INSERT INTO `cutting_detail` VALUES (1611, 6, '36C', 'reguler', 36, 0.947, 34.092, 1992, '0148(36)', 'G3-20C0278-0148', NULL, 'OG3-20C0278-0148', '', '', NULL, NULL);
INSERT INTO `cutting_detail` VALUES (1612, 6, '36C', 'reguler', 36, 0.947, 34.092, 1992, '0146(36)', 'G3-20C0278-0146', NULL, 'OG3-20C0278-0146', '', '', NULL, NULL);
INSERT INTO `cutting_detail` VALUES (1613, 6, '36C', 'reguler', 36, 0.947, 34.092, 1992, '0144(36)', 'G3-20C0278-0144', NULL, 'OG3-20C0278-0144', '', '', NULL, NULL);
INSERT INTO `cutting_detail` VALUES (1614, 6, '36C', 'reguler', 36, 0.947, 34.092, 1992, '0143(36)', 'G3-20C0278-0143', NULL, 'OG3-20C0278-0143', '', '', NULL, NULL);
INSERT INTO `cutting_detail` VALUES (1615, 6, '36C', 'reguler', 36, 0.947, 34.092, 1992, '0149(36)', 'G3-20C0278-0149', NULL, 'OG3-20C0278-0149', '', '', NULL, NULL);
INSERT INTO `cutting_detail` VALUES (1616, 6, '36C', 'reguler', 36, 0.947, 34.092, 1992, '0150(36)', 'G3-20C0278-0150', NULL, 'OG3-20C0278-0150', '', '', NULL, NULL);
INSERT INTO `cutting_detail` VALUES (1617, 6, '36C', 'reguler', 36, 0.947, 34.092, 1992, '0152(36)', 'G3-20C0278-0152', NULL, 'OG3-20C0278-0152', '', '', NULL, NULL);
INSERT INTO `cutting_detail` VALUES (1618, 6, '36C', 'reguler', 36, 0.947, 34.092, 1992, '0151(36)', 'G3-20C0278-0151', NULL, 'OG3-20C0278-0151', '', '', NULL, NULL);
INSERT INTO `cutting_detail` VALUES (1619, 6, '36C', 'reguler', 36, 0.947, 34.092, 1992, '0154(36)', 'G3-20C0278-0154', NULL, 'OG3-20C0278-0154', '', '', NULL, NULL);
INSERT INTO `cutting_detail` VALUES (1620, 6, '36D', 'reguler', 36, 0.947, 34.092, 936, '0157(36)', 'G3-20C0278-0157', NULL, 'OG3-20C0278-0157', '', '', NULL, NULL);
INSERT INTO `cutting_detail` VALUES (1621, 6, '36D', 'reguler', 36, 0.947, 34.092, 936, '0158(36)', 'G3-20C0278-0158', NULL, 'OG3-20C0278-0158', '', '', NULL, NULL);
INSERT INTO `cutting_detail` VALUES (1622, 6, '36D', 'reguler', 36, 0.947, 34.092, 936, '0156(36)', 'G3-20C0278-0156', NULL, 'OG3-20C0278-0156', '', '', NULL, NULL);
INSERT INTO `cutting_detail` VALUES (1623, 6, '36D', 'reguler', 36, 0.947, 34.092, 936, '0160(36)', 'G3-20C0278-0160', NULL, 'OG3-20C0278-0160', '', '', NULL, NULL);
INSERT INTO `cutting_detail` VALUES (1624, 6, '36C', 'reguler', 36, 0.947, 34.092, 1992, '0153(36)', 'G3-20C0278-0153', NULL, 'OG3-20C0278-0153', '', '', NULL, NULL);
INSERT INTO `cutting_detail` VALUES (1625, 6, '36C', 'reguler', 12, 0.947, 11.364, 1992, '0155(12)', 'G3-20C0278-0155', NULL, 'OG3-20C0278-0155', '', '', NULL, NULL);
INSERT INTO `cutting_detail` VALUES (1626, 6, '36D', 'reguler', 36, 0.947, 34.092, 936, '0162(36)', 'G3-20C0278-0162', NULL, 'OG3-20C0278-0162', '', '', NULL, NULL);
INSERT INTO `cutting_detail` VALUES (1627, 6, '36D', 'reguler', 36, 0.947, 34.092, 936, '0163(36)', 'G3-20C0278-0163', NULL, 'OG3-20C0278-0163', '', '', NULL, NULL);
INSERT INTO `cutting_detail` VALUES (1628, 6, '36D', 'reguler', 36, 0.947, 34.092, 936, '0159(36)', 'G3-20C0278-0159', NULL, 'OG3-20C0278-0159', '', '', NULL, NULL);
INSERT INTO `cutting_detail` VALUES (1629, 6, '36D', 'reguler', 36, 0.947, 34.092, 936, '0164(36)', 'G3-20C0278-0164', NULL, 'OG3-20C0278-0164', '', '', NULL, NULL);
INSERT INTO `cutting_detail` VALUES (1630, 6, '36D', 'reguler', 36, 0.947, 34.092, 936, '0166(36)', 'G3-20C0278-0166', NULL, 'OG3-20C0278-0166', '', '', NULL, NULL);
INSERT INTO `cutting_detail` VALUES (1631, 6, '36D', 'reguler', 36, 0.947, 34.092, 936, '0165(36)', 'G3-20C0278-0165', NULL, 'OG3-20C0278-0165', '', '', NULL, NULL);
INSERT INTO `cutting_detail` VALUES (1632, 6, '36D', 'reguler', 36, 0.947, 34.092, 936, '0172(36)', 'G3-20C0278-0172', NULL, 'OG3-20C0278-0172', '', '', NULL, NULL);
INSERT INTO `cutting_detail` VALUES (1633, 6, '36D', 'reguler', 36, 0.947, 34.092, 936, '0169(36)', 'G3-20C0278-0169', NULL, 'OG3-20C0278-0169', '', '', NULL, NULL);
INSERT INTO `cutting_detail` VALUES (1634, 6, '36D', 'reguler', 36, 0.947, 34.092, 936, '0171(36)', 'G3-20C0278-0171', NULL, 'OG3-20C0278-0171', '', '', NULL, NULL);
INSERT INTO `cutting_detail` VALUES (1635, 6, '36D', 'reguler', 36, 0.947, 34.092, 936, '0170(36)', 'G3-20C0278-0170', NULL, 'OG3-20C0278-0170', '', '', NULL, NULL);
INSERT INTO `cutting_detail` VALUES (1636, 6, '36D', 'reguler', 36, 0.947, 34.092, 936, '0167(36)', 'G3-20C0278-0167', NULL, 'OG3-20C0278-0167', '', '', NULL, NULL);
INSERT INTO `cutting_detail` VALUES (1637, 6, '36D', 'reguler', 36, 0.947, 34.092, 936, '0161(36)', 'G3-20C0278-0161', NULL, 'OG3-20C0278-0161', '', '', NULL, NULL);
INSERT INTO `cutting_detail` VALUES (1638, 6, '36D', 'reguler', 36, 0.947, 34.092, 936, '0174(36)', 'G3-20C0278-0174', NULL, 'OG3-20C0278-0174', '', '', NULL, NULL);
INSERT INTO `cutting_detail` VALUES (1639, 6, '36D', 'reguler', 36, 0.947, 34.092, 936, '0168(36)', 'G3-20C0278-0168', NULL, 'OG3-20C0278-0168', '', '', NULL, NULL);
INSERT INTO `cutting_detail` VALUES (1640, 6, '36D', 'reguler', 36, 0.947, 34.092, 936, '0176(36)', 'G3-20C0278-0176', NULL, 'OG3-20C0278-0176', '', '', NULL, NULL);
INSERT INTO `cutting_detail` VALUES (1641, 6, '36D', 'reguler', 36, 0.947, 34.092, 936, '0173(36)', 'G3-20C0278-0173', NULL, 'OG3-20C0278-0173', '', '', NULL, NULL);
INSERT INTO `cutting_detail` VALUES (1642, 6, '36D', 'reguler', 36, 0.947, 34.092, 936, '0178(36)', 'G3-20C0278-0178', NULL, 'OG3-20C0278-0178', '', '', NULL, NULL);
INSERT INTO `cutting_detail` VALUES (1643, 6, '36D', 'reguler', 36, 0.947, 34.092, 936, '0175(36)', 'G3-20C0278-0175', NULL, 'OG3-20C0278-0175', '', '', NULL, NULL);
INSERT INTO `cutting_detail` VALUES (1644, 6, '36D', 'reguler', 36, 0.947, 34.092, 936, '0177(36)', 'G3-20C0278-0177', NULL, 'OG3-20C0278-0177', '', '', NULL, NULL);
INSERT INTO `cutting_detail` VALUES (1645, 6, '36DD', 'reguler', 36, 0.947, 34.092, 696, '0182(36)', 'G3-20C0278-0182', NULL, 'OG3-20C0278-0182', '', '', NULL, NULL);
INSERT INTO `cutting_detail` VALUES (1646, 6, '36D', 'reguler', 36, 0.947, 34.092, 936, '0180(36)', 'G3-20C0278-0180', NULL, 'OG3-20C0278-0180', '', '', NULL, NULL);
INSERT INTO `cutting_detail` VALUES (1647, 6, '36DD', 'reguler', 36, 0.947, 34.092, 696, '0183(36)', 'G3-20C0278-0183', NULL, 'OG3-20C0278-0183', '', '', NULL, NULL);
INSERT INTO `cutting_detail` VALUES (1648, 6, '36D', 'reguler', 36, 0.947, 34.092, 936, '0179(36)', 'G3-20C0278-0179', NULL, 'OG3-20C0278-0179', '', '', NULL, NULL);
INSERT INTO `cutting_detail` VALUES (1649, 6, '36D', 'reguler', 36, 0.947, 34.092, 936, '0181(36)', 'G3-20C0278-0181', NULL, 'OG3-20C0278-0181', '', '', NULL, NULL);
INSERT INTO `cutting_detail` VALUES (1650, 6, '36DD', 'reguler', 36, 0.947, 34.092, 696, '0184(36)', 'G3-20C0278-0184', NULL, 'OG3-20C0278-0184', '', '', NULL, NULL);
INSERT INTO `cutting_detail` VALUES (1651, 6, '36DD', 'reguler', 36, 0.947, 34.092, 696, '0190(36)', 'G3-20C0278-0190', NULL, 'OG3-20C0278-0190', '', '', NULL, NULL);
INSERT INTO `cutting_detail` VALUES (1652, 6, '36DD', 'reguler', 36, 0.947, 34.092, 696, '0188(36)', 'G3-20C0278-0188', NULL, 'OG3-20C0278-0188', '', '', NULL, NULL);
INSERT INTO `cutting_detail` VALUES (1653, 6, '36DD', 'reguler', 36, 0.947, 34.092, 696, '0185(36)', 'G3-20C0278-0185', NULL, 'OG3-20C0278-0185', '', '', NULL, NULL);
INSERT INTO `cutting_detail` VALUES (1654, 6, '36DD', 'reguler', 36, 0.947, 34.092, 696, '0186(36)', 'G3-20C0278-0186', NULL, 'OG3-20C0278-0186', '', '', NULL, NULL);
INSERT INTO `cutting_detail` VALUES (1655, 6, '36DD', 'reguler', 36, 0.947, 34.092, 696, '0189(36)', 'G3-20C0278-0189', NULL, 'OG3-20C0278-0189', '', '', NULL, NULL);
INSERT INTO `cutting_detail` VALUES (1656, 6, '36DD', 'reguler', 36, 0.947, 34.092, 696, '0187(36)', 'G3-20C0278-0187', NULL, 'OG3-20C0278-0187', '', '', NULL, NULL);
INSERT INTO `cutting_detail` VALUES (1657, 6, '36DD', 'reguler', 36, 0.947, 34.092, 696, '0193(36)', 'G3-20C0278-0193', NULL, 'OG3-20C0278-0193', '', '', NULL, NULL);
INSERT INTO `cutting_detail` VALUES (1658, 6, '36DD', 'reguler', 36, 0.947, 34.092, 696, '0194(36)', 'G3-20C0278-0194', NULL, 'OG3-20C0278-0194', '', '', NULL, NULL);
INSERT INTO `cutting_detail` VALUES (1659, 6, '36DD', 'reguler', 36, 0.947, 34.092, 696, '0196(36)', 'G3-20C0278-0196', NULL, 'OG3-20C0278-0196', '', '', NULL, NULL);
INSERT INTO `cutting_detail` VALUES (1660, 6, '36DD', 'reguler', 36, 0.947, 34.092, 696, '0192(36)', 'G3-20C0278-0192', NULL, 'OG3-20C0278-0192', '', '', NULL, NULL);
INSERT INTO `cutting_detail` VALUES (1661, 6, '36DD', 'reguler', 36, 0.947, 34.092, 696, '0195(36)', 'G3-20C0278-0195', NULL, 'OG3-20C0278-0195', '', '', NULL, NULL);
INSERT INTO `cutting_detail` VALUES (1662, 6, '36DD', 'reguler', 36, 0.947, 34.092, 696, '0191(36)', 'G3-20C0278-0191', NULL, 'OG3-20C0278-0191', '', '', NULL, NULL);
INSERT INTO `cutting_detail` VALUES (1663, 6, '36DD', 'reguler', 36, 0.947, 34.092, 696, '0197(36)', 'G3-20C0278-0197', NULL, 'OG3-20C0278-0197', '', '', NULL, NULL);
INSERT INTO `cutting_detail` VALUES (1664, 6, '36DD', 'reguler', 36, 0.947, 34.092, 696, '0200(36)', 'G3-20C0278-0200', NULL, 'OG3-20C0278-0200', '', '', NULL, NULL);
INSERT INTO `cutting_detail` VALUES (1665, 6, '36DD', 'reguler', 36, 0.947, 34.092, 696, '0198(36)', 'G3-20C0278-0198', NULL, 'OG3-20C0278-0198', '', '', NULL, NULL);
INSERT INTO `cutting_detail` VALUES (1666, 6, '36DD', 'reguler', 36, 0.947, 34.092, 696, '0199(36)', 'G3-20C0278-0199', NULL, 'OG3-20C0278-0199', '', '', NULL, NULL);
INSERT INTO `cutting_detail` VALUES (1667, 6, '38B', 'reguler', 36, 0.947, 34.092, 1620, '0202(36)', 'G3-20C0278-0202', NULL, 'OG3-20C0278-0202', '', '', NULL, NULL);
INSERT INTO `cutting_detail` VALUES (1668, 6, '36DD', 'reguler', 12, 0.947, 11.364, 696, '0201(12)', 'G3-20C0278-0201', NULL, 'OG3-20C0278-0201', '', '', NULL, NULL);
INSERT INTO `cutting_detail` VALUES (1669, 6, '38B', 'reguler', 36, 0.947, 34.092, 1620, '0204(36)', 'G3-20C0278-0204', NULL, 'OG3-20C0278-0204', '', '', NULL, NULL);
INSERT INTO `cutting_detail` VALUES (1670, 6, '38B', 'reguler', 36, 0.947, 34.092, 1620, '0203(36)', 'G3-20C0278-0203', NULL, 'OG3-20C0278-0203', '', '', NULL, NULL);
INSERT INTO `cutting_detail` VALUES (1671, 6, '38B', 'reguler', 36, 0.947, 34.092, 1620, '0207(36)', 'G3-20C0278-0207', NULL, 'OG3-20C0278-0207', '', '', NULL, NULL);
INSERT INTO `cutting_detail` VALUES (1672, 6, '38B', 'reguler', 36, 0.947, 34.092, 1620, '0206(36)', 'G3-20C0278-0206', NULL, 'OG3-20C0278-0206', '', '', NULL, NULL);
INSERT INTO `cutting_detail` VALUES (1673, 6, '38B', 'reguler', 36, 0.947, 34.092, 1620, '0208(36)', 'G3-20C0278-0208', NULL, 'OG3-20C0278-0208', '', '', NULL, NULL);
INSERT INTO `cutting_detail` VALUES (1674, 6, '38B', 'reguler', 36, 0.947, 34.092, 1620, '0205(36)', 'G3-20C0278-0205', NULL, 'OG3-20C0278-0205', '', '', NULL, NULL);
INSERT INTO `cutting_detail` VALUES (1675, 6, '38B', 'reguler', 36, 0.947, 34.092, 1620, '0212(36)', 'G3-20C0278-0212', NULL, 'OG3-20C0278-0212', '', '', NULL, NULL);
INSERT INTO `cutting_detail` VALUES (1676, 6, '38B', 'reguler', 36, 0.947, 34.092, 1620, '0214(36)', 'G3-20C0278-0214', NULL, 'OG3-20C0278-0214', '', '', NULL, NULL);
INSERT INTO `cutting_detail` VALUES (1677, 6, '38B', 'reguler', 36, 0.947, 34.092, 1620, '0210(36)', 'G3-20C0278-0210', NULL, 'OG3-20C0278-0210', '', '', NULL, NULL);
INSERT INTO `cutting_detail` VALUES (1678, 6, '38B', 'reguler', 36, 0.947, 34.092, 1620, '0209(36)', 'G3-20C0278-0209', NULL, 'OG3-20C0278-0209', '', '', NULL, NULL);
INSERT INTO `cutting_detail` VALUES (1679, 6, '38B', 'reguler', 36, 0.947, 34.092, 1620, '0213(36)', 'G3-20C0278-0213', NULL, 'OG3-20C0278-0213', '', '', NULL, NULL);
INSERT INTO `cutting_detail` VALUES (1680, 6, '38B', 'reguler', 36, 0.947, 34.092, 1620, '0211(36)', 'G3-20C0278-0211', NULL, 'OG3-20C0278-0211', '', '', NULL, NULL);
INSERT INTO `cutting_detail` VALUES (1681, 6, '38B', 'reguler', 36, 0.947, 34.092, 1620, '0219(36)', 'G3-20C0278-0219', NULL, 'OG3-20C0278-0219', '', '', NULL, NULL);
INSERT INTO `cutting_detail` VALUES (1682, 6, '38B', 'reguler', 36, 0.947, 34.092, 1620, '0217(36)', 'G3-20C0278-0217', NULL, 'OG3-20C0278-0217', '', '', NULL, NULL);
INSERT INTO `cutting_detail` VALUES (1683, 6, '38B', 'reguler', 36, 0.947, 34.092, 1620, '0216(36)', 'G3-20C0278-0216', NULL, 'OG3-20C0278-0216', '', '', NULL, NULL);
INSERT INTO `cutting_detail` VALUES (1684, 6, '38B', 'reguler', 36, 0.947, 34.092, 1620, '0220(36)', 'G3-20C0278-0220', NULL, 'OG3-20C0278-0220', '', '', NULL, NULL);
INSERT INTO `cutting_detail` VALUES (1685, 6, '38B', 'reguler', 36, 0.947, 34.092, 1620, '0215(36)', 'G3-20C0278-0215', NULL, 'OG3-20C0278-0215', '', '', NULL, NULL);
INSERT INTO `cutting_detail` VALUES (1686, 6, '38B', 'reguler', 36, 0.947, 34.092, 1620, '0218(36)', 'G3-20C0278-0218', NULL, 'OG3-20C0278-0218', '', '', NULL, NULL);
INSERT INTO `cutting_detail` VALUES (1687, 6, '38B', 'reguler', 36, 0.947, 34.092, 1620, '0224(36)', 'G3-20C0278-0224', NULL, 'OG3-20C0278-0224', '', '', NULL, NULL);
INSERT INTO `cutting_detail` VALUES (1688, 6, '38B', 'reguler', 36, 0.947, 34.092, 1620, '0222(36)', 'G3-20C0278-0222', NULL, 'OG3-20C0278-0222', '', '', NULL, NULL);
INSERT INTO `cutting_detail` VALUES (1689, 6, '38B', 'reguler', 36, 0.947, 34.092, 1620, '0221(36)', 'G3-20C0278-0221', NULL, 'OG3-20C0278-0221', '', '', NULL, NULL);
INSERT INTO `cutting_detail` VALUES (1690, 6, '38B', 'reguler', 36, 0.947, 34.092, 1620, '0223(36)', 'G3-20C0278-0223', NULL, 'OG3-20C0278-0223', '', '', NULL, NULL);
INSERT INTO `cutting_detail` VALUES (1691, 6, '38B', 'reguler', 36, 0.947, 34.092, 1620, '0225(36)', 'G3-20C0278-0225', NULL, 'OG3-20C0278-0225', '', '', NULL, NULL);
INSERT INTO `cutting_detail` VALUES (1692, 6, '38B', 'reguler', 36, 0.947, 34.092, 1620, '0226(36)', 'G3-20C0278-0226', NULL, 'OG3-20C0278-0226', '', '', NULL, NULL);
INSERT INTO `cutting_detail` VALUES (1693, 6, '38B', 'reguler', 36, 0.947, 34.092, 1620, '0229(36)', 'G3-20C0278-0229', NULL, 'OG3-20C0278-0229', '', '', NULL, NULL);
INSERT INTO `cutting_detail` VALUES (1694, 6, '38B', 'reguler', 36, 0.947, 34.092, 1620, '0228(36)', 'G3-20C0278-0228', NULL, 'OG3-20C0278-0228', '', '', NULL, NULL);
INSERT INTO `cutting_detail` VALUES (1695, 6, '38B', 'reguler', 36, 0.947, 34.092, 1620, '0232(36)', 'G3-20C0278-0232', NULL, 'OG3-20C0278-0232', '', '', NULL, NULL);
INSERT INTO `cutting_detail` VALUES (1696, 6, '38B', 'reguler', 36, 0.947, 34.092, 1620, '0230(36)', 'G3-20C0278-0230', NULL, 'OG3-20C0278-0230', '', '', NULL, NULL);
INSERT INTO `cutting_detail` VALUES (1697, 6, '38B', 'reguler', 36, 0.947, 34.092, 1620, '0227(36)', 'G3-20C0278-0227', NULL, 'OG3-20C0278-0227', '', '', NULL, NULL);
INSERT INTO `cutting_detail` VALUES (1698, 6, '38B', 'reguler', 36, 0.947, 34.092, 1620, '0231(36)', 'G3-20C0278-0231', NULL, 'OG3-20C0278-0231', '', '', NULL, NULL);
INSERT INTO `cutting_detail` VALUES (1699, 6, '38B', 'reguler', 36, 0.947, 34.092, 1620, '0235(36)', 'G3-20C0278-0235', NULL, 'OG3-20C0278-0235', '', '', NULL, NULL);
INSERT INTO `cutting_detail` VALUES (1700, 6, '38B', 'reguler', 36, 0.947, 34.092, 1620, '0236(36)', 'G3-20C0278-0236', NULL, 'OG3-20C0278-0236', '', '', NULL, NULL);
INSERT INTO `cutting_detail` VALUES (1701, 6, '38B', 'reguler', 36, 0.947, 34.092, 1620, '0238(36)', 'G3-20C0278-0238', NULL, 'OG3-20C0278-0238', '', '', NULL, NULL);
INSERT INTO `cutting_detail` VALUES (1702, 6, '38B', 'reguler', 36, 0.947, 34.092, 1620, '0234(36)', 'G3-20C0278-0234', NULL, 'OG3-20C0278-0234', '', '', NULL, NULL);
INSERT INTO `cutting_detail` VALUES (1703, 6, '38B', 'reguler', 36, 0.947, 34.092, 1620, '0233(36)', 'G3-20C0278-0233', NULL, 'OG3-20C0278-0233', '', '', NULL, NULL);
INSERT INTO `cutting_detail` VALUES (1704, 6, '38B', 'reguler', 36, 0.947, 34.092, 1620, '0237(36)', 'G3-20C0278-0237', NULL, 'OG3-20C0278-0237', '', '', NULL, NULL);
INSERT INTO `cutting_detail` VALUES (1705, 6, '38B', 'reguler', 36, 0.947, 34.092, 1620, '0243(36)', 'G3-20C0278-0243', NULL, 'OG3-20C0278-0243', '', '', NULL, NULL);
INSERT INTO `cutting_detail` VALUES (1706, 6, '38B', 'reguler', 36, 0.947, 34.092, 1620, '0242(36)', 'G3-20C0278-0242', NULL, 'OG3-20C0278-0242', '', '', NULL, NULL);
INSERT INTO `cutting_detail` VALUES (1707, 6, '38B', 'reguler', 36, 0.947, 34.092, 1620, '0240(36)', 'G3-20C0278-0240', NULL, 'OG3-20C0278-0240', '', '', NULL, NULL);
INSERT INTO `cutting_detail` VALUES (1708, 6, '38B', 'reguler', 36, 0.947, 34.092, 1620, '0241(36)', 'G3-20C0278-0241', NULL, 'OG3-20C0278-0241', '', '', NULL, NULL);
INSERT INTO `cutting_detail` VALUES (1709, 6, '38B', 'reguler', 36, 0.947, 34.092, 1620, '0244(36)', 'G3-20C0278-0244', NULL, 'OG3-20C0278-0244', '', '', NULL, NULL);
INSERT INTO `cutting_detail` VALUES (1710, 6, '38B', 'reguler', 36, 0.947, 34.092, 1620, '0239(36)', 'G3-20C0278-0239', NULL, 'OG3-20C0278-0239', '', '', NULL, NULL);
INSERT INTO `cutting_detail` VALUES (1711, 6, '38B', 'reguler', 36, 0.947, 34.092, 1620, '0246(36)', 'G3-20C0278-0246', NULL, 'OG3-20C0278-0246', '', '', NULL, NULL);
INSERT INTO `cutting_detail` VALUES (1712, 6, '38C', 'reguler', 36, 0.947, 34.092, 1788, '0248(36)', 'G3-20C0278-0248', NULL, 'OG3-20C0278-0248', '', '', NULL, NULL);
INSERT INTO `cutting_detail` VALUES (1713, 6, '38B', 'reguler', 36, 0.947, 34.092, 1620, '0245(36)', 'G3-20C0278-0245', NULL, 'OG3-20C0278-0245', '', '', NULL, NULL);
INSERT INTO `cutting_detail` VALUES (1714, 6, '38C', 'reguler', 36, 0.947, 34.092, 1788, '0249(36)', 'G3-20C0278-0249', NULL, 'OG3-20C0278-0249', '', '', NULL, NULL);
INSERT INTO `cutting_detail` VALUES (1715, 6, '38C', 'reguler', 36, 0.947, 34.092, 1788, '0247(36)', 'G3-20C0278-0247', NULL, 'OG3-20C0278-0247', '', '', NULL, NULL);
INSERT INTO `cutting_detail` VALUES (1716, 6, '38C', 'reguler', 36, 0.947, 34.092, 1788, '0250(36)', 'G3-20C0278-0250', NULL, 'OG3-20C0278-0250', '', '', NULL, NULL);
INSERT INTO `cutting_detail` VALUES (1717, 6, '38C', 'reguler', 36, 0.947, 34.092, 1788, '0254(36)', 'G3-20C0278-0254', NULL, 'OG3-20C0278-0254', '', '', NULL, NULL);
INSERT INTO `cutting_detail` VALUES (1718, 6, '38C', 'reguler', 36, 0.947, 34.092, 1788, '0253(36)', 'G3-20C0278-0253', NULL, 'OG3-20C0278-0253', '', '', NULL, NULL);
INSERT INTO `cutting_detail` VALUES (1719, 6, '38C', 'reguler', 36, 0.947, 34.092, 1788, '0256(36)', 'G3-20C0278-0256', NULL, 'OG3-20C0278-0256', '', '', NULL, NULL);
INSERT INTO `cutting_detail` VALUES (1720, 6, '38C', 'reguler', 36, 0.947, 34.092, 1788, '0255(36)', 'G3-20C0278-0255', NULL, 'OG3-20C0278-0255', '', '', NULL, NULL);
INSERT INTO `cutting_detail` VALUES (1721, 6, '38C', 'reguler', 36, 0.947, 34.092, 1788, '0252(36)', 'G3-20C0278-0252', NULL, 'OG3-20C0278-0252', '', '', NULL, NULL);
INSERT INTO `cutting_detail` VALUES (1722, 6, '38C', 'reguler', 36, 0.947, 34.092, 1788, '0251(36)', 'G3-20C0278-0251', NULL, 'OG3-20C0278-0251', '', '', NULL, NULL);
INSERT INTO `cutting_detail` VALUES (1723, 6, '38C', 'reguler', 36, 0.947, 34.092, 1788, '0261(36)', 'G3-20C0278-0261', NULL, 'OG3-20C0278-0261', '', '', NULL, NULL);
INSERT INTO `cutting_detail` VALUES (1724, 6, '38C', 'reguler', 36, 0.947, 34.092, 1788, '0260(36)', 'G3-20C0278-0260', NULL, 'OG3-20C0278-0260', '', '', NULL, NULL);
INSERT INTO `cutting_detail` VALUES (1725, 6, '38C', 'reguler', 36, 0.947, 34.092, 1788, '0257(36)', 'G3-20C0278-0257', NULL, 'OG3-20C0278-0257', '', '', NULL, NULL);
INSERT INTO `cutting_detail` VALUES (1726, 6, '38C', 'reguler', 36, 0.947, 34.092, 1788, '0259(36)', 'G3-20C0278-0259', NULL, 'OG3-20C0278-0259', '', '', NULL, NULL);
INSERT INTO `cutting_detail` VALUES (1727, 6, '38C', 'reguler', 36, 0.947, 34.092, 1788, '0258(36)', 'G3-20C0278-0258', NULL, 'OG3-20C0278-0258', '', '', NULL, NULL);
INSERT INTO `cutting_detail` VALUES (1728, 6, '38C', 'reguler', 36, 0.947, 34.092, 1788, '0262(36)', 'G3-20C0278-0262', NULL, 'OG3-20C0278-0262', '', '', NULL, NULL);
INSERT INTO `cutting_detail` VALUES (1729, 6, '38C', 'reguler', 36, 0.947, 34.092, 1788, '0268(36)', 'G3-20C0278-0268', NULL, 'OG3-20C0278-0268', '', '', NULL, NULL);
INSERT INTO `cutting_detail` VALUES (1730, 6, '38C', 'reguler', 36, 0.947, 34.092, 1788, '0264(36)', 'G3-20C0278-0264', NULL, 'OG3-20C0278-0264', '', '', NULL, NULL);
INSERT INTO `cutting_detail` VALUES (1731, 6, '38C', 'reguler', 36, 0.947, 34.092, 1788, '0263(36)', 'G3-20C0278-0263', NULL, 'OG3-20C0278-0263', '', '', NULL, NULL);
INSERT INTO `cutting_detail` VALUES (1732, 6, '38C', 'reguler', 36, 0.947, 34.092, 1788, '0265(36)', 'G3-20C0278-0265', NULL, 'OG3-20C0278-0265', '', '', NULL, NULL);
INSERT INTO `cutting_detail` VALUES (1733, 6, '38C', 'reguler', 36, 0.947, 34.092, 1788, '0267(36)', 'G3-20C0278-0267', NULL, 'OG3-20C0278-0267', '', '', NULL, NULL);
INSERT INTO `cutting_detail` VALUES (1734, 6, '38C', 'reguler', 36, 0.947, 34.092, 1788, '0266(36)', 'G3-20C0278-0266', NULL, 'OG3-20C0278-0266', '', '', NULL, NULL);
INSERT INTO `cutting_detail` VALUES (1735, 6, '38C', 'reguler', 36, 0.947, 34.092, 1788, '0271(36)', 'G3-20C0278-0271', NULL, 'OG3-20C0278-0271', '', '', NULL, NULL);
INSERT INTO `cutting_detail` VALUES (1736, 6, '38C', 'reguler', 36, 0.947, 34.092, 1788, '0273(36)', 'G3-20C0278-0273', NULL, 'OG3-20C0278-0273', '', '', NULL, NULL);
INSERT INTO `cutting_detail` VALUES (1737, 6, '38C', 'reguler', 36, 0.947, 34.092, 1788, '0270(36)', 'G3-20C0278-0270', NULL, 'OG3-20C0278-0270', '', '', NULL, NULL);
INSERT INTO `cutting_detail` VALUES (1738, 6, '38C', 'reguler', 36, 0.947, 34.092, 1788, '0272(36)', 'G3-20C0278-0272', NULL, 'OG3-20C0278-0272', '', '', NULL, NULL);
INSERT INTO `cutting_detail` VALUES (1739, 6, '38C', 'reguler', 36, 0.947, 34.092, 1788, '0274(36)', 'G3-20C0278-0274', NULL, 'OG3-20C0278-0274', '', '', NULL, NULL);
INSERT INTO `cutting_detail` VALUES (1740, 6, '38C', 'reguler', 36, 0.947, 34.092, 1788, '0269(36)', 'G3-20C0278-0269', NULL, 'OG3-20C0278-0269', '', '', NULL, NULL);
INSERT INTO `cutting_detail` VALUES (1741, 6, '38C', 'reguler', 36, 0.947, 34.092, 1788, '0279(36)', 'G3-20C0278-0279', NULL, 'OG3-20C0278-0279', '', '', NULL, NULL);
INSERT INTO `cutting_detail` VALUES (1742, 6, '38C', 'reguler', 36, 0.947, 34.092, 1788, '0280(36)', 'G3-20C0278-0280', NULL, 'OG3-20C0278-0280', '', '', NULL, NULL);
INSERT INTO `cutting_detail` VALUES (1743, 6, '38C', 'reguler', 36, 0.947, 34.092, 1788, '0275(36)', 'G3-20C0278-0275', NULL, 'OG3-20C0278-0275', '', '', NULL, NULL);
INSERT INTO `cutting_detail` VALUES (1744, 6, '38C', 'reguler', 36, 0.947, 34.092, 1788, '0277(36)', 'G3-20C0278-0277', NULL, 'OG3-20C0278-0277', '', '', NULL, NULL);
INSERT INTO `cutting_detail` VALUES (1745, 6, '38C', 'reguler', 36, 0.947, 34.092, 1788, '0276(36)', 'G3-20C0278-0276', NULL, 'OG3-20C0278-0276', '', '', NULL, NULL);
INSERT INTO `cutting_detail` VALUES (1746, 6, '38C', 'reguler', 36, 0.947, 34.092, 1788, '0278(36)', 'G3-20C0278-0278', NULL, 'OG3-20C0278-0278', '', '', NULL, NULL);
INSERT INTO `cutting_detail` VALUES (1747, 6, '38C', 'reguler', 36, 0.947, 34.092, 1788, '0282(36)', 'G3-20C0278-0282', NULL, 'OG3-20C0278-0282', '', '', NULL, NULL);
INSERT INTO `cutting_detail` VALUES (1748, 6, '38C', 'reguler', 36, 0.947, 34.092, 1788, '0286(36)', 'G3-20C0278-0286', NULL, 'OG3-20C0278-0286', '', '', NULL, NULL);
INSERT INTO `cutting_detail` VALUES (1749, 6, '38C', 'reguler', 36, 0.947, 34.092, 1788, '0283(36)', 'G3-20C0278-0283', NULL, 'OG3-20C0278-0283', '', '', NULL, NULL);
INSERT INTO `cutting_detail` VALUES (1750, 6, '38C', 'reguler', 36, 0.947, 34.092, 1788, '0285(36)', 'G3-20C0278-0285', NULL, 'OG3-20C0278-0285', '', '', NULL, NULL);
INSERT INTO `cutting_detail` VALUES (1751, 6, '38C', 'reguler', 36, 0.947, 34.092, 1788, '0284(36)', 'G3-20C0278-0284', NULL, 'OG3-20C0278-0284', '', '', NULL, NULL);
INSERT INTO `cutting_detail` VALUES (1752, 6, '38C', 'reguler', 36, 0.947, 34.092, 1788, '0281(36)', 'G3-20C0278-0281', NULL, 'OG3-20C0278-0281', '', '', NULL, NULL);
INSERT INTO `cutting_detail` VALUES (1753, 6, '38C', 'reguler', 36, 0.947, 34.092, 1788, '0291(36)', 'G3-20C0278-0291', NULL, 'OG3-20C0278-0291', '', '', NULL, NULL);
INSERT INTO `cutting_detail` VALUES (1754, 6, '38C', 'reguler', 36, 0.947, 34.092, 1788, '0290(36)', 'G3-20C0278-0290', NULL, 'OG3-20C0278-0290', '', '', NULL, NULL);
INSERT INTO `cutting_detail` VALUES (1755, 6, '38C', 'reguler', 36, 0.947, 34.092, 1788, '0288(36)', 'G3-20C0278-0288', NULL, 'OG3-20C0278-0288', '', '', NULL, NULL);
INSERT INTO `cutting_detail` VALUES (1756, 6, '38C', 'reguler', 36, 0.947, 34.092, 1788, '0289(36)', 'G3-20C0278-0289', NULL, 'OG3-20C0278-0289', '', '', NULL, NULL);
INSERT INTO `cutting_detail` VALUES (1757, 6, '38C', 'reguler', 36, 0.947, 34.092, 1788, '0287(36)', 'G3-20C0278-0287', NULL, 'OG3-20C0278-0287', '', '', NULL, NULL);
INSERT INTO `cutting_detail` VALUES (1758, 6, '38C', 'reguler', 36, 0.947, 34.092, 1788, '0292(36)', 'G3-20C0278-0292', NULL, 'OG3-20C0278-0292', '', '', NULL, NULL);
INSERT INTO `cutting_detail` VALUES (1759, 6, '38C', 'reguler', 24, 0.947, 22.728, 1788, '0296(24)', 'G3-20C0278-0296', NULL, 'OG3-20C0278-0296', '', '', NULL, NULL);
INSERT INTO `cutting_detail` VALUES (1760, 6, '38C', 'reguler', 36, 0.947, 34.092, 1788, '0293(36)', 'G3-20C0278-0293', NULL, 'OG3-20C0278-0293', '', '', NULL, NULL);
INSERT INTO `cutting_detail` VALUES (1761, 6, '38D', 'reguler', 36, 0.947, 34.092, 984, '0297(36)', 'G3-20C0278-0297', NULL, 'OG3-20C0278-0297', '', '', NULL, NULL);
INSERT INTO `cutting_detail` VALUES (1762, 6, '38C', 'reguler', 36, 0.947, 34.092, 1788, '0294(36)', 'G3-20C0278-0294', NULL, 'OG3-20C0278-0294', '', '', NULL, NULL);
INSERT INTO `cutting_detail` VALUES (1763, 6, '38C', 'reguler', 36, 0.947, 34.092, 1788, '0295(36)', 'G3-20C0278-0295', NULL, 'OG3-20C0278-0295', '', '', NULL, NULL);
INSERT INTO `cutting_detail` VALUES (1764, 6, '38D', 'reguler', 36, 0.947, 34.092, 984, '0298(36)', 'G3-20C0278-0298', NULL, 'OG3-20C0278-0298', '', '', NULL, NULL);
INSERT INTO `cutting_detail` VALUES (1765, 6, '38D', 'reguler', 36, 0.947, 34.092, 984, '0303(36)', 'G3-20C0278-0303', NULL, 'OG3-20C0278-0303', '', '', NULL, NULL);
INSERT INTO `cutting_detail` VALUES (1766, 6, '38D', 'reguler', 36, 0.947, 34.092, 984, '0300(36)', 'G3-20C0278-0300', NULL, 'OG3-20C0278-0300', '', '', NULL, NULL);
INSERT INTO `cutting_detail` VALUES (1767, 6, '38D', 'reguler', 36, 0.947, 34.092, 984, '0304(36)', 'G3-20C0278-0304', NULL, 'OG3-20C0278-0304', '', '', NULL, NULL);
INSERT INTO `cutting_detail` VALUES (1768, 6, '38D', 'reguler', 36, 0.947, 34.092, 984, '0299(36)', 'G3-20C0278-0299', NULL, 'OG3-20C0278-0299', '', '', NULL, NULL);
INSERT INTO `cutting_detail` VALUES (1769, 6, '38D', 'reguler', 36, 0.947, 34.092, 984, '0301(36)', 'G3-20C0278-0301', NULL, 'OG3-20C0278-0301', '', '', NULL, NULL);
INSERT INTO `cutting_detail` VALUES (1770, 6, '38D', 'reguler', 36, 0.947, 34.092, 984, '0302(36)', 'G3-20C0278-0302', NULL, 'OG3-20C0278-0302', '', '', NULL, NULL);
INSERT INTO `cutting_detail` VALUES (1771, 6, '38D', 'reguler', 36, 0.947, 34.092, 984, '0310(36)', 'G3-20C0278-0310', NULL, 'OG3-20C0278-0310', '', '', NULL, NULL);
INSERT INTO `cutting_detail` VALUES (1772, 6, '38D', 'reguler', 36, 0.947, 34.092, 984, '0308(36)', 'G3-20C0278-0308', NULL, 'OG3-20C0278-0308', '', '', NULL, NULL);
INSERT INTO `cutting_detail` VALUES (1773, 6, '38D', 'reguler', 36, 0.947, 34.092, 984, '0306(36)', 'G3-20C0278-0306', NULL, 'OG3-20C0278-0306', '', '', NULL, NULL);
INSERT INTO `cutting_detail` VALUES (1774, 6, '38D', 'reguler', 36, 0.947, 34.092, 984, '0307(36)', 'G3-20C0278-0307', NULL, 'OG3-20C0278-0307', '', '', NULL, NULL);
INSERT INTO `cutting_detail` VALUES (1775, 6, '38D', 'reguler', 36, 0.947, 34.092, 984, '0309(36)', 'G3-20C0278-0309', NULL, 'OG3-20C0278-0309', '', '', NULL, NULL);
INSERT INTO `cutting_detail` VALUES (1776, 6, '38D', 'reguler', 36, 0.947, 34.092, 984, '0305(36)', 'G3-20C0278-0305', NULL, 'OG3-20C0278-0305', '', '', NULL, NULL);
INSERT INTO `cutting_detail` VALUES (1777, 6, '38D', 'reguler', 36, 0.947, 34.092, 984, '0311(36)', 'G3-20C0278-0311', NULL, 'OG3-20C0278-0311', '', '', NULL, NULL);
INSERT INTO `cutting_detail` VALUES (1778, 6, '38D', 'reguler', 36, 0.947, 34.092, 984, '0312(36)', 'G3-20C0278-0312', NULL, 'OG3-20C0278-0312', '', '', NULL, NULL);
INSERT INTO `cutting_detail` VALUES (1779, 6, '38D', 'reguler', 36, 0.947, 34.092, 984, '0316(36)', 'G3-20C0278-0316', NULL, 'OG3-20C0278-0316', '', '', NULL, NULL);
INSERT INTO `cutting_detail` VALUES (1780, 6, '38D', 'reguler', 36, 0.947, 34.092, 984, '0313(36)', 'G3-20C0278-0313', NULL, 'OG3-20C0278-0313', '', '', NULL, NULL);
INSERT INTO `cutting_detail` VALUES (1781, 6, '38D', 'reguler', 36, 0.947, 34.092, 984, '0314(36)', 'G3-20C0278-0314', NULL, 'OG3-20C0278-0314', '', '', NULL, NULL);
INSERT INTO `cutting_detail` VALUES (1782, 6, '38D', 'reguler', 36, 0.947, 34.092, 984, '0315(36)', 'G3-20C0278-0315', NULL, 'OG3-20C0278-0315', '', '', NULL, NULL);
INSERT INTO `cutting_detail` VALUES (1783, 6, '38D', 'reguler', 36, 0.947, 34.092, 984, '0320(36)', 'G3-20C0278-0320', NULL, 'OG3-20C0278-0320', '', '', NULL, NULL);
INSERT INTO `cutting_detail` VALUES (1784, 6, '38D', 'reguler', 36, 0.947, 34.092, 984, '0317(36)', 'G3-20C0278-0317', NULL, 'OG3-20C0278-0317', '', '', NULL, NULL);
INSERT INTO `cutting_detail` VALUES (1785, 6, '38D', 'reguler', 36, 0.947, 34.092, 984, '0319(36)', 'G3-20C0278-0319', NULL, 'OG3-20C0278-0319', '', '', NULL, NULL);
INSERT INTO `cutting_detail` VALUES (1786, 6, '38D', 'reguler', 36, 0.947, 34.092, 984, '0322(36)', 'G3-20C0278-0322', NULL, 'OG3-20C0278-0322', '', '', NULL, NULL);
INSERT INTO `cutting_detail` VALUES (1787, 6, '38D', 'reguler', 36, 0.947, 34.092, 984, '0318(36)', 'G3-20C0278-0318', NULL, 'OG3-20C0278-0318', '', '', NULL, NULL);
INSERT INTO `cutting_detail` VALUES (1788, 6, '38D', 'reguler', 36, 0.947, 34.092, 984, '0321(36)', 'G3-20C0278-0321', NULL, 'OG3-20C0278-0321', '', '', NULL, NULL);
INSERT INTO `cutting_detail` VALUES (1789, 6, '38DD', 'reguler', 36, 0.947, 34.092, 600, '0326(36)', 'G3-20C0278-0326', NULL, 'OG3-20C0278-0326', '', '', NULL, NULL);
INSERT INTO `cutting_detail` VALUES (1790, 6, '38DD', 'reguler', 36, 0.947, 34.092, 600, '0325(36)', 'G3-20C0278-0325', NULL, 'OG3-20C0278-0325', '', '', NULL, NULL);
INSERT INTO `cutting_detail` VALUES (1791, 6, '38D', 'reguler', 36, 0.947, 34.092, 984, '0323(36)', 'G3-20C0278-0323', NULL, 'OG3-20C0278-0323', '', '', NULL, NULL);
INSERT INTO `cutting_detail` VALUES (1792, 6, '38DD', 'reguler', 36, 0.947, 34.092, 600, '0328(36)', 'G3-20C0278-0328', NULL, 'OG3-20C0278-0328', '', '', NULL, NULL);
INSERT INTO `cutting_detail` VALUES (1793, 6, '38D', 'reguler', 12, 0.947, 11.364, 984, '0324(12)', 'G3-20C0278-0324', NULL, 'OG3-20C0278-0324', '', '', NULL, NULL);
INSERT INTO `cutting_detail` VALUES (1794, 6, '38DD', 'reguler', 36, 0.947, 34.092, 600, '0327(36)', 'G3-20C0278-0327', NULL, 'OG3-20C0278-0327', '', '', NULL, NULL);
INSERT INTO `cutting_detail` VALUES (1795, 6, '38DD', 'reguler', 36, 0.947, 34.092, 600, '0331(36)', 'G3-20C0278-0331', NULL, 'OG3-20C0278-0331', '', '', NULL, NULL);
INSERT INTO `cutting_detail` VALUES (1796, 6, '38DD', 'reguler', 36, 0.947, 34.092, 600, '0330(36)', 'G3-20C0278-0330', NULL, 'OG3-20C0278-0330', '', '', NULL, NULL);
INSERT INTO `cutting_detail` VALUES (1797, 6, '38DD', 'reguler', 36, 0.947, 34.092, 600, '0334(36)', 'G3-20C0278-0334', NULL, 'OG3-20C0278-0334', '', '', NULL, NULL);
INSERT INTO `cutting_detail` VALUES (1798, 6, '38DD', 'reguler', 36, 0.947, 34.092, 600, '0332(36)', 'G3-20C0278-0332', NULL, 'OG3-20C0278-0332', '', '', NULL, NULL);
INSERT INTO `cutting_detail` VALUES (1799, 6, '38DD', 'reguler', 36, 0.947, 34.092, 600, '0329(36)', 'G3-20C0278-0329', NULL, 'OG3-20C0278-0329', '', '', NULL, NULL);
INSERT INTO `cutting_detail` VALUES (1800, 6, '38DD', 'reguler', 36, 0.947, 34.092, 600, '0333(36)', 'G3-20C0278-0333', NULL, 'OG3-20C0278-0333', '', '', NULL, NULL);
INSERT INTO `cutting_detail` VALUES (1801, 6, '38DD', 'reguler', 36, 0.947, 34.092, 600, '0336(36)', 'G3-20C0278-0336', NULL, 'OG3-20C0278-0336', '', '', NULL, NULL);
INSERT INTO `cutting_detail` VALUES (1802, 6, '38DD', 'reguler', 36, 0.947, 34.092, 600, '0340(36)', 'G3-20C0278-0340', NULL, 'OG3-20C0278-0340', '', '', NULL, NULL);
INSERT INTO `cutting_detail` VALUES (1803, 6, '38DD', 'reguler', 36, 0.947, 34.092, 600, '0338(36)', 'G3-20C0278-0338', NULL, 'OG3-20C0278-0338', '', '', NULL, NULL);
INSERT INTO `cutting_detail` VALUES (1804, 6, '38DD', 'reguler', 36, 0.947, 34.092, 600, '0339(36)', 'G3-20C0278-0339', NULL, 'OG3-20C0278-0339', '', '', NULL, NULL);
INSERT INTO `cutting_detail` VALUES (1805, 6, '38DD', 'reguler', 36, 0.947, 34.092, 600, '0337(36)', 'G3-20C0278-0337', NULL, 'OG3-20C0278-0337', '', '', NULL, NULL);
INSERT INTO `cutting_detail` VALUES (1806, 6, '38DD', 'reguler', 36, 0.947, 34.092, 600, '0335(36)', 'G3-20C0278-0335', NULL, 'OG3-20C0278-0335', '', '', NULL, NULL);
INSERT INTO `cutting_detail` VALUES (1807, 6, '40C', 'reguler', 36, 0.947, 34.092, 972, '0342(36)', 'G3-20C0278-0342', NULL, 'OG3-20C0278-0342', '', '', NULL, NULL);
INSERT INTO `cutting_detail` VALUES (1808, 6, '40C', 'reguler', 36, 0.947, 34.092, 972, '0343(36)', 'G3-20C0278-0343', NULL, 'OG3-20C0278-0343', '', '', NULL, NULL);
INSERT INTO `cutting_detail` VALUES (1809, 6, '40C', 'reguler', 36, 0.947, 34.092, 972, '0344(36)', 'G3-20C0278-0344', NULL, 'OG3-20C0278-0344', '', '', NULL, NULL);
INSERT INTO `cutting_detail` VALUES (1810, 6, '38DD', 'reguler', 24, 0.947, 22.728, 600, '0341(24)', 'G3-20C0278-0341', NULL, 'OG3-20C0278-0341', '', '', NULL, NULL);
INSERT INTO `cutting_detail` VALUES (1811, 6, '40C', 'reguler', 36, 0.947, 34.092, 972, '0346(36)', 'G3-20C0278-0346', NULL, 'OG3-20C0278-0346', '', '', NULL, NULL);
INSERT INTO `cutting_detail` VALUES (1812, 6, '40C', 'reguler', 36, 0.947, 34.092, 972, '0345(36)', 'G3-20C0278-0345', NULL, 'OG3-20C0278-0345', '', '', NULL, NULL);
INSERT INTO `cutting_detail` VALUES (1813, 6, '40C', 'reguler', 36, 0.947, 34.092, 972, '0349(36)', 'G3-20C0278-0349', NULL, 'OG3-20C0278-0349', '', '', NULL, NULL);
INSERT INTO `cutting_detail` VALUES (1814, 6, '40C', 'reguler', 36, 0.947, 34.092, 972, '0352(36)', 'G3-20C0278-0352', NULL, 'OG3-20C0278-0352', '', '', NULL, NULL);
INSERT INTO `cutting_detail` VALUES (1815, 6, '40C', 'reguler', 36, 0.947, 34.092, 972, '0351(36)', 'G3-20C0278-0351', NULL, 'OG3-20C0278-0351', '', '', NULL, NULL);
INSERT INTO `cutting_detail` VALUES (1816, 6, '40C', 'reguler', 36, 0.947, 34.092, 972, '0350(36)', 'G3-20C0278-0350', NULL, 'OG3-20C0278-0350', '', '', NULL, NULL);
INSERT INTO `cutting_detail` VALUES (1817, 6, '40C', 'reguler', 36, 0.947, 34.092, 972, '0348(36)', 'G3-20C0278-0348', NULL, 'OG3-20C0278-0348', '', '', NULL, NULL);
INSERT INTO `cutting_detail` VALUES (1818, 6, '40C', 'reguler', 36, 0.947, 34.092, 972, '0347(36)', 'G3-20C0278-0347', NULL, 'OG3-20C0278-0347', '', '', NULL, NULL);
INSERT INTO `cutting_detail` VALUES (1819, 6, '40C', 'reguler', 36, 0.947, 34.092, 972, '0353(36)', 'G3-20C0278-0353', NULL, 'OG3-20C0278-0353', '', '', NULL, NULL);
INSERT INTO `cutting_detail` VALUES (1820, 6, '40C', 'reguler', 36, 0.947, 34.092, 972, '0356(36)', 'G3-20C0278-0356', NULL, 'OG3-20C0278-0356', '', '', NULL, NULL);
INSERT INTO `cutting_detail` VALUES (1821, 6, '40C', 'reguler', 36, 0.947, 34.092, 972, '0355(36)', 'G3-20C0278-0355', NULL, 'OG3-20C0278-0355', '', '', NULL, NULL);
INSERT INTO `cutting_detail` VALUES (1822, 6, '40C', 'reguler', 36, 0.947, 34.092, 972, '0357(36)', 'G3-20C0278-0357', NULL, 'OG3-20C0278-0357', '', '', NULL, NULL);
INSERT INTO `cutting_detail` VALUES (1823, 6, '40C', 'reguler', 36, 0.947, 34.092, 972, '0354(36)', 'G3-20C0278-0354', NULL, 'OG3-20C0278-0354', '', '', NULL, NULL);
INSERT INTO `cutting_detail` VALUES (1824, 6, '40C', 'reguler', 36, 0.947, 34.092, 972, '0358(36)', 'G3-20C0278-0358', NULL, 'OG3-20C0278-0358', '', '', NULL, NULL);
INSERT INTO `cutting_detail` VALUES (1825, 6, '40C', 'reguler', 36, 0.947, 34.092, 972, '0363(36)', 'G3-20C0278-0363', NULL, 'OG3-20C0278-0363', '', '', NULL, NULL);
INSERT INTO `cutting_detail` VALUES (1826, 6, '40C', 'reguler', 36, 0.947, 34.092, 972, '0359(36)', 'G3-20C0278-0359', NULL, 'OG3-20C0278-0359', '', '', NULL, NULL);
INSERT INTO `cutting_detail` VALUES (1827, 6, '40C', 'reguler', 36, 0.947, 34.092, 972, '0360(36)', 'G3-20C0278-0360', NULL, 'OG3-20C0278-0360', '', '', NULL, NULL);
INSERT INTO `cutting_detail` VALUES (1828, 6, '40C', 'reguler', 36, 0.947, 34.092, 972, '0361(36)', 'G3-20C0278-0361', NULL, 'OG3-20C0278-0361', '', '', NULL, NULL);
INSERT INTO `cutting_detail` VALUES (1829, 6, '40C', 'reguler', 36, 0.947, 34.092, 972, '0364(36)', 'G3-20C0278-0364', NULL, 'OG3-20C0278-0364', '', '', NULL, NULL);
INSERT INTO `cutting_detail` VALUES (1830, 6, '40C', 'reguler', 36, 0.947, 34.092, 972, '0362(36)', 'G3-20C0278-0362', NULL, 'OG3-20C0278-0362', '', '', NULL, NULL);
INSERT INTO `cutting_detail` VALUES (1831, 6, '40C', 'reguler', 36, 0.947, 34.092, 972, '0365(36)', 'G3-20C0278-0365', NULL, 'OG3-20C0278-0365', '', '', NULL, NULL);
INSERT INTO `cutting_detail` VALUES (1832, 6, '40C', 'reguler', 36, 0.947, 34.092, 972, '0366(36)', 'G3-20C0278-0366', NULL, 'OG3-20C0278-0366', '', '', NULL, NULL);
INSERT INTO `cutting_detail` VALUES (1833, 6, '40C', 'reguler', 36, 0.947, 34.092, 972, '0368(36)', 'G3-20C0278-0368', NULL, 'OG3-20C0278-0368', '', '', NULL, NULL);
INSERT INTO `cutting_detail` VALUES (1834, 6, '40D', 'reguler', 36, 0.947, 34.092, 648, '0369(36)', 'G3-20C0278-0369', NULL, 'OG3-20C0278-0369', '', '', NULL, NULL);
INSERT INTO `cutting_detail` VALUES (1835, 6, '40D', 'reguler', 36, 0.947, 34.092, 648, '0371(36)', 'G3-20C0278-0371', NULL, 'OG3-20C0278-0371', '', '', NULL, NULL);
INSERT INTO `cutting_detail` VALUES (1836, 6, '40C', 'reguler', 36, 0.947, 34.092, 972, '0367(36)', 'G3-20C0278-0367', NULL, 'OG3-20C0278-0367', '', '', NULL, NULL);
INSERT INTO `cutting_detail` VALUES (1837, 6, '40D', 'reguler', 36, 0.947, 34.092, 648, '0373(36)', 'G3-20C0278-0373', NULL, 'OG3-20C0278-0373', '', '', NULL, NULL);
INSERT INTO `cutting_detail` VALUES (1838, 6, '40D', 'reguler', 36, 0.947, 34.092, 648, '0375(36)', 'G3-20C0278-0375', NULL, 'OG3-20C0278-0375', '', '', NULL, NULL);
INSERT INTO `cutting_detail` VALUES (1839, 6, '40D', 'reguler', 36, 0.947, 34.092, 648, '0372(36)', 'G3-20C0278-0372', NULL, 'OG3-20C0278-0372', '', '', NULL, NULL);
INSERT INTO `cutting_detail` VALUES (1840, 6, '40D', 'reguler', 36, 0.947, 34.092, 648, '0370(36)', 'G3-20C0278-0370', NULL, 'OG3-20C0278-0370', '', '', NULL, NULL);
INSERT INTO `cutting_detail` VALUES (1841, 6, '40D', 'reguler', 36, 0.947, 34.092, 648, '0376(36)', 'G3-20C0278-0376', NULL, 'OG3-20C0278-0376', '', '', NULL, NULL);
INSERT INTO `cutting_detail` VALUES (1842, 6, '40D', 'reguler', 36, 0.947, 34.092, 648, '0374(36)', 'G3-20C0278-0374', NULL, 'OG3-20C0278-0374', '', '', NULL, NULL);
INSERT INTO `cutting_detail` VALUES (1843, 6, '40D', 'reguler', 36, 0.947, 34.092, 648, '0380(36)', 'G3-20C0278-0380', NULL, 'OG3-20C0278-0380', '', '', NULL, NULL);
INSERT INTO `cutting_detail` VALUES (1844, 6, '40D', 'reguler', 36, 0.947, 34.092, 648, '0383(36)', 'G3-20C0278-0383', NULL, 'OG3-20C0278-0383', '', '', NULL, NULL);
INSERT INTO `cutting_detail` VALUES (1845, 6, '40D', 'reguler', 36, 0.947, 34.092, 648, '0377(36)', 'G3-20C0278-0377', NULL, 'OG3-20C0278-0377', '', '', NULL, NULL);
INSERT INTO `cutting_detail` VALUES (1846, 6, '40D', 'reguler', 36, 0.947, 34.092, 648, '0379(36)', 'G3-20C0278-0379', NULL, 'OG3-20C0278-0379', '', '', NULL, NULL);
INSERT INTO `cutting_detail` VALUES (1847, 6, '40D', 'reguler', 36, 0.947, 34.092, 648, '0381(36)', 'G3-20C0278-0381', NULL, 'OG3-20C0278-0381', '', '', NULL, NULL);
INSERT INTO `cutting_detail` VALUES (1848, 6, '40D', 'reguler', 36, 0.947, 34.092, 648, '0378(36)', 'G3-20C0278-0378', NULL, 'OG3-20C0278-0378', '', '', NULL, NULL);
INSERT INTO `cutting_detail` VALUES (1849, 6, '42C', 'reguler', 36, 0.947, 34.092, 120, '0388(36)', 'G3-20C0278-0388', NULL, 'OG3-20C0278-0388', '', '', NULL, NULL);
INSERT INTO `cutting_detail` VALUES (1850, 6, '40D', 'reguler', 36, 0.947, 34.092, 648, '0386(36)', 'G3-20C0278-0386', NULL, 'OG3-20C0278-0386', '', '', NULL, NULL);
INSERT INTO `cutting_detail` VALUES (1851, 6, '42C', 'reguler', 36, 0.947, 34.092, 120, '0387(36)', 'G3-20C0278-0387', NULL, 'OG3-20C0278-0387', '', '', NULL, NULL);
INSERT INTO `cutting_detail` VALUES (1852, 6, '40D', 'reguler', 36, 0.947, 34.092, 648, '0384(36)', 'G3-20C0278-0384', NULL, 'OG3-20C0278-0384', '', '', NULL, NULL);
INSERT INTO `cutting_detail` VALUES (1853, 6, '40D', 'reguler', 36, 0.947, 34.092, 648, '0382(36)', 'G3-20C0278-0382', NULL, 'OG3-20C0278-0382', '', '', NULL, NULL);
INSERT INTO `cutting_detail` VALUES (1854, 6, '40D', 'reguler', 36, 0.947, 34.092, 648, '0385(36)', 'G3-20C0278-0385', NULL, 'OG3-20C0278-0385', '', '', NULL, NULL);
INSERT INTO `cutting_detail` VALUES (1855, 6, '42C', 'reguler', 36, 0.947, 34.092, 120, '0389(36)', 'G3-20C0278-0389', NULL, 'OG3-20C0278-0389', '', '', NULL, NULL);
INSERT INTO `cutting_detail` VALUES (1856, 6, '42D', 'big', 36, 0.947, 34.092, 120, '0393(36)', 'G3-20C0278-0393', NULL, 'OG3-20C0278-0393', '', '', NULL, NULL);
INSERT INTO `cutting_detail` VALUES (1857, 6, '42C', 'reguler', 12, 0.947, 11.364, 120, '0390(12)', 'G3-20C0278-0390', NULL, 'OG3-20C0278-0390', '', '', NULL, NULL);
INSERT INTO `cutting_detail` VALUES (1858, 6, '42D', 'big', 36, 0.947, 34.092, 120, '0391(36)', 'G3-20C0278-0391', NULL, 'OG3-20C0278-0391', '', '', NULL, NULL);
INSERT INTO `cutting_detail` VALUES (1859, 6, '42D', 'big', 36, 0.947, 34.092, 120, '0392(36)', 'G3-20C0278-0392', NULL, 'OG3-20C0278-0392', '', '', NULL, NULL);
INSERT INTO `cutting_detail` VALUES (1860, 6, '42D', 'big', 12, 0.947, 11.364, 120, '0394(12)', 'G3-20C0278-0394', NULL, 'OG3-20C0278-0394', '', '', NULL, NULL);
INSERT INTO `cutting_detail` VALUES (1861, 7, '38C', 'reguler', 36, 1.060, 38.160, 324, '0001(36)', 'G3-20B037A-0001', NULL, 'OG3-20B037A-0001', '', '', NULL, NULL);
INSERT INTO `cutting_detail` VALUES (1862, 7, '38C', 'reguler', 36, 1.060, 38.160, 324, '0004(36)', 'G3-20B037A-0004', NULL, 'OG3-20B037A-0004', '', '', NULL, NULL);
INSERT INTO `cutting_detail` VALUES (1863, 7, '38C', 'reguler', 36, 1.060, 38.160, 324, '0005(36)', 'G3-20B037A-0005', NULL, 'OG3-20B037A-0005', '', '', NULL, NULL);
INSERT INTO `cutting_detail` VALUES (1864, 7, '38C', 'reguler', 36, 1.060, 38.160, 324, '0006(36)', 'G3-20B037A-0006', NULL, 'OG3-20B037A-0006', '', '', NULL, NULL);
INSERT INTO `cutting_detail` VALUES (1865, 7, '38C', 'reguler', 36, 1.060, 38.160, 324, '0008(36)', 'G3-20B037A-0008', NULL, 'OG3-20B037A-0008', '', '', NULL, NULL);
INSERT INTO `cutting_detail` VALUES (1866, 7, '38C', 'reguler', 36, 1.060, 38.160, 324, '0003(36)', 'G3-20B037A-0003', NULL, 'OG3-20B037A-0003', '', '', NULL, NULL);
INSERT INTO `cutting_detail` VALUES (1867, 7, '38C', 'reguler', 36, 1.060, 38.160, 324, '0002(36)', 'G3-20B037A-0002', NULL, 'OG3-20B037A-0002', '', '', NULL, NULL);
INSERT INTO `cutting_detail` VALUES (1868, 7, '38C', 'reguler', 36, 1.060, 38.160, 324, '0007(36)', 'G3-20B037A-0007', NULL, 'OG3-20B037A-0007', '', '', NULL, NULL);
INSERT INTO `cutting_detail` VALUES (1869, 7, '38C', 'reguler', 36, 1.060, 38.160, 324, '0009(36)', 'G3-20B037A-0009', NULL, 'OG3-20B037A-0009', '', '', NULL, NULL);
INSERT INTO `cutting_detail` VALUES (1870, 7, '38D', 'reguler', 36, 1.060, 38.160, 492, '0012(36)', 'G3-20B037A-0012', NULL, 'OG3-20B037A-0012', '', '', NULL, NULL);
INSERT INTO `cutting_detail` VALUES (1871, 7, '38D', 'reguler', 36, 1.060, 38.160, 492, '0011(36)', 'G3-20B037A-0011', NULL, 'OG3-20B037A-0011', '', '', NULL, NULL);
INSERT INTO `cutting_detail` VALUES (1872, 7, '38D', 'reguler', 36, 1.060, 38.160, 492, '0013(36)', 'G3-20B037A-0013', NULL, 'OG3-20B037A-0013', '', '', NULL, NULL);
INSERT INTO `cutting_detail` VALUES (1873, 7, '38D', 'reguler', 36, 1.060, 38.160, 492, '0010(36)', 'G3-20B037A-0010', NULL, 'OG3-20B037A-0010', '', '', NULL, NULL);
INSERT INTO `cutting_detail` VALUES (1874, 7, '38D', 'reguler', 36, 1.060, 38.160, 492, '0014(36)', 'G3-20B037A-0014', NULL, 'OG3-20B037A-0014', '', '', NULL, NULL);
INSERT INTO `cutting_detail` VALUES (1875, 7, '38D', 'reguler', 36, 1.060, 38.160, 492, '0015(36)', 'G3-20B037A-0015', NULL, 'OG3-20B037A-0015', '', '', NULL, NULL);
INSERT INTO `cutting_detail` VALUES (1876, 7, '38D', 'reguler', 36, 1.060, 38.160, 492, '0016(36)', 'G3-20B037A-0016', NULL, 'OG3-20B037A-0016', '', '', NULL, NULL);
INSERT INTO `cutting_detail` VALUES (1877, 7, '38D', 'reguler', 36, 1.060, 38.160, 492, '0018(36)', 'G3-20B037A-0018', NULL, 'OG3-20B037A-0018', '', '', NULL, NULL);
INSERT INTO `cutting_detail` VALUES (1878, 7, '38D', 'reguler', 36, 1.060, 38.160, 492, '0019(36)', 'G3-20B037A-0019', NULL, 'OG3-20B037A-0019', '', '', NULL, NULL);
INSERT INTO `cutting_detail` VALUES (1879, 7, '38D', 'reguler', 36, 1.060, 38.160, 492, '0021(36)', 'G3-20B037A-0021', NULL, 'OG3-20B037A-0021', '', '', NULL, NULL);
INSERT INTO `cutting_detail` VALUES (1880, 7, '38D', 'reguler', 36, 1.060, 38.160, 492, '0017(36)', 'G3-20B037A-0017', NULL, 'OG3-20B037A-0017', '', '', NULL, NULL);
INSERT INTO `cutting_detail` VALUES (1881, 7, '38DD', 'reguler', 36, 1.060, 38.160, 264, '0025(36)', 'G3-20B037A-0025', NULL, 'OG3-20B037A-0025', '', '', NULL, NULL);
INSERT INTO `cutting_detail` VALUES (1882, 7, '38D', 'reguler', 36, 1.060, 38.160, 492, '0020(36)', 'G3-20B037A-0020', NULL, 'OG3-20B037A-0020', '', '', NULL, NULL);
INSERT INTO `cutting_detail` VALUES (1883, 7, '38DD', 'reguler', 36, 1.060, 38.160, 264, '0024(36)', 'G3-20B037A-0024', NULL, 'OG3-20B037A-0024', '', '', NULL, NULL);
INSERT INTO `cutting_detail` VALUES (1884, 7, '38DD', 'reguler', 36, 1.060, 38.160, 264, '0029(36)', 'G3-20B037A-0029', NULL, 'OG3-20B037A-0029', '', '', NULL, NULL);
INSERT INTO `cutting_detail` VALUES (1885, 7, '38D', 'reguler', 24, 1.060, 25.440, 492, '0023(24)', 'G3-20B037A-0023', NULL, 'OG3-20B037A-0023', '', '', NULL, NULL);
INSERT INTO `cutting_detail` VALUES (1886, 7, '38D', 'reguler', 36, 1.060, 38.160, 492, '0022(36)', 'G3-20B037A-0022', NULL, 'OG3-20B037A-0022', '', '', NULL, NULL);
INSERT INTO `cutting_detail` VALUES (1887, 7, '38DD', 'reguler', 36, 1.060, 38.160, 264, '0026(36)', 'G3-20B037A-0026', NULL, 'OG3-20B037A-0026', '', '', NULL, NULL);
INSERT INTO `cutting_detail` VALUES (1888, 7, '38DD', 'reguler', 36, 1.060, 38.160, 264, '0030(36)', 'G3-20B037A-0030', NULL, 'OG3-20B037A-0030', '', '', NULL, NULL);
INSERT INTO `cutting_detail` VALUES (1889, 7, '38DD', 'reguler', 36, 1.060, 38.160, 264, '0028(36)', 'G3-20B037A-0028', NULL, 'OG3-20B037A-0028', '', '', NULL, NULL);
INSERT INTO `cutting_detail` VALUES (1890, 7, '38DD', 'reguler', 12, 1.060, 12.720, 264, '0031(12)', 'G3-20B037A-0031', NULL, 'OG3-20B037A-0031', '', '', NULL, NULL);
INSERT INTO `cutting_detail` VALUES (1891, 7, '40C', 'reguler', 36, 1.060, 38.160, 576, '0033(36)', 'G3-20B037A-0033', NULL, 'OG3-20B037A-0033', '', '', NULL, NULL);
INSERT INTO `cutting_detail` VALUES (1892, 7, '38DD', 'reguler', 36, 1.060, 38.160, 264, '0027(36)', 'G3-20B037A-0027', NULL, 'OG3-20B037A-0027', '', '', NULL, NULL);
INSERT INTO `cutting_detail` VALUES (1893, 7, '40C', 'reguler', 36, 1.060, 38.160, 576, '0032(36)', 'G3-20B037A-0032', NULL, 'OG3-20B037A-0032', '', '', NULL, NULL);
INSERT INTO `cutting_detail` VALUES (1894, 7, '40C', 'reguler', 36, 1.060, 38.160, 576, '0037(36)', 'G3-20B037A-0037', NULL, 'OG3-20B037A-0037', '', '', NULL, NULL);
INSERT INTO `cutting_detail` VALUES (1895, 7, '40C', 'reguler', 36, 1.060, 38.160, 576, '0034(36)', 'G3-20B037A-0034', NULL, 'OG3-20B037A-0034', '', '', NULL, NULL);
INSERT INTO `cutting_detail` VALUES (1896, 7, '40C', 'reguler', 36, 1.060, 38.160, 576, '0035(36)', 'G3-20B037A-0035', NULL, 'OG3-20B037A-0035', '', '', NULL, NULL);
INSERT INTO `cutting_detail` VALUES (1897, 7, '40C', 'reguler', 36, 1.060, 38.160, 576, '0040(36)', 'G3-20B037A-0040', NULL, 'OG3-20B037A-0040', '', '', NULL, NULL);
INSERT INTO `cutting_detail` VALUES (1898, 7, '40C', 'reguler', 36, 1.060, 38.160, 576, '0036(36)', 'G3-20B037A-0036', NULL, 'OG3-20B037A-0036', '', '', NULL, NULL);
INSERT INTO `cutting_detail` VALUES (1899, 7, '40C', 'reguler', 36, 1.060, 38.160, 576, '0039(36)', 'G3-20B037A-0039', NULL, 'OG3-20B037A-0039', '', '', NULL, NULL);
INSERT INTO `cutting_detail` VALUES (1900, 7, '40C', 'reguler', 36, 1.060, 38.160, 576, '0042(36)', 'G3-20B037A-0042', NULL, 'OG3-20B037A-0042', '', '', NULL, NULL);
INSERT INTO `cutting_detail` VALUES (1901, 7, '40C', 'reguler', 36, 1.060, 38.160, 576, '0041(36)', 'G3-20B037A-0041', NULL, 'OG3-20B037A-0041', '', '', NULL, NULL);
INSERT INTO `cutting_detail` VALUES (1902, 7, '40C', 'reguler', 36, 1.060, 38.160, 576, '0043(36)', 'G3-20B037A-0043', NULL, 'OG3-20B037A-0043', '', '', NULL, NULL);
INSERT INTO `cutting_detail` VALUES (1903, 7, '40C', 'reguler', 36, 1.060, 38.160, 576, '0045(36)', 'G3-20B037A-0045', NULL, 'OG3-20B037A-0045', '', '', NULL, NULL);
INSERT INTO `cutting_detail` VALUES (1904, 7, '40C', 'reguler', 36, 1.060, 38.160, 576, '0038(36)', 'G3-20B037A-0038', NULL, 'OG3-20B037A-0038', '', '', NULL, NULL);
INSERT INTO `cutting_detail` VALUES (1905, 7, '40C', 'reguler', 36, 1.060, 38.160, 576, '0044(36)', 'G3-20B037A-0044', NULL, 'OG3-20B037A-0044', '', '', NULL, NULL);
INSERT INTO `cutting_detail` VALUES (1906, 7, '40C', 'reguler', 36, 1.060, 38.160, 576, '0047(36)', 'G3-20B037A-0047', NULL, 'OG3-20B037A-0047', '', '', NULL, NULL);
INSERT INTO `cutting_detail` VALUES (1907, 7, '40C', 'reguler', 36, 1.060, 38.160, 576, '0046(36)', 'G3-20B037A-0046', NULL, 'OG3-20B037A-0046', '', '', NULL, NULL);
INSERT INTO `cutting_detail` VALUES (1908, 7, '40D', 'reguler', 36, 1.060, 38.160, 384, '0048(36)', 'G3-20B037A-0048', NULL, 'OG3-20B037A-0048', '', '', NULL, NULL);
INSERT INTO `cutting_detail` VALUES (1909, 7, '40D', 'reguler', 36, 1.060, 38.160, 384, '0050(36)', 'G3-20B037A-0050', NULL, 'OG3-20B037A-0050', '', '', NULL, NULL);
INSERT INTO `cutting_detail` VALUES (1910, 7, '40D', 'reguler', 36, 1.060, 38.160, 384, '0049(36)', 'G3-20B037A-0049', NULL, 'OG3-20B037A-0049', '', '', NULL, NULL);
INSERT INTO `cutting_detail` VALUES (1911, 7, '40D', 'reguler', 36, 1.060, 38.160, 384, '0051(36)', 'G3-20B037A-0051', NULL, 'OG3-20B037A-0051', '', '', NULL, NULL);
INSERT INTO `cutting_detail` VALUES (1912, 7, '40D', 'reguler', 36, 1.060, 38.160, 384, '0052(36)', 'G3-20B037A-0052', NULL, 'OG3-20B037A-0052', '', '', NULL, NULL);
INSERT INTO `cutting_detail` VALUES (1913, 7, '40D', 'reguler', 36, 1.060, 38.160, 384, '0053(36)', 'G3-20B037A-0053', NULL, 'OG3-20B037A-0053', '', '', NULL, NULL);
INSERT INTO `cutting_detail` VALUES (1914, 7, '40D', 'reguler', 36, 1.060, 38.160, 384, '0054(36)', 'G3-20B037A-0054', NULL, 'OG3-20B037A-0054', '', '', NULL, NULL);
INSERT INTO `cutting_detail` VALUES (1915, 7, '40D', 'reguler', 36, 1.060, 38.160, 384, '0056(36)', 'G3-20B037A-0056', NULL, 'OG3-20B037A-0056', '', '', NULL, NULL);
INSERT INTO `cutting_detail` VALUES (1916, 7, '40D', 'reguler', 36, 1.060, 38.160, 384, '0055(36)', 'G3-20B037A-0055', NULL, 'OG3-20B037A-0055', '', '', NULL, NULL);
INSERT INTO `cutting_detail` VALUES (1917, 7, '40D', 'reguler', 36, 1.060, 38.160, 384, '0057(36)', 'G3-20B037A-0057', NULL, 'OG3-20B037A-0057', '', '', NULL, NULL);
INSERT INTO `cutting_detail` VALUES (1918, 7, '40D', 'reguler', 24, 1.060, 25.440, 384, '0058(24)', 'G3-20B037A-0058', NULL, 'OG3-20B037A-0058', '', '', NULL, NULL);
INSERT INTO `cutting_detail` VALUES (1919, 7, '40DD', 'big', 36, 1.060, 38.160, 252, '0060(36)', 'G3-20B037A-0060', NULL, 'OG3-20B037A-0060', '', '', NULL, NULL);
INSERT INTO `cutting_detail` VALUES (1920, 7, '40DD', 'big', 36, 1.060, 38.160, 252, '0062(36)', 'G3-20B037A-0062', NULL, 'OG3-20B037A-0062', '', '', NULL, NULL);
INSERT INTO `cutting_detail` VALUES (1921, 7, '40DD', 'big', 36, 1.060, 38.160, 252, '0063(36)', 'G3-20B037A-0063', NULL, 'OG3-20B037A-0063', '', '', NULL, NULL);
INSERT INTO `cutting_detail` VALUES (1922, 7, '40DD', 'big', 36, 1.060, 38.160, 252, '0061(36)', 'G3-20B037A-0061', NULL, 'OG3-20B037A-0061', '', '', NULL, NULL);
INSERT INTO `cutting_detail` VALUES (1923, 7, '40DD', 'big', 36, 1.060, 38.160, 252, '0059(36)', 'G3-20B037A-0059', NULL, 'OG3-20B037A-0059', '', '', NULL, NULL);
INSERT INTO `cutting_detail` VALUES (1924, 7, '42C', 'reguler', 36, 1.060, 38.160, 600, '0067(36)', 'G3-20B037A-0067', NULL, 'OG3-20B037A-0067', '', '', NULL, NULL);
INSERT INTO `cutting_detail` VALUES (1925, 7, '42C', 'reguler', 36, 1.060, 38.160, 600, '0066(36)', 'G3-20B037A-0066', NULL, 'OG3-20B037A-0066', '', '', NULL, NULL);
INSERT INTO `cutting_detail` VALUES (1926, 7, '40DD', 'big', 36, 1.060, 38.160, 252, '0064(36)', 'G3-20B037A-0064', NULL, 'OG3-20B037A-0064', '', '', NULL, NULL);
INSERT INTO `cutting_detail` VALUES (1927, 7, '40DD', 'big', 36, 1.060, 38.160, 252, '0065(36)', 'G3-20B037A-0065', NULL, 'OG3-20B037A-0065', '', '', NULL, NULL);
INSERT INTO `cutting_detail` VALUES (1928, 7, '42C', 'reguler', 36, 1.060, 38.160, 600, '0068(36)', 'G3-20B037A-0068', NULL, 'OG3-20B037A-0068', '', '', NULL, NULL);
INSERT INTO `cutting_detail` VALUES (1929, 7, '42C', 'reguler', 36, 1.060, 38.160, 600, '0070(36)', 'G3-20B037A-0070', NULL, 'OG3-20B037A-0070', '', '', NULL, NULL);
INSERT INTO `cutting_detail` VALUES (1930, 7, '42C', 'reguler', 36, 1.060, 38.160, 600, '0075(36)', 'G3-20B037A-0075', NULL, 'OG3-20B037A-0075', '', '', NULL, NULL);
INSERT INTO `cutting_detail` VALUES (1931, 7, '42C', 'reguler', 36, 1.060, 38.160, 600, '0071(36)', 'G3-20B037A-0071', NULL, 'OG3-20B037A-0071', '', '', NULL, NULL);
INSERT INTO `cutting_detail` VALUES (1932, 7, '42C', 'reguler', 36, 1.060, 38.160, 600, '0073(36)', 'G3-20B037A-0073', NULL, 'OG3-20B037A-0073', '', '', NULL, NULL);
INSERT INTO `cutting_detail` VALUES (1933, 7, '42C', 'reguler', 36, 1.060, 38.160, 600, '0069(36)', 'G3-20B037A-0069', NULL, 'OG3-20B037A-0069', '', '', NULL, NULL);
INSERT INTO `cutting_detail` VALUES (1934, 7, '42C', 'reguler', 36, 1.060, 38.160, 600, '0072(36)', 'G3-20B037A-0072', NULL, 'OG3-20B037A-0072', '', '', NULL, NULL);
INSERT INTO `cutting_detail` VALUES (1935, 7, '42C', 'reguler', 36, 1.060, 38.160, 600, '0076(36)', 'G3-20B037A-0076', NULL, 'OG3-20B037A-0076', '', '', NULL, NULL);
INSERT INTO `cutting_detail` VALUES (1936, 7, '42C', 'reguler', 36, 1.060, 38.160, 600, '0074(36)', 'G3-20B037A-0074', NULL, 'OG3-20B037A-0074', '', '', NULL, NULL);
INSERT INTO `cutting_detail` VALUES (1937, 7, '42C', 'reguler', 24, 1.060, 25.440, 600, '0082(24)', 'G3-20B037A-0082', NULL, 'OG3-20B037A-0082', '', '', NULL, NULL);
INSERT INTO `cutting_detail` VALUES (1938, 7, '42C', 'reguler', 36, 1.060, 38.160, 600, '0079(36)', 'G3-20B037A-0079', NULL, 'OG3-20B037A-0079', '', '', NULL, NULL);
INSERT INTO `cutting_detail` VALUES (1939, 7, '42C', 'reguler', 36, 1.060, 38.160, 600, '0080(36)', 'G3-20B037A-0080', NULL, 'OG3-20B037A-0080', '', '', NULL, NULL);
INSERT INTO `cutting_detail` VALUES (1940, 7, '42C', 'reguler', 36, 1.060, 38.160, 600, '0081(36)', 'G3-20B037A-0081', NULL, 'OG3-20B037A-0081', '', '', NULL, NULL);
INSERT INTO `cutting_detail` VALUES (1941, 7, '42D', 'big', 36, 1.060, 38.160, 288, '0084(36)', 'G3-20B037A-0084', NULL, 'OG3-20B037A-0084', '', '', NULL, NULL);
INSERT INTO `cutting_detail` VALUES (1942, 7, '42C', 'reguler', 36, 1.060, 38.160, 600, '0077(36)', 'G3-20B037A-0077', NULL, 'OG3-20B037A-0077', '', '', NULL, NULL);
INSERT INTO `cutting_detail` VALUES (1943, 7, '42D', 'big', 36, 1.060, 38.160, 288, '0086(36)', 'G3-20B037A-0086', NULL, 'OG3-20B037A-0086', '', '', NULL, NULL);
INSERT INTO `cutting_detail` VALUES (1944, 7, '42D', 'big', 36, 1.060, 38.160, 288, '0085(36)', 'G3-20B037A-0085', NULL, 'OG3-20B037A-0085', '', '', NULL, NULL);
INSERT INTO `cutting_detail` VALUES (1945, 7, '42D', 'big', 36, 1.060, 38.160, 288, '0088(36)', 'G3-20B037A-0088', NULL, 'OG3-20B037A-0088', '', '', NULL, NULL);
INSERT INTO `cutting_detail` VALUES (1946, 7, '42C', 'reguler', 36, 1.060, 38.160, 600, '0078(36)', 'G3-20B037A-0078', NULL, 'OG3-20B037A-0078', '', '', NULL, NULL);
INSERT INTO `cutting_detail` VALUES (1947, 7, '42D', 'big', 36, 1.060, 38.160, 288, '0089(36)', 'G3-20B037A-0089', NULL, 'OG3-20B037A-0089', '', '', NULL, NULL);
INSERT INTO `cutting_detail` VALUES (1948, 7, '42DD', 'big', 36, 1.060, 38.160, 372, '0092(36)', 'G3-20B037A-0092', NULL, 'OG3-20B037A-0092', '', '', NULL, NULL);
INSERT INTO `cutting_detail` VALUES (1949, 7, '42D', 'big', 36, 1.060, 38.160, 288, '0087(36)', 'G3-20B037A-0087', NULL, 'OG3-20B037A-0087', '', '', NULL, NULL);
INSERT INTO `cutting_detail` VALUES (1950, 7, '42D', 'big', 36, 1.060, 38.160, 288, '0083(36)', 'G3-20B037A-0083', NULL, 'OG3-20B037A-0083', '', '', NULL, NULL);
INSERT INTO `cutting_detail` VALUES (1951, 7, '42DD', 'big', 36, 1.060, 38.160, 372, '0094(36)', 'G3-20B037A-0094', NULL, 'OG3-20B037A-0094', '', '', NULL, NULL);
INSERT INTO `cutting_detail` VALUES (1952, 7, '42DD', 'big', 36, 1.060, 38.160, 372, '0091(36)', 'G3-20B037A-0091', NULL, 'OG3-20B037A-0091', '', '', NULL, NULL);
INSERT INTO `cutting_detail` VALUES (1953, 7, '42DD', 'big', 36, 1.060, 38.160, 372, '0098(36)', 'G3-20B037A-0098', NULL, 'OG3-20B037A-0098', '', '', NULL, NULL);
INSERT INTO `cutting_detail` VALUES (1954, 7, '42DD', 'big', 36, 1.060, 38.160, 372, '0093(36)', 'G3-20B037A-0093', NULL, 'OG3-20B037A-0093', '', '', NULL, NULL);
INSERT INTO `cutting_detail` VALUES (1955, 7, '42DD', 'big', 36, 1.060, 38.160, 372, '0100(36)', 'G3-20B037A-0100', NULL, 'OG3-20B037A-0100', '', '', NULL, NULL);
INSERT INTO `cutting_detail` VALUES (1956, 7, '42D', 'big', 36, 1.060, 38.160, 288, '0090(36)', 'G3-20B037A-0090', NULL, 'OG3-20B037A-0090', '', '', NULL, NULL);
INSERT INTO `cutting_detail` VALUES (1957, 7, '42DD', 'big', 36, 1.060, 38.160, 372, '0096(36)', 'G3-20B037A-0096', NULL, 'OG3-20B037A-0096', '', '', NULL, NULL);
INSERT INTO `cutting_detail` VALUES (1958, 7, '42DD', 'big', 36, 1.060, 38.160, 372, '0099(36)', 'G3-20B037A-0099', NULL, 'OG3-20B037A-0099', '', '', NULL, NULL);
INSERT INTO `cutting_detail` VALUES (1959, 7, '44B', 'reguler', 36, 1.060, 38.160, 288, '0104(36)', 'G3-20B037A-0104', NULL, 'OG3-20B037A-0104', '', '', NULL, NULL);
INSERT INTO `cutting_detail` VALUES (1960, 7, '42DD', 'big', 36, 1.060, 38.160, 372, '0095(36)', 'G3-20B037A-0095', NULL, 'OG3-20B037A-0095', '', '', NULL, NULL);
INSERT INTO `cutting_detail` VALUES (1961, 7, '42DD', 'big', 12, 1.060, 12.720, 372, '0101(12)', 'G3-20B037A-0101', NULL, 'OG3-20B037A-0101', '', '', NULL, NULL);
INSERT INTO `cutting_detail` VALUES (1962, 7, '42DD', 'big', 36, 1.060, 38.160, 372, '0097(36)', 'G3-20B037A-0097', NULL, 'OG3-20B037A-0097', '', '', NULL, NULL);
INSERT INTO `cutting_detail` VALUES (1963, 7, '44B', 'reguler', 36, 1.060, 38.160, 288, '0103(36)', 'G3-20B037A-0103', NULL, 'OG3-20B037A-0103', '', '', NULL, NULL);
INSERT INTO `cutting_detail` VALUES (1964, 7, '44B', 'reguler', 36, 1.060, 38.160, 288, '0105(36)', 'G3-20B037A-0105', NULL, 'OG3-20B037A-0105', '', '', NULL, NULL);
INSERT INTO `cutting_detail` VALUES (1965, 7, '44B', 'reguler', 36, 1.060, 38.160, 288, '0102(36)', 'G3-20B037A-0102', NULL, 'OG3-20B037A-0102', '', '', NULL, NULL);
INSERT INTO `cutting_detail` VALUES (1966, 7, '44B', 'reguler', 36, 1.060, 38.160, 288, '0106(36)', 'G3-20B037A-0106', NULL, 'OG3-20B037A-0106', '', '', NULL, NULL);
INSERT INTO `cutting_detail` VALUES (1967, 7, '44B', 'reguler', 36, 1.060, 38.160, 288, '0109(36)', 'G3-20B037A-0109', NULL, 'OG3-20B037A-0109', '', '', NULL, NULL);
INSERT INTO `cutting_detail` VALUES (1968, 7, '44B', 'reguler', 36, 1.060, 38.160, 288, '0108(36)', 'G3-20B037A-0108', NULL, 'OG3-20B037A-0108', '', '', NULL, NULL);
INSERT INTO `cutting_detail` VALUES (1969, 7, '44B', 'reguler', 36, 1.060, 38.160, 288, '0107(36)', 'G3-20B037A-0107', NULL, 'OG3-20B037A-0107', '', '', NULL, NULL);
INSERT INTO `cutting_detail` VALUES (1970, 7, '44C', 'big', 36, 1.060, 38.160, 396, '0110(36)', 'G3-20B037A-0110', NULL, 'OG3-20B037A-0110', '', '', NULL, NULL);
INSERT INTO `cutting_detail` VALUES (1971, 7, '44C', 'big', 36, 1.060, 38.160, 396, '0114(36)', 'G3-20B037A-0114', NULL, 'OG3-20B037A-0114', '', '', NULL, NULL);
INSERT INTO `cutting_detail` VALUES (1972, 7, '44C', 'big', 36, 1.060, 38.160, 396, '0113(36)', 'G3-20B037A-0113', NULL, 'OG3-20B037A-0113', '', '', NULL, NULL);
INSERT INTO `cutting_detail` VALUES (1973, 7, '44C', 'big', 36, 1.060, 38.160, 396, '0115(36)', 'G3-20B037A-0115', NULL, 'OG3-20B037A-0115', '', '', NULL, NULL);
INSERT INTO `cutting_detail` VALUES (1974, 7, '44C', 'big', 36, 1.060, 38.160, 396, '0117(36)', 'G3-20B037A-0117', NULL, 'OG3-20B037A-0117', '', '', NULL, NULL);
INSERT INTO `cutting_detail` VALUES (1975, 7, '44C', 'big', 36, 1.060, 38.160, 396, '0112(36)', 'G3-20B037A-0112', NULL, 'OG3-20B037A-0112', '', '', NULL, NULL);
INSERT INTO `cutting_detail` VALUES (1976, 7, '44C', 'big', 36, 1.060, 38.160, 396, '0111(36)', 'G3-20B037A-0111', NULL, 'OG3-20B037A-0111', '', '', NULL, NULL);
INSERT INTO `cutting_detail` VALUES (1977, 7, '44C', 'big', 36, 1.060, 38.160, 396, '0116(36)', 'G3-20B037A-0116', NULL, 'OG3-20B037A-0116', '', '', NULL, NULL);
INSERT INTO `cutting_detail` VALUES (1978, 7, '44C', 'big', 36, 1.060, 38.160, 396, '0118(36)', 'G3-20B037A-0118', NULL, 'OG3-20B037A-0118', '', '', NULL, NULL);
INSERT INTO `cutting_detail` VALUES (1979, 7, '44C', 'big', 36, 1.060, 38.160, 396, '0120(36)', 'G3-20B037A-0120', NULL, 'OG3-20B037A-0120', '', '', NULL, NULL);
INSERT INTO `cutting_detail` VALUES (1980, 7, '44D', 'big', 36, 1.060, 38.160, 252, '0121(36)', 'G3-20B037A-0121', NULL, 'OG3-20B037A-0121', '', '', NULL, NULL);
INSERT INTO `cutting_detail` VALUES (1981, 7, '44D', 'big', 36, 1.060, 38.160, 252, '0122(36)', 'G3-20B037A-0122', NULL, 'OG3-20B037A-0122', '', '', NULL, NULL);
INSERT INTO `cutting_detail` VALUES (1982, 7, '44D', 'big', 36, 1.060, 38.160, 252, '0124(36)', 'G3-20B037A-0124', NULL, 'OG3-20B037A-0124', '', '', NULL, NULL);
INSERT INTO `cutting_detail` VALUES (1983, 7, '44D', 'big', 36, 1.060, 38.160, 252, '0125(36)', 'G3-20B037A-0125', NULL, 'OG3-20B037A-0125', '', '', NULL, NULL);
INSERT INTO `cutting_detail` VALUES (1984, 7, '44D', 'big', 36, 1.060, 38.160, 252, '0123(36)', 'G3-20B037A-0123', NULL, 'OG3-20B037A-0123', '', '', NULL, NULL);
INSERT INTO `cutting_detail` VALUES (1985, 7, '44D', 'big', 36, 1.060, 38.160, 252, '0126(36)', 'G3-20B037A-0126', NULL, 'OG3-20B037A-0126', '', '', NULL, NULL);
INSERT INTO `cutting_detail` VALUES (1986, 7, '44C', 'big', 36, 1.060, 38.160, 396, '0119(36)', 'G3-20B037A-0119', NULL, 'OG3-20B037A-0119', '', '', NULL, NULL);
INSERT INTO `cutting_detail` VALUES (1987, 7, '44D', 'big', 36, 1.060, 38.160, 252, '0127(36)', 'G3-20B037A-0127', NULL, 'OG3-20B037A-0127', '', '', NULL, NULL);
INSERT INTO `cutting_detail` VALUES (1988, 8, '36B', 'reguler', 36, 1.060, 38.160, 100, '0001(36)', 'G3-20B002A-2-0001', NULL, '', '', '', NULL, NULL);
INSERT INTO `cutting_detail` VALUES (1989, 8, '36B', 'reguler', 28, 1.060, 29.680, 100, '0003(28)', 'G3-20B002A-2-0003', NULL, '', '', '', NULL, NULL);
INSERT INTO `cutting_detail` VALUES (1990, 8, '38D', 'reguler', 36, 1.060, 38.160, 100, '0004(36)', 'G3-20B002A-2-0004', NULL, '', '', '', NULL, NULL);
INSERT INTO `cutting_detail` VALUES (1991, 8, '38D', 'reguler', 36, 1.060, 38.160, 100, '0005(36)', 'G3-20B002A-2-0005', NULL, '', '', '', NULL, NULL);
INSERT INTO `cutting_detail` VALUES (1992, 8, '36B', 'reguler', 36, 1.060, 38.160, 100, '0002(36)', 'G3-20B002A-2-0002', NULL, '', '', '', NULL, NULL);
INSERT INTO `cutting_detail` VALUES (1993, 8, '38D', 'reguler', 28, 1.060, 29.680, 100, '0006(28)', 'G3-20B002A-2-0006', NULL, '', '', '', NULL, NULL);
INSERT INTO `cutting_detail` VALUES (1994, 8, '40C', 'reguler', 36, 1.060, 38.160, 160, '0007(36)', 'G3-20B002A-2-0007', NULL, '', '', '', NULL, NULL);
INSERT INTO `cutting_detail` VALUES (1995, 8, '40C', 'reguler', 36, 1.060, 38.160, 160, '0009(36)', 'G3-20B002A-2-0009', NULL, '', '', '', NULL, NULL);
INSERT INTO `cutting_detail` VALUES (1996, 8, '40C', 'reguler', 36, 1.060, 38.160, 160, '0008(36)', 'G3-20B002A-2-0008', NULL, '', '', '', NULL, NULL);
INSERT INTO `cutting_detail` VALUES (1997, 8, '40C', 'reguler', 36, 1.060, 38.160, 160, '0010(36)', 'G3-20B002A-2-0010', NULL, '', '', '', NULL, NULL);
INSERT INTO `cutting_detail` VALUES (1998, 8, '40C', 'reguler', 16, 1.060, 16.960, 160, '0011(16)', 'G3-20B002A-2-0011', NULL, '', '', '', NULL, NULL);
INSERT INTO `cutting_detail` VALUES (1999, 9, '34C', 'reguler', 36, 0.961, 34.596, 100, '0002(36)', 'G3-20B035A-1-0002', NULL, 'OG3-20B035A-1-0002', '', '', NULL, NULL);
INSERT INTO `cutting_detail` VALUES (2000, 9, '36B', 'reguler', 36, 0.961, 34.596, 100, '0005(36)', 'G3-20B035A-1-0005', NULL, 'OG3-20B035A-1-0005', '', '', NULL, NULL);
INSERT INTO `cutting_detail` VALUES (2001, 9, '34C', 'reguler', 28, 0.961, 26.908, 100, '0003(28)', 'G3-20B035A-1-0003', NULL, 'OG3-20B035A-1-0003', '', '', NULL, NULL);
INSERT INTO `cutting_detail` VALUES (2002, 9, '36B', 'reguler', 36, 0.961, 34.596, 100, '0004(36)', 'G3-20B035A-1-0004', NULL, 'OG3-20B035A-1-0004', '', '', NULL, NULL);
INSERT INTO `cutting_detail` VALUES (2003, 9, '34C', 'reguler', 36, 0.961, 34.596, 100, '0001(36)', 'G3-20B035A-1-0001', NULL, 'OG3-20B035A-1-0001', '', '', NULL, NULL);
INSERT INTO `cutting_detail` VALUES (2004, 9, '36B', 'reguler', 28, 0.961, 26.908, 100, '0006(28)', 'G3-20B035A-1-0006', NULL, 'OG3-20B035A-1-0006', '', '', NULL, NULL);
INSERT INTO `cutting_detail` VALUES (2005, 9, '38C', 'reguler', 36, 0.961, 34.596, 160, '0007(36)', 'G3-20B035A-1-0007', NULL, 'OG3-20B035A-1-0007', '', '', NULL, NULL);
INSERT INTO `cutting_detail` VALUES (2006, 9, '38C', 'reguler', 36, 0.961, 34.596, 160, '0008(36)', 'G3-20B035A-1-0008', NULL, 'OG3-20B035A-1-0008', '', '', NULL, NULL);
INSERT INTO `cutting_detail` VALUES (2007, 9, '38C', 'reguler', 36, 0.961, 34.596, 160, '0010(36)', 'G3-20B035A-1-0010', NULL, 'OG3-20B035A-1-0010', '', '', NULL, NULL);
INSERT INTO `cutting_detail` VALUES (2008, 9, '38C', 'reguler', 36, 0.961, 34.596, 160, '0009(36)', 'G3-20B035A-1-0009', NULL, 'OG3-20B035A-1-0009', '', '', NULL, NULL);
INSERT INTO `cutting_detail` VALUES (2009, 9, '38C', 'reguler', 16, 0.961, 15.376, 160, '0011(16)', 'G3-20B035A-1-0011', NULL, 'OG3-20B035A-1-0011', '', '', NULL, NULL);
INSERT INTO `cutting_detail` VALUES (2010, 10, '36C', 'reguler', 36, 0.961, 34.596, 100, '0001(36)', 'G3-20D052C-2-0001', NULL, '', 'MG3-20D052C-2-0001', '', NULL, NULL);
INSERT INTO `cutting_detail` VALUES (2011, 10, '36C', 'reguler', 28, 0.961, 26.908, 100, '0003(28)', 'G3-20D052C-2-0003', NULL, '', 'MG3-20D052C-2-0003', '', NULL, NULL);
INSERT INTO `cutting_detail` VALUES (2012, 10, '36C', 'reguler', 36, 0.961, 34.596, 100, '0002(36)', 'G3-20D052C-2-0002', NULL, '', 'MG3-20D052C-2-0002', '', NULL, NULL);
INSERT INTO `cutting_detail` VALUES (2013, 10, '36C', 'reguler', 36, 0.961, 34.596, 100, '0005(36)', 'G3-20D052C-2-0005', NULL, '', 'MG3-20D052C-2-0005', '', NULL, NULL);
INSERT INTO `cutting_detail` VALUES (2014, 10, '36C', 'reguler', 36, 0.961, 34.596, 100, '0004(36)', 'G3-20D052C-2-0004', NULL, '', 'MG3-20D052C-2-0004', '', NULL, NULL);
INSERT INTO `cutting_detail` VALUES (2015, 10, '36C', 'reguler', 28, 0.961, 26.908, 100, '0006(28)', 'G3-20D052C-2-0006', NULL, '', 'MG3-20D052C-2-0006', '', NULL, NULL);
INSERT INTO `cutting_detail` VALUES (2016, 10, '38D', 'reguler', 36, 0.961, 34.596, 100, '0007(36)', 'G3-20D052C-2-0007', NULL, '', 'MG3-20D052C-2-0007', '', NULL, NULL);
INSERT INTO `cutting_detail` VALUES (2017, 10, '38D', 'reguler', 36, 0.961, 34.596, 100, '0008(36)', 'G3-20D052C-2-0008', NULL, '', 'MG3-20D052C-2-0008', '', NULL, NULL);
INSERT INTO `cutting_detail` VALUES (2018, 10, '38D', 'reguler', 28, 0.961, 26.908, 100, '0009(28)', 'G3-20D052C-2-0009', NULL, '', 'MG3-20D052C-2-0009', '', NULL, NULL);
INSERT INTO `cutting_detail` VALUES (2019, 10, '40C', 'reguler', 36, 0.961, 34.596, 48, '0010(36)', 'G3-20D052C-2-0010', NULL, '', 'MG3-20D052C-2-0010', '', NULL, NULL);
INSERT INTO `cutting_detail` VALUES (2020, 10, '40C', 'reguler', 12, 0.961, 11.532, 48, '0011(12)', 'G3-20D052C-2-0011', NULL, '', 'MG3-20D052C-2-0011', '', NULL, NULL);

-- ----------------------------
-- Table structure for input_cutting
-- ----------------------------
DROP TABLE IF EXISTS `input_cutting`;
CREATE TABLE `input_cutting`  (
  `id_input_cutting` int(11) NOT NULL AUTO_INCREMENT,
  `orc` varchar(50) CHARACTER SET latin1 COLLATE latin1_swedish_ci NULL DEFAULT NULL,
  `style` varchar(50) CHARACTER SET latin1 COLLATE latin1_swedish_ci NULL DEFAULT NULL,
  `color` varchar(50) CHARACTER SET latin1 COLLATE latin1_swedish_ci NULL DEFAULT NULL,
  `no_bundle` varchar(50) CHARACTER SET latin1 COLLATE latin1_swedish_ci NULL DEFAULT NULL,
  `size` varchar(50) CHARACTER SET latin1 COLLATE latin1_swedish_ci NULL DEFAULT NULL,
  `qty_pcs` int(11) NULL DEFAULT NULL,
  `tgl` date NULL DEFAULT NULL,
  `kode_barcode` varchar(50) CHARACTER SET latin1 COLLATE latin1_swedish_ci NULL DEFAULT NULL,
  PRIMARY KEY (`id_input_cutting`) USING BTREE
) ENGINE = InnoDB AUTO_INCREMENT = 34 CHARACTER SET = latin1 COLLATE = latin1_swedish_ci ROW_FORMAT = Compact;

-- ----------------------------
-- Records of input_cutting
-- ----------------------------
INSERT INTO `input_cutting` VALUES (1, 'G3-20B002A-2', '22045 (71380)', 'MID BLACK', '0001(36)', '36B', 36, '2020-01-10', 'G3-20B002A-2-0001');
INSERT INTO `input_cutting` VALUES (2, 'G3-20B002A-2', '22045 (71380)', 'MID BLACK', '0002(36)', '36B', 36, '2020-01-10', 'G3-20B002A-2-0002');
INSERT INTO `input_cutting` VALUES (3, 'G3-20B002A-2', '22045 (71380)', 'MID BLACK', '0003(28)', '36B', 28, '2020-01-10', 'G3-20B002A-2-0003');
INSERT INTO `input_cutting` VALUES (4, 'G3-20B002A-2', '22045 (71380)', 'MID BLACK', '0004(36)', '38D', 36, '2020-01-10', 'G3-20B002A-2-0004');
INSERT INTO `input_cutting` VALUES (5, 'G3-20B002A-2', '22045 (71380)', 'MID BLACK', '0005(36)', '38D', 36, '2020-01-10', 'G3-20B002A-2-0005');
INSERT INTO `input_cutting` VALUES (6, 'G3-20B002A-2', '22045 (71380)', 'MID BLACK', '0006(28)', '38D', 28, '2020-01-10', 'G3-20B002A-2-0006');
INSERT INTO `input_cutting` VALUES (7, 'G3-20B002A-2', '22045 (71380)', 'MID BLACK', '0007(36)', '40C', 36, '2020-01-10', 'G3-20B002A-2-0007');
INSERT INTO `input_cutting` VALUES (8, 'G3-20B002A-2', '22045 (71380)', 'MID BLACK', '0008(36)', '40C', 36, '2020-01-10', 'G3-20B002A-2-0008');
INSERT INTO `input_cutting` VALUES (9, 'G3-20B002A-2', '22045 (71380)', 'MID BLACK', '0009(36)', '40C', 36, '2020-01-10', 'G3-20B002A-2-0009');
INSERT INTO `input_cutting` VALUES (10, 'G3-20B002A-2', '22045 (71380)', 'MID BLACK', '0010(36)', '40C', 36, '2020-01-10', 'G3-20B002A-2-0010');
INSERT INTO `input_cutting` VALUES (11, 'G3-20B002A-2', '22045 (71380)', 'MID BLACK', '0011(16)', '40C', 16, '2020-01-10', 'G3-20B002A-2-0011');
INSERT INTO `input_cutting` VALUES (12, 'G3-20D052C-2', '22045 (71380)', 'STAR WHITE', '0001(36)', '36C', 36, '2020-01-10', 'G3-20D052C-2-0001');
INSERT INTO `input_cutting` VALUES (13, 'G3-20D052C-2', '22045 (71380)', 'STAR WHITE', '0002(36)', '36C', 36, '2020-01-10', 'G3-20D052C-2-0002');
INSERT INTO `input_cutting` VALUES (14, 'G3-20D052C-2', '22045 (71380)', 'STAR WHITE', '0003(28)', '36C', 28, '2020-01-10', 'G3-20D052C-2-0003');
INSERT INTO `input_cutting` VALUES (15, 'G3-20D052C-2', '22045 (71380)', 'STAR WHITE', '0004(36)', '36C', 36, '2020-01-10', 'G3-20D052C-2-0004');
INSERT INTO `input_cutting` VALUES (16, 'G3-20D052C-2', '22045 (71380)', 'STAR WHITE', '0005(36)', '36C', 36, '2020-01-10', 'G3-20D052C-2-0005');
INSERT INTO `input_cutting` VALUES (17, 'G3-20D052C-2', '22045 (71380)', 'STAR WHITE', '0006(28)', '36C', 28, '2020-01-10', 'G3-20D052C-2-0006');
INSERT INTO `input_cutting` VALUES (18, 'G3-20D052C-2', '22045 (71380)', 'STAR WHITE', '0007(36)', '38D', 36, '2020-01-10', 'G3-20D052C-2-0007');
INSERT INTO `input_cutting` VALUES (19, 'G3-20D052C-2', '22045 (71380)', 'STAR WHITE', '0008(36)', '38D', 36, '2020-01-10', 'G3-20D052C-2-0008');
INSERT INTO `input_cutting` VALUES (20, 'G3-20D052C-2', '22045 (71380)', 'STAR WHITE', '0009(28)', '38D', 28, '2020-01-10', 'G3-20D052C-2-0009');
INSERT INTO `input_cutting` VALUES (21, 'G3-20D052C-2', '22045 (71380)', 'STAR WHITE', '0010(36)', '40C', 36, '2020-01-10', 'G3-20D052C-2-0010');
INSERT INTO `input_cutting` VALUES (22, 'G3-20D052C-2', '22045 (71380)', 'STAR WHITE', '0011(12)', '40C', 12, '2020-01-10', 'G3-20D052C-2-0011');
INSERT INTO `input_cutting` VALUES (23, 'G3-20B035A-1', '22045 (71380)', 'STAR WHITE', '0001(36)', '34C', 36, '2020-01-10', 'G3-20B035A-1-0001');
INSERT INTO `input_cutting` VALUES (24, 'G3-20B035A-1', '22045 (71380)', 'STAR WHITE', '0002(36)', '34C', 36, '2020-01-10', 'G3-20B035A-1-0002');
INSERT INTO `input_cutting` VALUES (25, 'G3-20B035A-1', '22045 (71380)', 'STAR WHITE', '0003(28)', '34C', 28, '2020-01-10', 'G3-20B035A-1-0003');
INSERT INTO `input_cutting` VALUES (26, 'G3-20B035A-1', '22045 (71380)', 'STAR WHITE', '0004(36)', '36B', 36, '2020-01-10', 'G3-20B035A-1-0004');
INSERT INTO `input_cutting` VALUES (27, 'G3-20B035A-1', '22045 (71380)', 'STAR WHITE', '0005(36)', '36B', 36, '2020-01-10', 'G3-20B035A-1-0005');
INSERT INTO `input_cutting` VALUES (28, 'G3-20B035A-1', '22045 (71380)', 'STAR WHITE', '0006(28)', '36B', 28, '2020-01-10', 'G3-20B035A-1-0006');
INSERT INTO `input_cutting` VALUES (29, 'G3-20B035A-1', '22045 (71380)', 'STAR WHITE', '0007(36)', '38C', 36, '2020-01-10', 'G3-20B035A-1-0007');
INSERT INTO `input_cutting` VALUES (30, 'G3-20B035A-1', '22045 (71380)', 'STAR WHITE', '0008(36)', '38C', 36, '2020-01-10', 'G3-20B035A-1-0008');
INSERT INTO `input_cutting` VALUES (31, 'G3-20B035A-1', '22045 (71380)', 'STAR WHITE', '0009(36)', '38C', 36, '2020-01-10', 'G3-20B035A-1-0009');
INSERT INTO `input_cutting` VALUES (32, 'G3-20B035A-1', '22045 (71380)', 'STAR WHITE', '0010(36)', '38C', 36, '2020-01-10', 'G3-20B035A-1-0010');
INSERT INTO `input_cutting` VALUES (33, 'G3-20B035A-1', '22045 (71380)', 'STAR WHITE', '0011(16)', '38C', 16, '2020-01-10', 'G3-20B035A-1-0011');

-- ----------------------------
-- Table structure for input_molding
-- ----------------------------
DROP TABLE IF EXISTS `input_molding`;
CREATE TABLE `input_molding`  (
  `id_input_molding` int(11) NOT NULL AUTO_INCREMENT,
  `tgl` date NULL DEFAULT NULL,
  `orc` varchar(50) CHARACTER SET latin1 COLLATE latin1_swedish_ci NULL DEFAULT NULL,
  `style` varchar(50) CHARACTER SET latin1 COLLATE latin1_swedish_ci NULL DEFAULT NULL,
  `color` varchar(50) CHARACTER SET latin1 COLLATE latin1_swedish_ci NULL DEFAULT NULL,
  PRIMARY KEY (`id_input_molding`) USING BTREE
) ENGINE = InnoDB AUTO_INCREMENT = 3 CHARACTER SET = latin1 COLLATE = latin1_swedish_ci ROW_FORMAT = Compact;

-- ----------------------------
-- Records of input_molding
-- ----------------------------
INSERT INTO `input_molding` VALUES (1, '2020-01-10', 'G3-20B035A-1', '22045 (71380)', 'STAR WHITE');
INSERT INTO `input_molding` VALUES (2, '2020-01-10', 'G3-20B035A-1', '22045 (71380)', 'STAR WHITE');

-- ----------------------------
-- Table structure for input_molding_detail
-- ----------------------------
DROP TABLE IF EXISTS `input_molding_detail`;
CREATE TABLE `input_molding_detail`  (
  `id_input_molding_detail` int(11) NOT NULL AUTO_INCREMENT,
  `id_input_molding` int(11) NULL DEFAULT NULL,
  `no_bundle` varchar(25) CHARACTER SET latin1 COLLATE latin1_swedish_ci NULL DEFAULT NULL,
  `size` varchar(10) CHARACTER SET latin1 COLLATE latin1_swedish_ci NULL DEFAULT NULL,
  `group_size` varchar(15) CHARACTER SET latin1 COLLATE latin1_swedish_ci NULL DEFAULT NULL,
  `qty_pcs` int(11) NULL DEFAULT NULL,
  `outermold_sam` decimal(4, 3) NOT NULL DEFAULT 0.000,
  `mildmold_sam` decimal(4, 3) NOT NULL DEFAULT 0.000,
  `linningmold_sam` decimal(4, 3) NOT NULL DEFAULT 0.000,
  `outermold_barcode` varchar(25) CHARACTER SET latin1 COLLATE latin1_swedish_ci NULL DEFAULT NULL,
  `midmold_barcode` varchar(25) CHARACTER SET latin1 COLLATE latin1_swedish_ci NULL DEFAULT NULL,
  `linningmold_barcode` varchar(25) CHARACTER SET latin1 COLLATE latin1_swedish_ci NULL DEFAULT NULL,
  `totalmold_sam` decimal(6, 3) AS (outermold_sam + mildmold_sam + linningmold_sam) VIRTUAL NULL,
  PRIMARY KEY (`id_input_molding_detail`) USING BTREE,
  INDEX `fk_input_mold`(`id_input_molding`) USING BTREE,
  CONSTRAINT `fk_input_mold` FOREIGN KEY (`id_input_molding`) REFERENCES `input_molding` (`id_input_molding`) ON DELETE RESTRICT ON UPDATE RESTRICT
) ENGINE = InnoDB AUTO_INCREMENT = 3 CHARACTER SET = latin1 COLLATE = latin1_swedish_ci ROW_FORMAT = Compact;

-- ----------------------------
-- Records of input_molding_detail
-- ----------------------------
INSERT INTO `input_molding_detail` VALUES (1, 1, '0004(36)', '36B', 'reguler', 36, 1.066, 0.000, 0.000, 'OG3-20B035A-1-0004', NULL, NULL, DEFAULT);
INSERT INTO `input_molding_detail` VALUES (2, 2, '0008(36)', '38C', 'reguler', 36, 1.066, 0.000, 0.000, 'OG3-20B035A-1-0008', NULL, NULL, DEFAULT);

-- ----------------------------
-- Table structure for input_sewing
-- ----------------------------
DROP TABLE IF EXISTS `input_sewing`;
CREATE TABLE `input_sewing`  (
  `id_input_sewing` int(11) NOT NULL AUTO_INCREMENT,
  `line` varchar(100) CHARACTER SET latin1 COLLATE latin1_swedish_ci NULL DEFAULT NULL,
  `tgl` date NULL DEFAULT NULL,
  `orc` varchar(50) CHARACTER SET latin1 COLLATE latin1_swedish_ci NULL DEFAULT NULL,
  `style` varchar(50) CHARACTER SET latin1 COLLATE latin1_swedish_ci NULL DEFAULT NULL,
  `color` varchar(50) CHARACTER SET latin1 COLLATE latin1_swedish_ci NULL DEFAULT NULL,
  `no_bundle` varchar(500) CHARACTER SET latin1 COLLATE latin1_swedish_ci NULL DEFAULT NULL,
  `size` varchar(10) CHARACTER SET latin1 COLLATE latin1_swedish_ci NULL DEFAULT NULL,
  `qty_pcs` int(11) NULL DEFAULT NULL,
  `center_panel_sam` decimal(4, 3) NULL DEFAULT NULL,
  `back_wings_sam` decimal(4, 3) NULL DEFAULT NULL,
  `cups_sam` decimal(4, 3) NULL DEFAULT NULL,
  `assembly_sam` decimal(4, 3) NULL DEFAULT NULL,
  `kode_barcode` varchar(50) CHARACTER SET latin1 COLLATE latin1_swedish_ci NULL DEFAULT NULL,
  `to_packing` bit(1) NULL DEFAULT NULL,
  `packed_date` date NULL DEFAULT NULL,
  PRIMARY KEY (`id_input_sewing`) USING BTREE
) ENGINE = InnoDB AUTO_INCREMENT = 18 CHARACTER SET = latin1 COLLATE = latin1_swedish_ci ROW_FORMAT = Compact;

-- ----------------------------
-- Records of input_sewing
-- ----------------------------
INSERT INTO `input_sewing` VALUES (1, 'BROMO', '2020-01-10', 'G3-20B035A-1', '22045 (71380)', 'STAR WHITE', '0001(36)', '34C', 36, 3.021, 1.392, 4.940, 3.056, 'G3-20B035A-1-0001', NULL, NULL);
INSERT INTO `input_sewing` VALUES (2, 'BROMO', '2020-01-10', 'G3-20B035A-1', '22045 (71380)', 'STAR WHITE', '0002(36)', '34C', 36, 3.021, 1.392, 4.940, 3.056, 'G3-20B035A-1-0002', NULL, NULL);
INSERT INTO `input_sewing` VALUES (3, 'BROMO', '2020-01-10', 'G3-20B035A-1', '22045 (71380)', 'STAR WHITE', '0003(28)', '34C', 28, 3.021, 1.392, 4.940, 3.056, 'G3-20B035A-1-0003', NULL, NULL);
INSERT INTO `input_sewing` VALUES (4, 'BROMO', '2020-01-10', 'G3-20B035A-1', '22045 (71380)', 'STAR WHITE', '0004(36)', '36B', 36, 3.021, 1.392, 4.940, 3.056, 'G3-20B035A-1-0004', NULL, NULL);
INSERT INTO `input_sewing` VALUES (5, 'BROMO', '2020-01-10', 'G3-20B035A-1', '22045 (71380)', 'STAR WHITE', '0005(36)', '36B', 36, 3.021, 1.392, 4.940, 3.056, 'G3-20B035A-1-0005', NULL, NULL);
INSERT INTO `input_sewing` VALUES (6, 'BROMO', '2020-01-10', 'G3-20B035A-1', '22045 (71380)', 'STAR WHITE', '0006(28)', '36B', 28, 3.021, 1.392, 4.940, 3.056, 'G3-20B035A-1-0006', NULL, NULL);
INSERT INTO `input_sewing` VALUES (7, 'BROMO', '2020-01-10', 'G3-20B035A-1', '22045 (71380)', 'STAR WHITE', '0007(36)', '38C', 36, 3.021, 1.392, 4.940, 3.056, 'G3-20B035A-1-0007', NULL, NULL);
INSERT INTO `input_sewing` VALUES (8, 'BROMO', '2020-01-10', 'G3-20B035A-1', '22045 (71380)', 'STAR WHITE', '0008(36)', '38C', 36, 3.021, 1.392, 4.940, 3.056, 'G3-20B035A-1-0008', NULL, NULL);
INSERT INTO `input_sewing` VALUES (9, 'BROMO', '2020-01-10', 'G3-20B035A-1', '22045 (71380)', 'STAR WHITE', '0009(36)', '38C', 36, 3.021, 1.392, 4.940, 3.056, 'G3-20B035A-1-0009', NULL, NULL);
INSERT INTO `input_sewing` VALUES (10, 'BROMO', '2020-01-10', 'G3-20B035A-1', '22045 (71380)', 'STAR WHITE', '0010(36)', '38C', 36, 3.021, 1.392, 4.940, 3.056, 'G3-20B035A-1-0010', NULL, NULL);
INSERT INTO `input_sewing` VALUES (11, 'BROMO', '2020-01-10', 'G3-20B035A-1', '22045 (71380)', 'STAR WHITE', '0011(16)', '38C', 16, 3.021, 1.392, 4.940, 3.056, 'G3-20B035A-1-0011', NULL, NULL);
INSERT INTO `input_sewing` VALUES (12, 'KARIMUN', '2020-01-10', 'G3-20D052C-2', '22045 (71380)', 'STAR WHITE', '0002(36)', '36C', 36, 3.021, 1.392, 4.940, 3.056, 'G3-20D052C-2-0002', NULL, NULL);
INSERT INTO `input_sewing` VALUES (13, 'KARIMUN', '2020-01-10', 'G3-20D052C-2', '22045 (71380)', 'STAR WHITE', '0001(36)', '36C', 36, 3.021, 1.392, 4.940, 3.056, 'G3-20D052C-2-0001', NULL, NULL);
INSERT INTO `input_sewing` VALUES (14, 'KARIMUN', '2020-01-10', 'G3-20D052C-2', '22045 (71380)', 'STAR WHITE', '0006(28)', '36C', 28, 3.021, 1.392, 4.940, 3.056, 'G3-20D052C-2-0006', NULL, NULL);
INSERT INTO `input_sewing` VALUES (15, 'DIENG', '2020-01-10', 'G3-20B002A-2', '22045 (71380)', 'MID BLACK', '0002(36)', '36B', 36, 3.021, 1.392, 2.929, 2.967, 'G3-20B002A-2-0002', NULL, NULL);
INSERT INTO `input_sewing` VALUES (16, 'DIENG', '2020-01-10', 'G3-20B002A-2', '22045 (71380)', 'MID BLACK', '0001(36)', '36B', 36, 3.021, 1.392, 2.929, 2.967, 'G3-20B002A-2-0001', NULL, NULL);
INSERT INTO `input_sewing` VALUES (17, 'DIENG', '2020-01-10', 'G3-20B002A-2', '22045 (71380)', 'MID BLACK', '0003(28)', '36B', 28, 3.021, 1.392, 2.929, 2.967, 'G3-20B002A-2-0003', NULL, NULL);

-- ----------------------------
-- Table structure for line
-- ----------------------------
DROP TABLE IF EXISTS `line`;
CREATE TABLE `line`  (
  `id_line` int(11) NOT NULL AUTO_INCREMENT,
  `name` varchar(100) CHARACTER SET latin1 COLLATE latin1_swedish_ci NULL DEFAULT NULL,
  `description` varchar(255) CHARACTER SET latin1 COLLATE latin1_swedish_ci NULL DEFAULT NULL,
  `shift` smallint(2) NULL DEFAULT NULL,
  `operators` int(11) NULL DEFAULT NULL,
  `head` varchar(50) CHARACTER SET latin1 COLLATE latin1_swedish_ci NULL DEFAULT NULL,
  `id_spv` int(11) NULL DEFAULT NULL,
  PRIMARY KEY (`id_line`) USING BTREE,
  INDEX `fk_spv`(`id_spv`) USING BTREE,
  CONSTRAINT `line_ibfk_1` FOREIGN KEY (`id_spv`) REFERENCES `spv` (`id_spv`) ON DELETE RESTRICT ON UPDATE RESTRICT
) ENGINE = InnoDB AUTO_INCREMENT = 42 CHARACTER SET = latin1 COLLATE = latin1_swedish_ci ROW_FORMAT = Compact;

-- ----------------------------
-- Records of line
-- ----------------------------
INSERT INTO `line` VALUES (1, 'BROMO', NULL, 1, 35, '', 1);
INSERT INTO `line` VALUES (2, 'WAKATOBI', NULL, 1, 35, '-', 2);
INSERT INTO `line` VALUES (3, 'BUNAKEN', NULL, 1, 34, '', 3);
INSERT INTO `line` VALUES (4, 'PRAMBANAN', NULL, 1, 40, '', 4);
INSERT INTO `line` VALUES (5, 'BEDUGUL', NULL, 1, 30, '', 5);
INSERT INTO `line` VALUES (6, 'KARIMUN', NULL, 1, 37, '', 6);
INSERT INTO `line` VALUES (7, 'KAWAH PUTIH', NULL, 1, 34, '', 7);
INSERT INTO `line` VALUES (8, 'PULAU SAMOSIR', NULL, 1, 32, '', 8);
INSERT INTO `line` VALUES (9, 'UMBUL PONGGOK', NULL, 1, 34, '', 1);
INSERT INTO `line` VALUES (10, 'LABOAN BAJO', NULL, 1, 0, '', 14);
INSERT INTO `line` VALUES (11, 'PULAU SERIBU', NULL, 1, 35, '', 11);
INSERT INTO `line` VALUES (12, 'NUSA DUA', NULL, 1, 27, '', 12);
INSERT INTO `line` VALUES (13, 'BESAKIH', NULL, 1, 30, '', 13);
INSERT INTO `line` VALUES (14, 'RAJA AMPAT', NULL, 1, 0, NULL, 14);
INSERT INTO `line` VALUES (15, 'DIENG', NULL, 1, 0, NULL, 15);
INSERT INTO `line` VALUES (16, 'MERBABU', NULL, 1, 28, '', 16);
INSERT INTO `line` VALUES (17, 'GILI TRAWANGAN', NULL, 1, 31, '', 17);
INSERT INTO `line` VALUES (18, 'TANAH TORAJA', NULL, 1, 27, '', 18);
INSERT INTO `line` VALUES (19, 'TANAH LOT', NULL, 1, 39, '', 19);
INSERT INTO `line` VALUES (20, 'UBUD', NULL, 1, 41, '', 1);
INSERT INTO `line` VALUES (21, 'PULAU KOMODO', NULL, 1, 25, '', 10);
INSERT INTO `line` VALUES (22, 'KINTAMANI', NULL, 2, 0, '', 22);
INSERT INTO `line` VALUES (23, 'JIMBARAN', NULL, 2, 0, '', 23);
INSERT INTO `line` VALUES (24, 'SANUR', NULL, 2, 0, '', 24);
INSERT INTO `line` VALUES (25, 'RINJANI', NULL, 2, 0, '', 25);
INSERT INTO `line` VALUES (26, 'BOROBUDUR', NULL, 2, 0, '', 26);
INSERT INTO `line` VALUES (27, 'UMBUL MANTEN', NULL, 2, 0, '', 27);
INSERT INTO `line` VALUES (28, 'DANAU TOBA', NULL, 2, 0, '', 28);
INSERT INTO `line` VALUES (29, 'TAMAN AYUN', NULL, 2, 0, '', 29);
INSERT INTO `line` VALUES (30, 'ULU WATU', NULL, 2, 0, '', 30);
INSERT INTO `line` VALUES (31, 'PARANGTRITIS', NULL, 2, 32, '', 31);
INSERT INTO `line` VALUES (32, 'TAMPAK SIRING', NULL, 2, 0, '', 32);
INSERT INTO `line` VALUES (33, 'RAJA AMPAT,DIENG,SANUR,RINJANI', NULL, 1, 112, '-', 1);
INSERT INTO `line` VALUES (34, 'LABOAN BAJO,NUSA DUA', NULL, 1, 113, '-', 3);
INSERT INTO `line` VALUES (35, 'BUNAKEN,KINTAMANI', NULL, 1, 73, '-', 12);
INSERT INTO `line` VALUES (36, 'PULAU KOMODO,TAMAN AYUN', NULL, 1, 0, '-', 19);
INSERT INTO `line` VALUES (37, 'KAWAH PUTIH,TAMAN AYUN', NULL, 1, 0, '-', 16);
INSERT INTO `line` VALUES (38, 'TANAH TORAJA,UMBUL MANTEN', NULL, 1, 55, '-', 27);
INSERT INTO `line` VALUES (39, 'KAWAH PUTIH,TAMAN AYUN', NULL, 1, 69, '-', 5);
INSERT INTO `line` VALUES (40, 'MERBABU,JIMBARAN', NULL, 1, 55, '-', 16);
INSERT INTO `line` VALUES (41, 'BESAKIH, BOROBUDUR', NULL, 1, 67, '-', 26);

-- ----------------------------
-- Table structure for linningmold_input_molding
-- ----------------------------
DROP TABLE IF EXISTS `linningmold_input_molding`;
CREATE TABLE `linningmold_input_molding`  (
  `id_lining_input_molding` int(11) NOT NULL AUTO_INCREMENT,
  `id_input_molding` int(11) NULL DEFAULT NULL,
  `no_bundle` varchar(50) CHARACTER SET latin1 COLLATE latin1_swedish_ci NULL DEFAULT NULL,
  `size` varchar(10) CHARACTER SET latin1 COLLATE latin1_swedish_ci NULL DEFAULT NULL,
  `qty_pcs` int(11) NULL DEFAULT NULL,
  `kode_barcode` varchar(16) CHARACTER SET latin1 COLLATE latin1_swedish_ci NULL DEFAULT NULL,
  PRIMARY KEY (`id_lining_input_molding`) USING BTREE,
  INDEX `fk_input_molding_linning`(`id_input_molding`) USING BTREE,
  CONSTRAINT `fk_input_molding_linning` FOREIGN KEY (`id_input_molding`) REFERENCES `input_molding` (`id_input_molding`) ON DELETE RESTRICT ON UPDATE RESTRICT
) ENGINE = InnoDB AUTO_INCREMENT = 1 CHARACTER SET = latin1 COLLATE = latin1_swedish_ci ROW_FORMAT = Compact;

-- ----------------------------
-- Table structure for linningmold_output_molding
-- ----------------------------
DROP TABLE IF EXISTS `linningmold_output_molding`;
CREATE TABLE `linningmold_output_molding`  (
  `id_linning_output_molding` int(11) NOT NULL AUTO_INCREMENT,
  `id_output_molding` int(11) NULL DEFAULT NULL,
  `no_bundle` varchar(50) CHARACTER SET latin1 COLLATE latin1_swedish_ci NULL DEFAULT NULL,
  `size` varchar(10) CHARACTER SET latin1 COLLATE latin1_swedish_ci NULL DEFAULT NULL,
  `qty_pcs` int(11) NULL DEFAULT NULL,
  `kode_barcode` varchar(50) CHARACTER SET latin1 COLLATE latin1_swedish_ci NULL DEFAULT NULL,
  PRIMARY KEY (`id_linning_output_molding`) USING BTREE,
  INDEX `fk_input_molding_outer`(`id_output_molding`) USING BTREE,
  CONSTRAINT `fk_output_mold_3` FOREIGN KEY (`id_output_molding`) REFERENCES `output_molding` (`id_output_molding`) ON DELETE RESTRICT ON UPDATE RESTRICT
) ENGINE = InnoDB AUTO_INCREMENT = 1 CHARACTER SET = latin1 COLLATE = latin1_swedish_ci ROW_FORMAT = Compact;

-- ----------------------------
-- Table structure for master_color
-- ----------------------------
DROP TABLE IF EXISTS `master_color`;
CREATE TABLE `master_color`  (
  `id_color` int(11) NOT NULL AUTO_INCREMENT,
  `group_color` varchar(25) CHARACTER SET latin1 COLLATE latin1_swedish_ci NULL DEFAULT NULL,
  `color` varchar(50) CHARACTER SET latin1 COLLATE latin1_swedish_ci NULL DEFAULT NULL,
  PRIMARY KEY (`id_color`) USING BTREE
) ENGINE = InnoDB AUTO_INCREMENT = 1 CHARACTER SET = latin1 COLLATE = latin1_swedish_ci ROW_FORMAT = Compact;

-- ----------------------------
-- Table structure for master_mesin_molding
-- ----------------------------
DROP TABLE IF EXISTS `master_mesin_molding`;
CREATE TABLE `master_mesin_molding`  (
  `id_mesin_molding` int(11) NOT NULL AUTO_INCREMENT,
  `name` varchar(100) CHARACTER SET latin1 COLLATE latin1_swedish_ci NULL DEFAULT NULL,
  `barcode` varchar(15) CHARACTER SET latin1 COLLATE latin1_swedish_ci NULL DEFAULT NULL,
  PRIMARY KEY (`id_mesin_molding`) USING BTREE
) ENGINE = InnoDB AUTO_INCREMENT = 49 CHARACTER SET = latin1 COLLATE = latin1_swedish_ci ROW_FORMAT = Compact;

-- ----------------------------
-- Records of master_mesin_molding
-- ----------------------------
INSERT INTO `master_mesin_molding` VALUES (1, 'MOLD01', '0301729001');
INSERT INTO `master_mesin_molding` VALUES (2, 'MOLD02', '0301729002');
INSERT INTO `master_mesin_molding` VALUES (3, 'MOLD03', '0301729003');
INSERT INTO `master_mesin_molding` VALUES (4, 'MOLD04', '0301729004');
INSERT INTO `master_mesin_molding` VALUES (5, 'MOLD05', '0301729005');
INSERT INTO `master_mesin_molding` VALUES (6, 'MOLD06', '0301729006');
INSERT INTO `master_mesin_molding` VALUES (7, 'MOLD07', '0301729007');
INSERT INTO `master_mesin_molding` VALUES (8, 'MOLD08', '0301829008');
INSERT INTO `master_mesin_molding` VALUES (9, 'MOLD09', '0301829009');
INSERT INTO `master_mesin_molding` VALUES (10, 'MOLD10', '0301829010');
INSERT INTO `master_mesin_molding` VALUES (11, 'MOLD11', '0301829011');
INSERT INTO `master_mesin_molding` VALUES (12, 'MOLD12', '0301829012');
INSERT INTO `master_mesin_molding` VALUES (13, 'MOLD13', '0301829013');
INSERT INTO `master_mesin_molding` VALUES (14, 'MOLD14', '0301929014');
INSERT INTO `master_mesin_molding` VALUES (15, 'MOLD15', '0301829015');
INSERT INTO `master_mesin_molding` VALUES (16, 'MOLD16', '0301829016');
INSERT INTO `master_mesin_molding` VALUES (17, 'MOLD17', '0301829017');
INSERT INTO `master_mesin_molding` VALUES (18, 'MOLD18', '0301729018');
INSERT INTO `master_mesin_molding` VALUES (19, 'MOLD19', '0301729019');
INSERT INTO `master_mesin_molding` VALUES (20, 'MOLD20', '0301729020');
INSERT INTO `master_mesin_molding` VALUES (21, 'MOLD21', '0301729021');
INSERT INTO `master_mesin_molding` VALUES (22, 'MOLD22', '0301729022');
INSERT INTO `master_mesin_molding` VALUES (23, 'MOLD23', '0301729023');
INSERT INTO `master_mesin_molding` VALUES (24, 'MOLD24', '0301729024');
INSERT INTO `master_mesin_molding` VALUES (25, 'MOLD25', '0301729026');
INSERT INTO `master_mesin_molding` VALUES (26, 'MOLD26', '0301729027');
INSERT INTO `master_mesin_molding` VALUES (27, 'MOLD27', '0301729028');
INSERT INTO `master_mesin_molding` VALUES (28, 'MOLD28', '0302029029');
INSERT INTO `master_mesin_molding` VALUES (29, 'MOLD29', '0302029030');
INSERT INTO `master_mesin_molding` VALUES (30, 'MOLD30', '0302029031');
INSERT INTO `master_mesin_molding` VALUES (31, 'MOLD31', '0302129032');
INSERT INTO `master_mesin_molding` VALUES (32, 'MOLD32', '0302129033');
INSERT INTO `master_mesin_molding` VALUES (33, 'MOLD33', '0302129034');
INSERT INTO `master_mesin_molding` VALUES (34, 'MOLD34', '0302129035');
INSERT INTO `master_mesin_molding` VALUES (35, 'MOLD35', '0302129036');
INSERT INTO `master_mesin_molding` VALUES (36, 'MOLD36', '0302129037');
INSERT INTO `master_mesin_molding` VALUES (37, 'MOLD37', '0302129038');
INSERT INTO `master_mesin_molding` VALUES (38, 'MOLD38', '0302129039');
INSERT INTO `master_mesin_molding` VALUES (39, 'MOLD39', '0302129040');
INSERT INTO `master_mesin_molding` VALUES (40, 'MOLD40', '0302129041');
INSERT INTO `master_mesin_molding` VALUES (41, 'MOLD41', '0302129042');
INSERT INTO `master_mesin_molding` VALUES (42, 'MOLD42', '0302129043');
INSERT INTO `master_mesin_molding` VALUES (43, 'MOLD43', '0302129044');
INSERT INTO `master_mesin_molding` VALUES (44, 'MOLD44', '0302129045');
INSERT INTO `master_mesin_molding` VALUES (45, 'MOLD45', '0302129046');
INSERT INTO `master_mesin_molding` VALUES (46, 'MOLD46', '0302129047');
INSERT INTO `master_mesin_molding` VALUES (47, 'MOLD47', '0302129048');
INSERT INTO `master_mesin_molding` VALUES (48, 'MOLD48', '0302129049');

-- ----------------------------
-- Table structure for master_sam
-- ----------------------------
DROP TABLE IF EXISTS `master_sam`;
CREATE TABLE `master_sam`  (
  `id_master_sam` int(11) NOT NULL AUTO_INCREMENT,
  `style` varchar(25) CHARACTER SET latin1 COLLATE latin1_swedish_ci NULL DEFAULT NULL,
  `color` varchar(25) CHARACTER SET latin1 COLLATE latin1_swedish_ci NULL DEFAULT NULL,
  `grup_size` varchar(25) CHARACTER SET latin1 COLLATE latin1_swedish_ci NULL DEFAULT NULL,
  `sam_cutting` decimal(4, 3) NULL DEFAULT NULL,
  `linning_sam` decimal(4, 3) NULL DEFAULT NULL,
  `mid_sam` decimal(4, 3) NULL DEFAULT NULL,
  `outer_sam` decimal(4, 3) NULL DEFAULT NULL,
  `total_mold_sam` decimal(4, 3) NULL DEFAULT NULL,
  `center_panel_sam` decimal(4, 3) NULL DEFAULT NULL,
  `back_wings_sam` decimal(4, 3) NULL DEFAULT NULL,
  `cups_sam` decimal(4, 3) NULL DEFAULT NULL,
  `assembly_sam` decimal(4, 3) NULL DEFAULT NULL,
  `total_sewing_sam` decimal(5, 3) NULL DEFAULT NULL,
  `packing_sam` decimal(4, 3) NULL DEFAULT NULL,
  PRIMARY KEY (`id_master_sam`) USING BTREE
) ENGINE = InnoDB AUTO_INCREMENT = 174 CHARACTER SET = latin1 COLLATE = latin1_swedish_ci ROW_FORMAT = Compact;

-- ----------------------------
-- Records of master_sam
-- ----------------------------
INSERT INTO `master_sam` VALUES (1, '71380', 'White', 'reguler', 0.961, 0.000, 0.343, 1.066, 1.408, 3.021, 1.392, 4.940, 3.056, 14.890, 1.281);
INSERT INTO `master_sam` VALUES (2, '71380', 'White', 'big', 0.961, 0.000, 0.343, 1.122, 1.464, 3.159, 1.473, 5.199, 3.211, 15.650, 1.296);
INSERT INTO `master_sam` VALUES (3, '71380', 'White', 'extra large', 0.961, 0.000, 0.343, 1.184, 1.527, 3.571, 1.764, 5.810, 3.541, 17.624, 1.304);
INSERT INTO `master_sam` VALUES (4, '71380', 'color', 'reguler', 1.060, 0.000, 0.000, 1.092, 1.092, 3.021, 1.392, 2.929, 2.967, 12.371, 1.281);
INSERT INTO `master_sam` VALUES (5, '71380', 'color', 'big', 1.060, 0.000, 0.000, 1.149, 1.149, 3.159, 1.473, 3.097, 3.211, 13.127, 1.296);
INSERT INTO `master_sam` VALUES (6, '71380', 'color', 'extra large', 1.060, 0.000, 0.000, 1.213, 1.213, 3.571, 1.764, 3.515, 3.523, 14.847, 1.304);
INSERT INTO `master_sam` VALUES (7, '71380', 'Black', 'reguler', 1.060, 0.000, 0.000, 1.118, 1.118, 3.021, 1.392, 2.929, 2.967, 12.371, 1.281);
INSERT INTO `master_sam` VALUES (8, '71380', 'Black', 'big', 1.060, 0.000, 0.000, 1.177, 1.177, 3.159, 1.473, 3.097, 3.211, 13.127, 1.296);
INSERT INTO `master_sam` VALUES (9, '71380', 'Black', 'extra large', 1.060, 0.000, 0.000, 1.242, 1.242, 3.571, 1.764, 3.515, 3.523, 14.847, 1.304);
INSERT INTO `master_sam` VALUES (10, '72335', 'White', 'reguler', 0.455, 0.000, 0.786, 0.942, 1.728, 3.283, 0.710, 5.925, 3.633, 16.262, 1.250);
INSERT INTO `master_sam` VALUES (11, '72335', 'White', 'big', 0.455, 0.000, 0.827, 0.992, 1.819, 3.365, 0.742, 6.053, 3.751, 16.693, 1.252);
INSERT INTO `master_sam` VALUES (12, '72335', 'White', 'extra large', 0.455, 0.000, 0.873, 1.047, 1.920, 3.692, 0.782, 6.713, 4.336, 18.627, 1.261);
INSERT INTO `master_sam` VALUES (13, '72335', 'color', 'reguler', 1.116, 0.000, 0.000, 0.968, 0.968, 3.230, 0.689, 4.699, 3.576, 14.633, 1.250);
INSERT INTO `master_sam` VALUES (14, '72335', 'color', 'big', 1.116, 0.000, 0.000, 1.019, 1.019, 3.230, 0.689, 4.740, 3.647, 14.767, 1.252);
INSERT INTO `master_sam` VALUES (15, '72335', 'color', 'extra large', 1.116, 0.000, 0.000, 1.076, 1.076, 3.617, 0.733, 5.455, 4.152, 16.750, 1.261);
INSERT INTO `master_sam` VALUES (16, '72335', 'Black', 'reguler', 1.116, 0.000, 0.000, 1.307, 1.307, 3.230, 0.689, 4.699, 3.576, 14.633, 1.250);
INSERT INTO `master_sam` VALUES (17, '72335', 'Black', 'big', 1.116, 0.000, 0.000, 1.376, 1.376, 3.230, 0.689, 4.740, 3.647, 14.767, 1.252);
INSERT INTO `master_sam` VALUES (18, '72335', 'Black', 'extra large', 1.116, 0.000, 0.000, 1.452, 1.452, 3.617, 0.733, 5.455, 4.152, 16.750, 1.261);
INSERT INTO `master_sam` VALUES (19, '76080', 'White', 'reguler', 1.370, 1.332, 0.758, 0.758, 2.848, 0.655, 2.750, 2.775, 3.543, 11.668, 1.388);
INSERT INTO `master_sam` VALUES (20, '76080', 'White', 'big', 1.370, 1.402, 0.798, 0.798, 2.998, 0.658, 2.764, 2.789, 3.583, 11.753, 1.388);
INSERT INTO `master_sam` VALUES (21, '76080', 'White', 'extra large', 1.370, 1.480, 0.843, 0.843, 3.166, 0.767, 2.939, 3.158, 3.871, 12.882, 1.388);
INSERT INTO `master_sam` VALUES (22, '76080', 'color', 'reguler', 1.370, 1.332, 0.758, 0.758, 2.848, 0.655, 2.750, 2.775, 3.543, 11.668, 1.388);
INSERT INTO `master_sam` VALUES (23, '76080', 'color', 'big', 1.370, 1.402, 0.798, 0.798, 2.998, 0.658, 2.764, 2.789, 3.583, 11.753, 1.388);
INSERT INTO `master_sam` VALUES (24, '76080', 'color', 'extra large', 1.370, 1.480, 0.843, 0.843, 3.166, 0.767, 2.939, 3.158, 3.871, 12.882, 1.388);
INSERT INTO `master_sam` VALUES (25, '76080', 'Black', 'reguler', 1.370, 1.540, 1.149, 1.149, 3.838, 0.655, 2.750, 2.775, 3.543, 11.668, 1.388);
INSERT INTO `master_sam` VALUES (26, '76080', 'Black', 'big', 1.370, 1.621, 1.210, 1.210, 4.041, 0.658, 2.764, 2.789, 3.583, 11.753, 1.388);
INSERT INTO `master_sam` VALUES (27, '76080', 'Black', 'extra large', 1.370, 1.712, 1.277, 1.277, 4.266, 0.767, 2.939, 3.158, 3.871, 12.882, 1.388);
INSERT INTO `master_sam` VALUES (28, '3476571 Lace', 'White', 'reguler', 1.137, 0.710, 0.000, 0.949, 1.659, 0.607, 3.357, 2.964, 3.542, 12.565, 1.210);
INSERT INTO `master_sam` VALUES (29, '3476571 Lace', 'White', 'big', 1.137, 0.747, 0.000, 0.999, 1.746, 0.607, 3.382, 2.972, 3.562, 12.628, 1.210);
INSERT INTO `master_sam` VALUES (30, '3476571 Lace', 'White', 'extra large', 1.137, 0.789, 0.000, 1.054, 1.843, 0.671, 3.608, 3.217, 3.804, 13.560, 1.210);
INSERT INTO `master_sam` VALUES (31, '3476571 Lace', 'Color', 'reguler', 1.137, 0.710, 0.000, 0.949, 1.659, 0.607, 3.357, 2.964, 3.542, 12.565, 1.210);
INSERT INTO `master_sam` VALUES (32, '3476571 Lace', 'Color', 'big', 1.137, 0.747, 0.000, 0.999, 1.746, 0.607, 3.382, 2.972, 3.562, 12.628, 1.210);
INSERT INTO `master_sam` VALUES (33, '3476571 Lace', 'Color', 'extra large', 1.137, 0.789, 0.000, 1.054, 1.843, 0.671, 3.608, 3.217, 3.804, 13.560, 1.210);
INSERT INTO `master_sam` VALUES (34, '3476571 Lace', 'Black', 'reguler', 1.137, 0.711, 0.000, 0.949, 1.660, 0.607, 3.357, 2.964, 3.542, 12.565, 1.210);
INSERT INTO `master_sam` VALUES (35, '3476571 Lace', 'Black', 'big', 1.137, 0.748, 0.000, 0.999, 1.747, 0.607, 3.382, 2.972, 3.562, 12.628, 1.210);
INSERT INTO `master_sam` VALUES (36, '3476571 Lace', 'Black', 'extra large', 1.137, 0.789, 0.000, 1.055, 1.844, 0.671, 3.608, 3.217, 3.804, 13.560, 1.210);
INSERT INTO `master_sam` VALUES (37, '3476571 Solid', 'White', 'reguler', 0.924, 0.708, 0.000, 0.775, 1.483, 0.607, 3.357, 2.964, 3.542, 12.565, 1.210);
INSERT INTO `master_sam` VALUES (38, '3476571 Solid', 'White', 'big', 0.924, 0.746, 0.000, 0.816, 1.562, 0.607, 3.382, 2.972, 3.562, 12.628, 1.210);
INSERT INTO `master_sam` VALUES (39, '3476571 Solid', 'White', 'extra large', 0.924, 0.787, 0.000, 0.861, 1.648, 0.671, 3.608, 3.217, 3.804, 13.560, 1.210);
INSERT INTO `master_sam` VALUES (40, '3476571 Solid', 'Color', 'reguler', 0.924, 0.708, 0.000, 0.775, 1.483, 0.607, 3.357, 2.964, 3.542, 12.565, 1.210);
INSERT INTO `master_sam` VALUES (41, '3476571 Solid', 'Color', 'big', 0.924, 0.746, 0.000, 0.816, 1.562, 0.607, 3.382, 2.972, 3.562, 12.628, 1.210);
INSERT INTO `master_sam` VALUES (42, '3476571 Solid', 'Color', 'extra large', 0.924, 0.787, 0.000, 0.861, 1.648, 0.671, 3.608, 3.217, 3.804, 13.560, 1.210);
INSERT INTO `master_sam` VALUES (43, '3476571 Solid', 'Black', 'reguler', 0.924, 0.709, 0.000, 1.166, 1.875, 0.607, 3.357, 2.964, 3.542, 12.565, 1.210);
INSERT INTO `master_sam` VALUES (44, '3476571 Solid', 'Black', 'big', 0.924, 0.746, 0.000, 1.227, 1.973, 0.607, 3.382, 2.972, 3.562, 12.628, 1.210);
INSERT INTO `master_sam` VALUES (45, '3476571 Solid', 'Black', 'extra large', 0.924, 0.788, 0.000, 1.296, 2.084, 0.671, 3.608, 3.217, 3.804, 13.560, 1.210);
INSERT INTO `master_sam` VALUES (46, '3476528', 'White', 'reguler', 0.643, 0.000, 0.403, 1.063, 1.466, 0.710, 2.864, 7.580, 3.212, 17.239, 1.125);
INSERT INTO `master_sam` VALUES (47, '3476528', 'White', 'big', 0.643, 0.000, 0.403, 1.119, 1.522, 0.728, 2.908, 7.780, 3.389, 17.766, 1.127);
INSERT INTO `master_sam` VALUES (48, '3476528', 'White', 'extra large', 0.643, 0.000, 0.403, 1.181, 1.584, 0.795, 3.073, 8.339, 3.662, 19.043, 1.130);
INSERT INTO `master_sam` VALUES (49, '3476528', 'Color', 'reguler', 0.592, 0.000, 0.000, 1.069, 1.069, 0.710, 2.864, 5.296, 3.212, 14.498, 1.125);
INSERT INTO `master_sam` VALUES (50, '3476528', 'Color', 'big', 0.592, 0.000, 0.000, 1.125, 1.125, 0.728, 2.908, 5.478, 3.389, 15.004, 1.127);
INSERT INTO `master_sam` VALUES (51, '3476528', 'Color', 'extra large', 0.592, 0.000, 0.000, 1.188, 1.188, 0.795, 3.073, 6.055, 3.662, 16.302, 1.130);
INSERT INTO `master_sam` VALUES (52, '3476528', 'Black', 'reguler', 0.592, 0.000, 0.000, 1.117, 1.117, 0.710, 2.864, 5.296, 3.212, 14.498, 1.125);
INSERT INTO `master_sam` VALUES (53, '3476528', 'Black', 'big', 0.592, 0.000, 0.000, 1.176, 1.176, 0.728, 2.908, 5.478, 3.389, 15.004, 1.127);
INSERT INTO `master_sam` VALUES (54, '3476528', 'Black', 'extra large', 0.592, 0.000, 0.000, 1.241, 1.241, 0.795, 3.073, 6.055, 3.662, 16.302, 1.130);
INSERT INTO `master_sam` VALUES (55, '3476528 (Non Lace)', 'White', 'reguler', 0.334, 0.000, 0.403, 1.063, 1.466, 0.710, 2.864, 6.494, 3.212, 15.935, 1.125);
INSERT INTO `master_sam` VALUES (56, '3476528 (Non Lace)', 'White', 'big', 0.334, 0.000, 0.403, 1.119, 1.522, 0.728, 2.908, 6.484, 3.390, 16.212, 1.127);
INSERT INTO `master_sam` VALUES (57, '3476528 (Non Lace)', 'White', 'extra large', 0.334, 0.000, 0.403, 1.181, 1.584, 0.795, 3.073, 7.179, 3.662, 17.651, 1.130);
INSERT INTO `master_sam` VALUES (58, '3476528 (Non Lace)', 'Color', 'reguler', 0.283, 0.000, 0.000, 1.069, 1.069, 0.710, 2.864, 4.215, 3.212, 13.201, 1.125);
INSERT INTO `master_sam` VALUES (59, '3476528 (Non Lace)', 'Color', 'big', 0.283, 0.000, 0.000, 1.125, 1.125, 0.728, 2.908, 4.402, 3.385, 13.709, 1.127);
INSERT INTO `master_sam` VALUES (60, '3476528 (Non Lace)', 'Color', 'extra large', 0.283, 0.000, 0.000, 1.188, 1.188, 0.795, 3.073, 4.895, 3.662, 14.910, 1.130);
INSERT INTO `master_sam` VALUES (61, '3476528 (Non Lace)', 'Black', 'reguler', 0.283, 0.000, 0.000, 1.117, 1.117, 0.710, 2.864, 4.215, 3.212, 13.201, 1.125);
INSERT INTO `master_sam` VALUES (62, '3476528 (Non Lace)', 'Black', 'big', 0.283, 0.000, 0.000, 1.176, 1.176, 0.728, 2.908, 4.402, 3.385, 13.709, 1.127);
INSERT INTO `master_sam` VALUES (63, '3476528 (Non Lace)', 'Black', 'extra large', 0.283, 0.000, 0.000, 1.241, 1.241, 0.795, 3.073, 4.895, 3.662, 14.910, 1.130);
INSERT INTO `master_sam` VALUES (64, '2131101 Jacquard', 'White', 'reguler', 0.204, 0.000, 0.200, 0.788, 0.988, 0.550, 3.209, 6.351, 2.552, 15.194, 1.290);
INSERT INTO `master_sam` VALUES (65, '2131101 Jacquard', 'White', 'big', 0.204, 0.000, 0.200, 0.830, 1.030, 0.592, 3.372, 6.757, 2.749, 16.164, 1.293);
INSERT INTO `master_sam` VALUES (66, '2131101 Jacquard', 'Color', 'reguler', 0.208, 0.000, 0.000, 0.788, 0.788, 0.550, 3.214, 5.559, 2.552, 14.250, 1.290);
INSERT INTO `master_sam` VALUES (67, '2131101 Jacquard', 'Color', 'big', 0.208, 0.000, 0.000, 0.830, 0.830, 0.592, 3.372, 5.815, 2.749, 15.033, 1.293);
INSERT INTO `master_sam` VALUES (68, '2131101 Jacquard', 'Color', 'reguler', 0.169, 0.000, 0.000, 0.788, 0.788, 0.550, 3.214, 5.559, 2.552, 14.250, 1.290);
INSERT INTO `master_sam` VALUES (69, '2131101 Jacquard', 'Color', 'reguler', 0.169, 0.000, 0.000, 0.830, 0.830, 0.592, 3.372, 5.815, 2.749, 15.033, 1.293);
INSERT INTO `master_sam` VALUES (70, '2131101 Jacquard', 'Black', 'reguler', 0.169, 0.000, 0.000, 0.840, 0.840, 0.550, 3.214, 5.559, 2.552, 14.250, 1.290);
INSERT INTO `master_sam` VALUES (71, '2131101 Jacquard', 'Black', 'reguler', 0.169, 0.000, 0.000, 0.884, 0.884, 0.592, 3.372, 5.815, 2.749, 15.033, 1.293);
INSERT INTO `master_sam` VALUES (72, '2175295', 'White', 'reguler', 0.209, 0.000, 0.159, 0.758, 0.917, 1.710, 3.740, 4.414, 3.320, 15.821, 1.377);
INSERT INTO `master_sam` VALUES (73, '2175295', 'White', 'extra large', 0.209, 0.000, 0.202, 0.798, 1.000, 1.871, 4.051, 4.630, 3.482, 16.840, 1.385);
INSERT INTO `master_sam` VALUES (74, '2175295', 'White', 'extra large', 0.209, 0.000, 0.376, 0.843, 1.219, 2.150, 4.680, 5.418, 3.920, 19.403, 1.395);
INSERT INTO `master_sam` VALUES (75, '2175295', 'Color', 'reguler', 0.257, 0.000, 0.000, 0.784, 0.784, 1.710, 3.740, 3.008, 3.116, 13.889, 1.377);
INSERT INTO `master_sam` VALUES (76, '2175295', 'Color', 'big', 0.257, 0.000, 0.000, 0.826, 0.826, 1.871, 4.051, 3.234, 3.355, 15.013, 1.385);
INSERT INTO `master_sam` VALUES (77, '2175295', 'Color', 'extra large', 0.257, 0.000, 0.000, 0.872, 0.872, 2.150, 4.637, 3.820, 3.737, 17.212, 1.395);
INSERT INTO `master_sam` VALUES (78, '2175295', 'Black', 'reguler', 0.257, 0.000, 0.000, 0.869, 0.869, 1.710, 3.740, 3.008, 3.116, 13.889, 1.377);
INSERT INTO `master_sam` VALUES (79, '2175295', 'Black', 'big', 0.257, 0.000, 0.000, 0.915, 0.915, 1.871, 4.051, 3.234, 3.355, 15.013, 1.385);
INSERT INTO `master_sam` VALUES (80, '2175295', 'Black', 'extra large', 0.257, 0.000, 0.000, 0.966, 0.966, 2.150, 4.637, 3.820, 3.737, 17.212, 1.395);
INSERT INTO `master_sam` VALUES (81, '2175295 (6770)', 'White', 'reguler', 0.893, 0.000, 0.202, 0.758, 0.960, 1.239, 2.776, 5.207, 5.225, 17.336, 1.377);
INSERT INTO `master_sam` VALUES (82, '2175295 (6770)', 'White', 'big', 0.893, 0.000, 0.376, 0.798, 1.174, 1.301, 2.876, 5.482, 5.553, 18.254, 1.385);
INSERT INTO `master_sam` VALUES (83, '2175295 (6770)', 'Color', 'extra large', 0.893, 0.000, 0.376, 0.843, 1.219, 1.422, 3.134, 6.230, 6.104, 20.268, 1.395);
INSERT INTO `master_sam` VALUES (84, '2175295 (6770)', 'Color', 'reguler', 0.853, 0.000, 0.000, 0.765, 0.765, 1.239, 2.776, 4.340, 5.225, 16.295, 1.377);
INSERT INTO `master_sam` VALUES (85, '2175295 (6770)', 'Color', 'big', 0.853, 0.000, 0.000, 0.806, 0.806, 1.301, 2.876, 4.512, 5.553, 17.091, 1.385);
INSERT INTO `master_sam` VALUES (86, '2175295 (6770)', 'Color', 'extra large', 0.853, 0.000, 0.000, 0.850, 0.850, 1.422, 3.134, 5.195, 6.104, 19.026, 1.395);
INSERT INTO `master_sam` VALUES (87, '2175295 (6770)', 'Black', 'reguler', 0.853, 0.000, 0.000, 0.872, 0.872, 1.239, 2.776, 4.340, 5.225, 16.295, 1.377);
INSERT INTO `master_sam` VALUES (88, '2175295 (6770)', 'Black', 'big', 0.853, 0.000, 0.000, 0.917, 0.917, 1.301, 2.876, 4.512, 5.553, 17.091, 1.385);
INSERT INTO `master_sam` VALUES (89, '2175295 (6770)', 'Black', 'extra large', 0.853, 0.000, 0.000, 0.968, 0.968, 1.422, 3.134, 5.195, 5.821, 18.687, 1.395);
INSERT INTO `master_sam` VALUES (90, '75335', 'White', 'reguler', 0.700, 0.000, 0.782, 0.918, 1.700, 0.676, 1.882, 6.150, 3.098, 14.167, 1.278);
INSERT INTO `master_sam` VALUES (91, '75335', 'White', 'big', 0.700, 0.000, 0.823, 0.967, 1.790, 0.703, 1.993, 6.317, 3.208, 14.666, 1.287);
INSERT INTO `master_sam` VALUES (92, '75335', 'White', 'extra large', 0.700, 0.000, 0.869, 1.020, 1.889, 0.770, 2.212, 6.994, 3.600, 16.292, 1.297);
INSERT INTO `master_sam` VALUES (93, '75335', 'Color', 'reguler', 1.122, 0.000, 0.000, 0.918, 0.918, 0.959, 1.882, 5.141, 3.098, 13.297, 1.278);
INSERT INTO `master_sam` VALUES (94, '75335', 'Color', 'big', 1.122, 0.000, 0.000, 0.967, 0.967, 0.987, 1.993, 5.277, 3.208, 13.757, 1.287);
INSERT INTO `master_sam` VALUES (95, '75335', 'Color', 'extra large', 1.122, 0.000, 0.000, 1.020, 1.020, 1.053, 2.212, 5.826, 3.600, 15.229, 1.297);
INSERT INTO `master_sam` VALUES (96, '75335', 'Black', 'reguler', 1.122, 0.000, 0.000, 1.049, 1.049, 0.959, 1.882, 5.141, 3.098, 13.297, 1.278);
INSERT INTO `master_sam` VALUES (97, '75335', 'Black', 'big', 1.122, 0.000, 0.000, 1.104, 1.104, 0.987, 1.993, 5.277, 3.208, 13.757, 1.287);
INSERT INTO `master_sam` VALUES (98, '75335', 'Black', 'extra large', 1.122, 0.000, 0.000, 1.165, 1.165, 1.053, 2.212, 5.826, 3.600, 15.229, 1.297);
INSERT INTO `master_sam` VALUES (99, '75298 (17592)', 'White', 'reguler', 0.699, 0.000, 0.374, 0.788, 1.162, 0.970, 3.859, 6.594, 3.131, 17.465, 1.251);
INSERT INTO `master_sam` VALUES (100, '75298 (17592)', 'White', 'big', 0.699, 0.000, 0.376, 0.830, 1.206, 0.980, 3.972, 6.594, 3.295, 17.808, 1.254);
INSERT INTO `master_sam` VALUES (101, '75298 (17592)', 'White', 'extra large', 0.699, 0.000, 0.379, 0.876, 1.255, 1.042, 4.332, 7.667, 3.639, 20.017, 1.263);
INSERT INTO `master_sam` VALUES (102, '75298 (17592)', 'Color', 'reguler', 0.842, 0.000, 0.000, 0.788, 0.788, 0.970, 3.859, 5.712, 3.131, 16.407, 1.251);
INSERT INTO `master_sam` VALUES (103, '75298 (17592)', 'Color', 'big', 0.842, 0.000, 0.000, 0.830, 0.830, 0.980, 3.972, 5.955, 3.295, 17.042, 1.254);
INSERT INTO `master_sam` VALUES (104, '75298 (17592)', 'Color', 'extra large', 0.842, 0.000, 0.000, 0.876, 0.876, 1.042, 4.332, 6.506, 3.551, 18.518, 1.263);
INSERT INTO `master_sam` VALUES (105, '75298 (17592)', 'Black', 'reguler', 0.842, 0.000, 0.000, 0.866, 0.866, 0.970, 3.859, 5.712, 3.131, 16.407, 1.251);
INSERT INTO `master_sam` VALUES (106, '75298 (17592)', 'Black', 'big', 0.842, 0.000, 0.000, 0.912, 0.912, 0.980, 3.972, 5.955, 3.295, 17.042, 1.254);
INSERT INTO `master_sam` VALUES (107, '75298 (17592)', 'Black', 'extra large', 0.842, 0.000, 0.000, 0.962, 0.962, 1.042, 4.332, 6.506, 3.551, 18.518, 1.263);
INSERT INTO `master_sam` VALUES (108, '71265 (22065)', 'White', 'reguler', 0.949, 0.000, 0.411, 1.071, 1.482, 0.267, 5.418, 7.166, 2.633, 18.579, 1.269);
INSERT INTO `master_sam` VALUES (109, '71265 (22065)', 'White', 'big', 0.949, 0.000, 0.599, 1.127, 1.726, 0.280, 5.649, 7.533, 2.818, 19.537, 1.278);
INSERT INTO `master_sam` VALUES (110, '71265 (22065)', 'White', 'extra large', 0.949, 0.000, 0.599, 1.190, 1.789, 0.339, 6.222, 8.173, 3.312, 21.655, 1.283);
INSERT INTO `master_sam` VALUES (111, '71265 (22065)', 'Color', 'reguler', 0.700, 0.000, 0.000, 1.097, 1.097, 0.267, 5.418, 5.089, 2.585, 16.030, 1.269);
INSERT INTO `master_sam` VALUES (112, '71265 (22065)', 'Color', 'big', 0.700, 0.000, 0.000, 1.155, 1.155, 0.280, 5.649, 5.257, 2.714, 16.680, 1.278);
INSERT INTO `master_sam` VALUES (113, '71265 (22065)', 'Color', 'extra large', 0.700, 0.000, 0.000, 1.219, 1.219, 0.339, 6.204, 5.760, 3.108, 18.494, 1.283);
INSERT INTO `master_sam` VALUES (114, '71265 (22065)', 'Black', 'reguler', 0.700, 0.000, 0.000, 1.123, 1.123, 0.267, 5.418, 5.089, 2.585, 16.030, 1.269);
INSERT INTO `master_sam` VALUES (115, '71265 (22065)', 'Black', 'big', 0.700, 0.000, 0.000, 1.182, 1.182, 0.280, 5.649, 5.257, 2.714, 16.680, 1.278);
INSERT INTO `master_sam` VALUES (116, '71265 (22065)', 'Black', 'extra large', 0.700, 0.000, 0.000, 1.248, 1.248, 0.339, 6.204, 5.760, 3.108, 18.494, 1.283);
INSERT INTO `master_sam` VALUES (117, '2172205 Lace (17585)', 'White', 'reguler', 0.779, 0.000, 0.205, 0.758, 0.963, 0.439, 7.380, 4.589, 2.673, 18.097, 1.275);
INSERT INTO `master_sam` VALUES (118, '2172205 Lace (17585)', 'White', 'big', 0.779, 0.000, 0.205, 0.798, 1.003, 0.450, 7.628, 5.011, 2.807, 19.076, 1.278);
INSERT INTO `master_sam` VALUES (119, '2172205 Lace (17585)', 'White', 'extra large', 0.779, 0.000, 0.205, 0.843, 1.048, 0.475, 7.942, 5.425, 3.016, 20.229, 1.285);
INSERT INTO `master_sam` VALUES (120, '2172205 Lace (17585)', 'Color', 'reguler', 0.746, 0.000, 0.000, 0.758, 0.758, 0.439, 7.380, 3.868, 2.654, 17.209, 1.275);
INSERT INTO `master_sam` VALUES (121, '2172205 Lace (17585)', 'Color', 'big', 0.746, 0.000, 0.000, 0.798, 0.798, 0.450, 7.628, 4.200, 2.807, 18.103, 1.278);
INSERT INTO `master_sam` VALUES (122, '2172205 Lace (17585)', 'Color', 'extra large', 0.746, 0.000, 0.000, 0.843, 0.843, 0.475, 7.942, 4.545, 3.016, 19.174, 1.285);
INSERT INTO `master_sam` VALUES (123, '2172205 Lace (17585)', 'Black', 'reguler', 0.746, 0.000, 0.000, 0.863, 0.863, 0.439, 7.380, 3.868, 2.654, 17.209, 1.275);
INSERT INTO `master_sam` VALUES (124, '2172205 Lace (17585)', 'Black', 'big', 0.746, 0.000, 0.000, 0.908, 0.908, 0.450, 7.628, 4.200, 2.807, 18.103, 1.278);
INSERT INTO `master_sam` VALUES (125, '2172205 Lace (17585)', 'Black', 'extra large', 0.746, 0.000, 0.000, 0.958, 0.958, 0.475, 7.942, 4.545, 3.016, 19.174, 1.285);
INSERT INTO `master_sam` VALUES (126, '71380 (22068)', 'White', 'reguler', 1.015, 0.000, 0.408, 1.008, 1.416, 1.381, 3.633, 5.418, 3.155, 16.304, 1.281);
INSERT INTO `master_sam` VALUES (127, '71380 (22068)', 'White', 'big', 1.015, 0.000, 0.408, 1.061, 1.469, 1.404, 3.728, 5.872, 3.292, 17.154, 1.296);
INSERT INTO `master_sam` VALUES (128, '71380 (22068)', 'White', 'extra large', 1.015, 0.000, 0.408, 1.120, 1.528, 1.458, 4.069, 6.667, 3.644, 19.006, 1.304);
INSERT INTO `master_sam` VALUES (129, '71380 (22068)', 'Color', 'reguler', 1.068, 0.000, 0.000, 1.008, 1.008, 1.381, 3.633, 3.592, 3.103, 14.051, 1.281);
INSERT INTO `master_sam` VALUES (130, '71380 (22068)', 'Color', 'big', 1.068, 0.000, 0.000, 1.061, 1.061, 1.404, 3.684, 3.723, 3.155, 14.360, 1.296);
INSERT INTO `master_sam` VALUES (131, '71380 (22068)', 'Color', 'extra large', 1.068, 0.000, 0.000, 1.120, 1.120, 1.446, 4.035, 4.292, 3.432, 15.847, 1.304);
INSERT INTO `master_sam` VALUES (132, '71380 (22068)', 'Black', 'reguler', 1.068, 0.000, 0.000, 1.008, 1.008, 1.381, 3.633, 3.592, 3.103, 14.051, 1.281);
INSERT INTO `master_sam` VALUES (133, '71380 (22068)', 'Black', 'big', 1.068, 0.000, 0.000, 1.061, 1.061, 1.404, 3.684, 3.723, 3.155, 14.360, 1.296);
INSERT INTO `master_sam` VALUES (134, '71380 (22068)', 'Black', 'extra large', 1.068, 0.000, 0.000, 1.120, 1.120, 1.446, 4.035, 4.292, 3.432, 15.847, 1.304);
INSERT INTO `master_sam` VALUES (135, '72298 Lining', 'White', 'reguler', 0.792, 0.000, 1.460, 0.785, 2.245, 0.750, 4.503, 5.755, 2.670, 16.413, 1.278);
INSERT INTO `master_sam` VALUES (136, '72298 Lining', 'White', 'big', 0.792, 0.000, 1.537, 0.826, 2.363, 0.765, 4.733, 6.073, 2.712, 17.140, 1.283);
INSERT INTO `master_sam` VALUES (137, '72298 Lining', 'White', 'extra large', 0.792, 0.000, 1.622, 0.872, 2.494, 0.847, 5.285, 6.843, 2.917, 19.071, 1.287);
INSERT INTO `master_sam` VALUES (138, '72298 Lining', 'White', 'reguler', 0.858, 0.000, 0.863, 0.785, 1.648, 0.750, 4.503, 6.408, 2.670, 17.198, 1.278);
INSERT INTO `master_sam` VALUES (139, '72298 Lining', 'White', 'big', 0.858, 0.000, 0.909, 0.826, 1.735, 0.765, 4.733, 6.872, 2.712, 18.099, 1.283);
INSERT INTO `master_sam` VALUES (140, '72298 Lining', 'White', 'extra large', 0.858, 0.000, 0.959, 0.872, 1.831, 0.847, 5.285, 7.673, 2.917, 20.067, 1.287);
INSERT INTO `master_sam` VALUES (141, '72298 Lace', 'Color', 'reguler', 0.858, 0.000, 0.000, 0.863, 0.863, 0.750, 4.503, 4.305, 5.034, 17.511, 1.278);
INSERT INTO `master_sam` VALUES (142, '72298 Lace', 'Color', 'big', 0.858, 0.000, 0.000, 0.909, 0.909, 0.765, 4.733, 4.483, 2.712, 15.232, 1.283);
INSERT INTO `master_sam` VALUES (143, '72298 Lace', 'Color', 'extra large', 0.858, 0.000, 0.000, 0.959, 0.959, 0.847, 5.285, 5.034, 2.917, 16.900, 1.287);
INSERT INTO `master_sam` VALUES (144, '72298 Lace', 'Black', 'reguler', 0.858, 0.000, 0.000, 0.863, 0.863, 0.750, 4.503, 4.305, 5.034, 17.511, 1.278);
INSERT INTO `master_sam` VALUES (145, '72298 Lace', 'Black', 'big', 0.858, 0.000, 0.000, 0.909, 0.909, 0.765, 4.733, 4.483, 2.712, 15.232, 1.283);
INSERT INTO `master_sam` VALUES (146, '72298 Lace', 'Black', 'extra large', 0.858, 0.000, 0.000, 0.959, 0.959, 0.847, 5.285, 5.034, 2.917, 16.900, 1.287);
INSERT INTO `master_sam` VALUES (147, '76081', 'White', 'reguler', 1.124, 1.439, 0.000, 0.854, 2.293, 0.821, 2.816, 3.410, 3.174, 12.266, 1.388);
INSERT INTO `master_sam` VALUES (148, '76081', 'White', 'big', 1.124, 1.515, 0.000, 0.899, 2.414, 0.876, 2.914, 3.650, 3.301, 12.889, 1.388);
INSERT INTO `master_sam` VALUES (149, '76081', 'White', 'extra large', 1.124, 1.599, 0.000, 0.949, 2.548, 0.938, 3.096, 3.834, 3.462, 13.595, 1.388);
INSERT INTO `master_sam` VALUES (150, '76081', 'Color', 'reguler', 1.124, 0.000, 0.000, 0.854, 0.854, 0.821, 2.816, 3.410, 3.174, 12.266, 1.388);
INSERT INTO `master_sam` VALUES (151, '76081', 'Color', 'big', 1.124, 0.000, 0.000, 0.899, 0.899, 0.876, 2.914, 3.650, 3.301, 12.889, 1.388);
INSERT INTO `master_sam` VALUES (152, '76081', 'Color', 'extra large', 1.124, 0.000, 0.000, 0.949, 0.949, 0.938, 3.096, 3.834, 3.462, 13.595, 1.388);
INSERT INTO `master_sam` VALUES (153, '76081', 'Black', 'reguler', 1.124, 0.000, 0.000, 1.439, 1.439, 0.821, 2.816, 3.410, 3.174, 12.266, 1.388);
INSERT INTO `master_sam` VALUES (154, '76081', 'Black', 'big', 1.124, 0.000, 0.000, 1.515, 1.515, 0.876, 2.914, 3.650, 3.301, 12.889, 1.388);
INSERT INTO `master_sam` VALUES (155, '76081', 'Black', 'extra large', 1.124, 0.000, 0.000, 1.599, 1.599, 0.938, 3.096, 3.834, 3.462, 13.595, 1.388);
INSERT INTO `master_sam` VALUES (156, '72267', 'White', 'reguler', 0.677, 0.000, 0.793, 0.871, 1.664, 1.109, 3.239, 5.896, 6.849, 20.511, 1.254);
INSERT INTO `master_sam` VALUES (157, '72267', 'White', 'big', 0.677, 0.000, 0.834, 0.917, 1.751, 1.150, 3.307, 6.104, 6.948, 21.011, 1.258);
INSERT INTO `master_sam` VALUES (158, '72267', 'White', 'extra large', 0.677, 0.000, 0.881, 0.968, 1.849, 1.217, 3.609, 6.740, 7.615, 23.017, 1.266);
INSERT INTO `master_sam` VALUES (159, '72267', 'Color', 'reguler', 0.476, 0.000, 0.000, 0.871, 0.871, 1.109, 3.239, 4.544, 6.740, 18.758, 1.254);
INSERT INTO `master_sam` VALUES (160, '72267', 'Color', 'big', 0.476, 0.000, 0.000, 0.917, 0.917, 1.150, 3.307, 4.605, 6.829, 19.069, 1.258);
INSERT INTO `master_sam` VALUES (161, '72267', 'Color', 'extra large', 0.476, 0.000, 0.000, 0.968, 0.968, 1.217, 3.588, 5.202, 7.533, 21.048, 1.266);
INSERT INTO `master_sam` VALUES (162, '72267', 'Black', 'reguler', 0.476, 0.000, 0.000, 1.079, 1.079, 1.109, 3.239, 4.544, 6.740, 18.758, 1.254);
INSERT INTO `master_sam` VALUES (163, '72267', 'Black', 'big', 0.476, 0.000, 0.000, 1.136, 1.136, 1.150, 3.588, 4.605, 6.829, 19.069, 1.258);
INSERT INTO `master_sam` VALUES (164, '72267', 'Black', 'extra large', 0.476, 0.000, 0.000, 1.199, 1.199, 1.217, 3.588, 5.202, 7.533, 21.048, 1.266);
INSERT INTO `master_sam` VALUES (165, '75345 Solid', 'White', 'reguler', 0.947, 0.000, 0.782, 0.918, 1.700, 0.750, 3.267, 3.933, 3.333, 13.540, 1.281);
INSERT INTO `master_sam` VALUES (166, '75345 Solid', 'White', 'big', 0.947, 0.000, 0.823, 0.967, 1.790, 0.800, 3.433, 4.100, 3.500, 14.200, 1.296);
INSERT INTO `master_sam` VALUES (167, '75345 Solid', 'White', 'extra large', 0.947, 0.000, 0.869, 1.020, 1.889, 0.967, 3.600, 4.267, 3.667, 15.000, 1.304);
INSERT INTO `master_sam` VALUES (168, '75345 Solid', 'Black', 'reguler', 0.947, 0.000, 0.000, 1.049, 1.049, 0.750, 3.067, 3.733, 3.133, 12.820, 1.281);
INSERT INTO `master_sam` VALUES (169, '75345 Solid', 'Black', 'big', 0.947, 0.000, 0.000, 1.104, 1.104, 0.800, 3.233, 3.900, 3.300, 13.480, 1.296);
INSERT INTO `master_sam` VALUES (170, '75345 Solid', 'Black', 'extra large', 0.947, 0.000, 0.000, 1.165, 1.165, 0.967, 3.400, 4.067, 3.467, 14.280, 1.304);
INSERT INTO `master_sam` VALUES (171, '75345 Solid', 'Color', 'reguler', 0.947, 0.000, 0.000, 0.918, 0.918, 0.750, 3.067, 3.733, 3.133, 12.820, 1.281);
INSERT INTO `master_sam` VALUES (172, '75345 Solid', 'Color', 'big', 0.947, 0.000, 0.000, 0.967, 0.967, 0.800, 3.233, 3.900, 3.300, 13.480, 1.296);
INSERT INTO `master_sam` VALUES (173, '75345 Solid', 'Color', 'extra large', 0.947, 0.000, 0.000, 1.020, NULL, 0.967, 3.400, 4.067, 3.467, 14.280, 1.304);

-- ----------------------------
-- Table structure for master_size
-- ----------------------------
DROP TABLE IF EXISTS `master_size`;
CREATE TABLE `master_size`  (
  `id_mastersize` int(11) NOT NULL AUTO_INCREMENT,
  `group` varchar(25) CHARACTER SET latin1 COLLATE latin1_swedish_ci NULL DEFAULT NULL,
  `size` varchar(10) CHARACTER SET latin1 COLLATE latin1_swedish_ci NULL DEFAULT NULL,
  PRIMARY KEY (`id_mastersize`) USING BTREE
) ENGINE = InnoDB AUTO_INCREMENT = 136 CHARACTER SET = latin1 COLLATE = latin1_swedish_ci ROW_FORMAT = Compact;

-- ----------------------------
-- Records of master_size
-- ----------------------------
INSERT INTO `master_size` VALUES (1, 'reguler', '30A');
INSERT INTO `master_size` VALUES (2, 'reguler', '30B');
INSERT INTO `master_size` VALUES (3, 'reguler', '30C');
INSERT INTO `master_size` VALUES (4, 'reguler', '30D');
INSERT INTO `master_size` VALUES (5, 'reguler', '30DD');
INSERT INTO `master_size` VALUES (6, 'reguler', '30DDD');
INSERT INTO `master_size` VALUES (7, 'reguler', '30G');
INSERT INTO `master_size` VALUES (8, 'reguler', '30H');
INSERT INTO `master_size` VALUES (9, 'reguler', '32A');
INSERT INTO `master_size` VALUES (10, 'reguler', '32B');
INSERT INTO `master_size` VALUES (11, 'reguler', '32C');
INSERT INTO `master_size` VALUES (12, 'reguler', '32D');
INSERT INTO `master_size` VALUES (13, 'reguler', '32DD');
INSERT INTO `master_size` VALUES (14, 'reguler', '32DDD');
INSERT INTO `master_size` VALUES (15, 'reguler', '32G');
INSERT INTO `master_size` VALUES (16, 'reguler', '32H');
INSERT INTO `master_size` VALUES (17, 'reguler', '34A');
INSERT INTO `master_size` VALUES (18, 'reguler', '34B');
INSERT INTO `master_size` VALUES (19, 'reguler', '34C');
INSERT INTO `master_size` VALUES (20, 'reguler', '34D');
INSERT INTO `master_size` VALUES (21, 'reguler', '34DD');
INSERT INTO `master_size` VALUES (22, 'reguler', '34DDD');
INSERT INTO `master_size` VALUES (23, 'reguler', '34G');
INSERT INTO `master_size` VALUES (24, 'reguler', '34H');
INSERT INTO `master_size` VALUES (25, 'reguler', '36A');
INSERT INTO `master_size` VALUES (26, 'reguler', '36B');
INSERT INTO `master_size` VALUES (27, 'reguler', '36C');
INSERT INTO `master_size` VALUES (28, 'reguler', '36D');
INSERT INTO `master_size` VALUES (29, 'reguler', '36DD');
INSERT INTO `master_size` VALUES (30, 'reguler', '36DDD');
INSERT INTO `master_size` VALUES (31, 'big', '36G');
INSERT INTO `master_size` VALUES (32, 'big', '36H');
INSERT INTO `master_size` VALUES (33, 'reguler', '38A');
INSERT INTO `master_size` VALUES (34, 'reguler', '38B');
INSERT INTO `master_size` VALUES (35, 'reguler', '38C');
INSERT INTO `master_size` VALUES (36, 'reguler', '38D');
INSERT INTO `master_size` VALUES (37, 'reguler', '38DD');
INSERT INTO `master_size` VALUES (38, 'big', '38DDD');
INSERT INTO `master_size` VALUES (39, 'big', '38G');
INSERT INTO `master_size` VALUES (40, 'big', '38H');
INSERT INTO `master_size` VALUES (41, 'reguler', '40A');
INSERT INTO `master_size` VALUES (42, 'reguler', '40B');
INSERT INTO `master_size` VALUES (43, 'reguler', '40C');
INSERT INTO `master_size` VALUES (44, 'reguler', '40D');
INSERT INTO `master_size` VALUES (45, 'big', '40DD');
INSERT INTO `master_size` VALUES (46, 'big', '40DDD');
INSERT INTO `master_size` VALUES (47, 'big', '40G');
INSERT INTO `master_size` VALUES (48, 'extra large', '40H');
INSERT INTO `master_size` VALUES (49, 'reguler', '42A');
INSERT INTO `master_size` VALUES (50, 'reguler', '42B');
INSERT INTO `master_size` VALUES (51, 'reguler', '42C');
INSERT INTO `master_size` VALUES (52, 'big', '42D');
INSERT INTO `master_size` VALUES (53, 'big', '42DD');
INSERT INTO `master_size` VALUES (54, 'big', '42DDD');
INSERT INTO `master_size` VALUES (55, 'extra large', '42G');
INSERT INTO `master_size` VALUES (56, 'extra large', '42H');
INSERT INTO `master_size` VALUES (57, 'reguler', '44A');
INSERT INTO `master_size` VALUES (58, 'reguler', '44B');
INSERT INTO `master_size` VALUES (59, 'big', '44C');
INSERT INTO `master_size` VALUES (60, 'big', '44D');
INSERT INTO `master_size` VALUES (61, 'big', '44DD');
INSERT INTO `master_size` VALUES (62, 'extra large', '44DDD');
INSERT INTO `master_size` VALUES (63, 'extra large', '44G');
INSERT INTO `master_size` VALUES (64, 'extra large', '44H');
INSERT INTO `master_size` VALUES (65, 'big', '48A');
INSERT INTO `master_size` VALUES (66, 'big', '48B');
INSERT INTO `master_size` VALUES (67, 'extra large', '48C');
INSERT INTO `master_size` VALUES (68, 'extra large', '48D');
INSERT INTO `master_size` VALUES (69, 'extra large', '48DD');
INSERT INTO `master_size` VALUES (70, 'extra large', '48DDD');
INSERT INTO `master_size` VALUES (71, 'extra large', '48G');
INSERT INTO `master_size` VALUES (72, 'extra large', '48H');
INSERT INTO `master_size` VALUES (73, 'big', '50A');
INSERT INTO `master_size` VALUES (74, 'extra large', '50B');
INSERT INTO `master_size` VALUES (75, 'extra large', '50C');
INSERT INTO `master_size` VALUES (76, 'extra large', '50D');
INSERT INTO `master_size` VALUES (77, 'extra large', '50DD');
INSERT INTO `master_size` VALUES (78, 'extra large', '50DDD');
INSERT INTO `master_size` VALUES (79, 'extra large', '50G');
INSERT INTO `master_size` VALUES (80, 'extra large', '50H');
INSERT INTO `master_size` VALUES (81, 'extra large', '52A');
INSERT INTO `master_size` VALUES (82, 'extra large', '52B');
INSERT INTO `master_size` VALUES (83, 'extra large', '52C');
INSERT INTO `master_size` VALUES (84, 'extra large', '52D');
INSERT INTO `master_size` VALUES (85, 'extra large', '52DD');
INSERT INTO `master_size` VALUES (86, 'extra large', '52DDD');
INSERT INTO `master_size` VALUES (87, 'extra large', '52G');
INSERT INTO `master_size` VALUES (88, 'extra large', '52H');
INSERT INTO `master_size` VALUES (89, NULL, '70A');
INSERT INTO `master_size` VALUES (90, NULL, '70B');
INSERT INTO `master_size` VALUES (91, NULL, '70C');
INSERT INTO `master_size` VALUES (92, NULL, '70D');
INSERT INTO `master_size` VALUES (93, NULL, '70DD');
INSERT INTO `master_size` VALUES (94, NULL, '70DDD');
INSERT INTO `master_size` VALUES (95, NULL, '70G');
INSERT INTO `master_size` VALUES (96, NULL, '70H');
INSERT INTO `master_size` VALUES (97, NULL, '75A');
INSERT INTO `master_size` VALUES (98, NULL, '75B');
INSERT INTO `master_size` VALUES (99, NULL, '75C');
INSERT INTO `master_size` VALUES (100, NULL, '75D');
INSERT INTO `master_size` VALUES (101, NULL, '75DD');
INSERT INTO `master_size` VALUES (102, NULL, '75DDD');
INSERT INTO `master_size` VALUES (103, NULL, '75G');
INSERT INTO `master_size` VALUES (104, NULL, '75H');
INSERT INTO `master_size` VALUES (105, NULL, '80A');
INSERT INTO `master_size` VALUES (106, NULL, '80B');
INSERT INTO `master_size` VALUES (107, NULL, '80C');
INSERT INTO `master_size` VALUES (108, NULL, '80D');
INSERT INTO `master_size` VALUES (109, NULL, '80DD');
INSERT INTO `master_size` VALUES (110, NULL, '80DDD');
INSERT INTO `master_size` VALUES (111, NULL, '80G');
INSERT INTO `master_size` VALUES (112, NULL, '80H');
INSERT INTO `master_size` VALUES (113, NULL, '85A');
INSERT INTO `master_size` VALUES (114, NULL, '85B');
INSERT INTO `master_size` VALUES (115, NULL, '85C');
INSERT INTO `master_size` VALUES (116, NULL, '85D');
INSERT INTO `master_size` VALUES (117, NULL, '85DD');
INSERT INTO `master_size` VALUES (118, NULL, '85DDD');
INSERT INTO `master_size` VALUES (119, NULL, '85G');
INSERT INTO `master_size` VALUES (120, NULL, '85H');
INSERT INTO `master_size` VALUES (121, NULL, '90A');
INSERT INTO `master_size` VALUES (122, NULL, '90B');
INSERT INTO `master_size` VALUES (123, NULL, '90C');
INSERT INTO `master_size` VALUES (124, NULL, '90D');
INSERT INTO `master_size` VALUES (125, NULL, '90DD');
INSERT INTO `master_size` VALUES (126, NULL, '90DDD');
INSERT INTO `master_size` VALUES (127, NULL, '90G');
INSERT INTO `master_size` VALUES (128, NULL, '90H');
INSERT INTO `master_size` VALUES (129, NULL, 'XS');
INSERT INTO `master_size` VALUES (130, NULL, 'S');
INSERT INTO `master_size` VALUES (131, NULL, 'M');
INSERT INTO `master_size` VALUES (132, NULL, 'L');
INSERT INTO `master_size` VALUES (133, NULL, 'XL');
INSERT INTO `master_size` VALUES (134, NULL, 'XXL');
INSERT INTO `master_size` VALUES (135, NULL, 'XXXL');

-- ----------------------------
-- Table structure for midmold_input_molding
-- ----------------------------
DROP TABLE IF EXISTS `midmold_input_molding`;
CREATE TABLE `midmold_input_molding`  (
  `id_mid_input_molding` int(11) NOT NULL AUTO_INCREMENT,
  `id_input_molding` int(11) NULL DEFAULT NULL,
  `no_bundle` varchar(50) CHARACTER SET latin1 COLLATE latin1_swedish_ci NULL DEFAULT NULL,
  `size` varchar(10) CHARACTER SET latin1 COLLATE latin1_swedish_ci NULL DEFAULT NULL,
  `qty_pcs` int(11) UNSIGNED NULL DEFAULT NULL,
  `kode_barcode` varchar(16) CHARACTER SET latin1 COLLATE latin1_swedish_ci NULL DEFAULT NULL,
  PRIMARY KEY (`id_mid_input_molding`) USING BTREE,
  INDEX `fk_input_molding_mid`(`id_input_molding`) USING BTREE,
  CONSTRAINT `fk_input_molding_mid` FOREIGN KEY (`id_input_molding`) REFERENCES `input_molding` (`id_input_molding`) ON DELETE RESTRICT ON UPDATE RESTRICT
) ENGINE = InnoDB AUTO_INCREMENT = 1 CHARACTER SET = latin1 COLLATE = latin1_swedish_ci ROW_FORMAT = Compact;

-- ----------------------------
-- Table structure for midmold_output_molding
-- ----------------------------
DROP TABLE IF EXISTS `midmold_output_molding`;
CREATE TABLE `midmold_output_molding`  (
  `id_mid_output_molding` int(11) NOT NULL AUTO_INCREMENT,
  `id_output_molding` int(11) NULL DEFAULT NULL,
  `no_bundle` varchar(50) CHARACTER SET latin1 COLLATE latin1_swedish_ci NULL DEFAULT NULL,
  `size` varchar(10) CHARACTER SET latin1 COLLATE latin1_swedish_ci NULL DEFAULT NULL,
  `qty_pcs` int(11) NULL DEFAULT NULL,
  `kode_barcode` varchar(50) CHARACTER SET latin1 COLLATE latin1_swedish_ci NULL DEFAULT NULL,
  PRIMARY KEY (`id_mid_output_molding`) USING BTREE,
  INDEX `fk_input_molding_outer`(`id_output_molding`) USING BTREE,
  CONSTRAINT `fk_output_mold_2` FOREIGN KEY (`id_output_molding`) REFERENCES `output_molding` (`id_output_molding`) ON DELETE RESTRICT ON UPDATE RESTRICT
) ENGINE = InnoDB AUTO_INCREMENT = 1 CHARACTER SET = latin1 COLLATE = latin1_swedish_ci ROW_FORMAT = Compact;

-- ----------------------------
-- Table structure for order
-- ----------------------------
DROP TABLE IF EXISTS `order`;
CREATE TABLE `order`  (
  `id_order` int(11) NOT NULL AUTO_INCREMENT,
  `style` varchar(100) CHARACTER SET latin1 COLLATE latin1_swedish_ci NULL DEFAULT NULL,
  `style_sam` varchar(50) CHARACTER SET latin1 COLLATE latin1_swedish_ci NULL DEFAULT NULL,
  `orc` varchar(50) CHARACTER SET latin1 COLLATE latin1_swedish_ci NULL DEFAULT NULL,
  `buyer` varchar(100) CHARACTER SET latin1 COLLATE latin1_swedish_ci NULL DEFAULT NULL,
  `so` varchar(50) CHARACTER SET latin1 COLLATE latin1_swedish_ci NULL DEFAULT NULL,
  `color` varchar(50) CHARACTER SET latin1 COLLATE latin1_swedish_ci NULL DEFAULT NULL,
  `qty` int(11) NULL DEFAULT NULL,
  `etd` date NULL DEFAULT NULL,
  `to_cutting` bit(1) NULL DEFAULT NULL,
  `tgl_to_cutting` date NULL DEFAULT NULL,
  PRIMARY KEY (`id_order`) USING BTREE
) ENGINE = InnoDB AUTO_INCREMENT = 445 CHARACTER SET = latin1 COLLATE = latin1_swedish_ci ROW_FORMAT = Compact;

-- ----------------------------
-- Records of order
-- ----------------------------
INSERT INTO `order` VALUES (1, '22045 (71380)', NULL, 'G3-20A060A', 'VF', '150207', 'TOASTED COCONUT', 12580, '2020-01-16', NULL, NULL);
INSERT INTO `order` VALUES (2, '22045 (71380)', NULL, 'G3-20B002A-1', 'VF', '152375', 'MID BLACK', 9372, '2020-01-23', NULL, NULL);
INSERT INTO `order` VALUES (3, '22045 (71380)', NULL, 'G3-20B002A-2', 'VF', '152375', 'MID BLACK', 360, '2020-01-23', b'1', '2020-01-10');
INSERT INTO `order` VALUES (4, '22045 (71380)', NULL, 'G3-20A061A', 'VF', '154518', 'SHEER QUARTZ', 3600, '2020-01-23', NULL, NULL);
INSERT INTO `order` VALUES (5, '22045 (71380)', NULL, 'G3-20B006A-1', 'VF', '152394', 'DAMASK NEUTRAL', 23652, '2020-01-23', NULL, NULL);
INSERT INTO `order` VALUES (6, '22045 (71380)', NULL, 'G3-20B006A-2', 'VF', '152394', 'DAMASK NEUTRAL', 2592, '2020-01-23', NULL, NULL);
INSERT INTO `order` VALUES (7, '22045 (71380)', NULL, 'G3-20B004A-1', 'VF', '152388', 'STAR WHITE', 21828, '2020-01-23', NULL, NULL);
INSERT INTO `order` VALUES (8, '22045 (71380)', NULL, 'G3-20B004A-2', 'VF', '152388', 'STAR WHITE', 1968, '2020-01-23', NULL, NULL);
INSERT INTO `order` VALUES (9, '22045 (71380)', NULL, 'G3-20B035A-1', 'VF', '153435', 'STAR WHITE', 360, '2020-02-13', b'1', '2020-01-10');
INSERT INTO `order` VALUES (10, '22045 (71380)', NULL, 'G3-20B035A-2', 'VF', '153435', 'STAR WHITE', 1380, '2020-02-13', NULL, NULL);
INSERT INTO `order` VALUES (11, '22045 (71380)', NULL, 'G3-20B036A-1', 'VF', '153436', 'STAR WHITE', 16260, '2020-02-13', NULL, NULL);
INSERT INTO `order` VALUES (12, '22045 (71380)', NULL, 'G3-20B036A-2', 'VF', '153436', 'STAR WHITE', 1356, '2020-02-13', NULL, NULL);
INSERT INTO `order` VALUES (13, '22045 (71380)', NULL, 'G3-20B038A-1', 'VF', '153441', 'DAMASK NEUTRAL', 23316, '2020-02-13', NULL, NULL);
INSERT INTO `order` VALUES (14, '22045 (71380)', NULL, 'G3-20B038A-2', 'VF', '153441', 'DAMASK NEUTRAL', 1908, '2020-02-13', NULL, NULL);
INSERT INTO `order` VALUES (15, '22045 (71380)', NULL, 'G3-20B039A-1', 'VF', '153444', 'DAMASK NEUTRAL', 23196, '2020-02-13', NULL, NULL);
INSERT INTO `order` VALUES (16, '22045 (71380)', NULL, 'G3-20B039A-2', 'VF', '153444', 'DAMASK NEUTRAL', 1872, '2020-02-13', NULL, NULL);
INSERT INTO `order` VALUES (17, '22045 (71380)', NULL, 'G3-20B050A', 'VF', '154519', 'SHEER QUARTZ', 3600, '2020-02-06', NULL, NULL);
INSERT INTO `order` VALUES (18, '22045 (71380)', NULL, 'G3-20B040A', 'VF', '153445', 'SHEER QUARTZ', 8868, '2020-02-13', NULL, NULL);
INSERT INTO `order` VALUES (19, '22045 (71380)', NULL, 'G3-20B034A-1', 'VF', '153434', 'MID BLACK', 16416, '2020-02-13', NULL, NULL);
INSERT INTO `order` VALUES (20, '22045 (71380)', NULL, 'G3-20B034A-2', 'VF', '153434', 'MID BLACK', 1404, '2020-02-13', NULL, NULL);
INSERT INTO `order` VALUES (21, '22045 (71380)', NULL, 'G3-20B005A', 'VF', '153439', 'WALNUT', 7824, '2020-02-13', NULL, NULL);
INSERT INTO `order` VALUES (22, '22045 (71380)', NULL, 'G3-20C031B', 'VF', '153451', 'WALNUT', 7992, '2020-03-12', NULL, NULL);
INSERT INTO `order` VALUES (23, '22045 (71380)', NULL, 'G3-20D045C', 'VF', '156432', 'WALNUT', 2124, '2020-04-09', NULL, NULL);
INSERT INTO `order` VALUES (24, '22045 (71380)', NULL, 'G3-20C003B-1', 'VF', '153448', 'STAR WHITE', 20016, '2020-03-12', NULL, NULL);
INSERT INTO `order` VALUES (25, '22045 (71380)', NULL, 'G3-20C003B-2', 'VF', '153448', 'STAR WHITE', 1284, '2020-03-12', NULL, NULL);
INSERT INTO `order` VALUES (26, '22045 (71380)', NULL, 'G3-20C029B-1', 'VF', '153449', 'STAR WHITE', 20052, '2020-03-12', NULL, NULL);
INSERT INTO `order` VALUES (27, '22045 (71380)', NULL, 'G3-20C029B-2', 'VF', '153449', 'STAR WHITE', 1308, '2020-03-12', NULL, NULL);
INSERT INTO `order` VALUES (28, '22045 (71380)', NULL, 'G3-20C054B-1', 'VF', '156712', 'STAR WHITE', 4848, '2020-03-12', NULL, NULL);
INSERT INTO `order` VALUES (29, '22045 (71380)', NULL, 'G3-20C054B-2', 'VF', '156712', 'STAR WHITE', 348, '2020-03-12', b'1', '2020-01-07');
INSERT INTO `order` VALUES (30, '22045 (71380)', NULL, 'G3-20C001B-1', 'VF', '153447', 'MID BLACK', 23796, '2020-03-12', NULL, NULL);
INSERT INTO `order` VALUES (31, '22045 (71380)', NULL, 'G3-20C001B-2', 'VF', '153447', 'MID BLACK', 1404, '2020-03-12', NULL, NULL);
INSERT INTO `order` VALUES (32, '22045 (71380)', NULL, 'G3-20C053B-1', 'VF', '156710', 'MID BLACK', 3600, '2020-03-12', NULL, NULL);
INSERT INTO `order` VALUES (33, '22045 (71380)', NULL, 'G3-20C053B-2', 'VF', '156710', 'MID BLACK', 252, '2020-03-12', NULL, NULL);
INSERT INTO `order` VALUES (34, '22045 (71380)', NULL, 'G3-20C055B-1', 'VF', '156714', 'DAMASK NEUTRAL', 8496, '2020-03-12', NULL, NULL);
INSERT INTO `order` VALUES (35, '22045 (71380)', NULL, 'G3-20C055B-2', 'VF', '156714', 'DAMASK NEUTRAL', 864, '2020-03-12', NULL, NULL);
INSERT INTO `order` VALUES (36, '22045 (71380)', NULL, 'G3-20D053C-1', 'VF', '156722', 'DAMASK NEUTRAL', 8496, '2020-04-09', NULL, NULL);
INSERT INTO `order` VALUES (37, '22045 (71380)', NULL, 'G3-20D053C-2', 'VF', '156722', 'DAMASK NEUTRAL', 864, '2020-04-09', NULL, NULL);
INSERT INTO `order` VALUES (38, '22045 (71380)', NULL, 'G3-20D051C-1', 'VF', '156720', 'MID BLACK', 3600, '2020-04-09', NULL, NULL);
INSERT INTO `order` VALUES (39, '22045 (71380)', NULL, 'G3-20D051C-2', 'VF', '156720', 'MID BLACK', 252, '2020-04-09', NULL, NULL);
INSERT INTO `order` VALUES (40, '22045 (71380)', NULL, 'G3-20D002C-1', 'VF', '156425', 'MID BLACK', 5976, '2020-04-09', NULL, NULL);
INSERT INTO `order` VALUES (41, '22045 (71380)', NULL, 'G3-20D002C-2', 'VF', '156425', 'MID BLACK', 468, '2020-04-09', NULL, NULL);
INSERT INTO `order` VALUES (42, '22045 (71380)', NULL, 'G3-20D052C-1', 'VF', '156721', 'STAR WHITE', 4848, '2020-04-09', NULL, NULL);
INSERT INTO `order` VALUES (43, '22045 (71380)', NULL, 'G3-20D052C-2', 'VF', '156721', 'STAR WHITE', 348, '2020-04-09', b'1', '2020-01-10');
INSERT INTO `order` VALUES (44, '22045 (71380)', NULL, 'G3-20D003C-1', 'VF', '156428', 'STAR WHITE', 7812, '2020-04-09', NULL, NULL);
INSERT INTO `order` VALUES (45, '22045 (71380)', NULL, 'G3-20D003C-2', 'VF', '156428', 'STAR WHITE', 936, '2020-04-09', NULL, NULL);
INSERT INTO `order` VALUES (46, '22045 (71380)', NULL, 'G3-20D064C', 'VF', '-', 'MALIBU MAUVE', 28275, '2020-04-09', NULL, NULL);
INSERT INTO `order` VALUES (47, '22045 (71380)', NULL, 'G3-20D004C-1', 'VF', '156433', 'DAMASK NEUTRAL', 14796, '2020-04-09', NULL, NULL);
INSERT INTO `order` VALUES (48, '22045 (71380)', NULL, 'G3-20D004C-2', 'VF', '156433', 'DAMASK NEUTRAL', 2124, '2020-04-09', NULL, NULL);
INSERT INTO `order` VALUES (49, '22045 (71380)', NULL, 'G3-20E002D', 'VF', '161686', 'IVORY', 4008, '2020-05-14', NULL, NULL);
INSERT INTO `order` VALUES (50, '22045 (71380)', NULL, 'G3-20E003D', 'VF', '161687', 'MID BLACK', 7860, '2020-05-14', NULL, NULL);
INSERT INTO `order` VALUES (51, '22045 (71380)', NULL, 'G3-20E019D', 'VF', '161689', 'GHOST NAVY', 6576, '2020-05-14', NULL, NULL);
INSERT INTO `order` VALUES (52, '22045 (71380)', NULL, 'G3-20E020D', 'VF', '161691', 'WALNUT', 3600, '2020-05-14', NULL, NULL);
INSERT INTO `order` VALUES (53, '72335', NULL, 'G3-20B011A', 'VF', '152711', 'DAMASK NEUTRAL', 15260, '2020-02-13', NULL, NULL);
INSERT INTO `order` VALUES (54, '72335', NULL, 'G3-20A062A', 'VF', '154521', 'SHEER QUARTZ', 3600, '2020-01-23', NULL, NULL);
INSERT INTO `order` VALUES (55, '72335', NULL, 'G3-20B008A', 'VF', '152703', 'IVORY', 8940, '2020-02-13', NULL, NULL);
INSERT INTO `order` VALUES (56, '72335', NULL, 'G3-20B010A', 'VF', '152708', 'STAR WHITE', 11340, '2020-02-13', NULL, NULL);
INSERT INTO `order` VALUES (57, '72335', NULL, 'G3-20C008B', 'VF', '153487', 'STAR WHITE', 12264, '2020-03-12', NULL, NULL);
INSERT INTO `order` VALUES (58, '72335', NULL, 'G3-20A010L', 'VF', '153494', 'SHEER QUARTZ', 5328, '2020-03-12', NULL, NULL);
INSERT INTO `order` VALUES (59, '72335', NULL, 'G3-20C009B', 'VF', '153490', 'DAMASK NEUTRAL', 15306, '2020-03-12', NULL, NULL);
INSERT INTO `order` VALUES (60, '72335', NULL, 'G3-20C006B', 'VF', '153485', 'IVORY', 4164, '2020-03-12', NULL, NULL);
INSERT INTO `order` VALUES (61, '72335', NULL, 'G3-20D046C', 'VF', '-', 'IVORY', 3748, '2020-04-09', NULL, NULL);
INSERT INTO `order` VALUES (62, '72335', NULL, 'G3-20C007B', 'VF', '153486', 'MID BLACK', 6936, '2020-03-12', NULL, NULL);
INSERT INTO `order` VALUES (63, '72335', NULL, 'G3-20D006C', 'VF', '-', 'MID BLACK ', 5448, '2020-04-09', NULL, NULL);
INSERT INTO `order` VALUES (64, '72335', NULL, 'G3-20D049C', 'VF', '-', 'STAR WHITE', 5220, '2020-04-09', NULL, NULL);
INSERT INTO `order` VALUES (65, '72335', NULL, 'G3-20D007C', 'VF', '-', 'STAR WHITE', 3600, '2020-04-09', NULL, NULL);
INSERT INTO `order` VALUES (66, '72335', NULL, 'G3-20D008C', 'VF', '-', 'DAMASK NEUTRAL', 3506, '2020-04-09', NULL, NULL);
INSERT INTO `order` VALUES (67, '72335', NULL, 'G3-20D050C', 'VF', '-', 'DAMASK NEUTRAL ', 7398, '2020-04-09', NULL, NULL);
INSERT INTO `order` VALUES (68, '72335', NULL, 'G3-20D062C-1', 'VF', '-', 'LAVENDER FOG', 17451, '2020-04-09', NULL, NULL);
INSERT INTO `order` VALUES (69, '72335', NULL, 'G3-20D062C-1', 'VF', '-', 'LAVENDER FOG', 14, '2020-04-09', NULL, NULL);
INSERT INTO `order` VALUES (70, '72335', NULL, 'G3-20D048C', 'VF', '-', 'IVORY', 3852, '2020-04-09', NULL, NULL);
INSERT INTO `order` VALUES (71, '72335', NULL, 'G3-20D088D', NULL, '163782', 'MID BLACK ', 2400, '2020-04-30', NULL, NULL);
INSERT INTO `order` VALUES (72, '72335', NULL, 'G3-20D089D', NULL, '163783', 'DAMASK NEUTRAL', 2400, '2020-04-30', NULL, NULL);
INSERT INTO `order` VALUES (73, '72335', NULL, 'G3-20E023D', 'VF', '161708', 'DAMASK NEUTRAL', 4436, '2020-05-14', NULL, NULL);
INSERT INTO `order` VALUES (74, '72335', NULL, 'G3-20E024D', 'VF', '161710', 'SHEER QUARTZ', 4392, '2020-05-14', NULL, NULL);
INSERT INTO `order` VALUES (75, '22047 (76080)', NULL, 'G3-20B019A-3', 'VF', '152415', 'DAMASK NEUTRAL', 72, '2020-01-23', NULL, NULL);
INSERT INTO `order` VALUES (76, '22047 (76080)', NULL, 'G3-20B018A-1', 'VF', '152409', 'STAR WHITE', 2904, '2020-01-23', NULL, NULL);
INSERT INTO `order` VALUES (77, '22047 (76080)', NULL, 'G3-20B018A-2', 'VF', '152409', 'STAR WHITE', 696, '2020-01-23', NULL, NULL);
INSERT INTO `order` VALUES (78, '22047 (76080)', NULL, 'G3-20B047A-1', 'VF', '153542', 'STAR WHITE', 9600, '2020-02-13', NULL, NULL);
INSERT INTO `order` VALUES (79, '22047 (76080)', NULL, 'G3-20B047A-2', 'VF', '153542', 'STAR WHITE', 3036, '2020-02-13', NULL, NULL);
INSERT INTO `order` VALUES (80, '22047 (76080)', NULL, 'G3-20B046A-1', 'VF', '153541', 'MID BLACK', 7248, '2020-02-13', NULL, NULL);
INSERT INTO `order` VALUES (81, '22047 (76080)', NULL, 'G3-20B046A-2', 'VF', '153541', 'MID BLACK', 3288, '2020-02-13', NULL, NULL);
INSERT INTO `order` VALUES (82, '22047 (76080)', NULL, 'G3-20C012B-1', 'VF', '153544', 'SHEER QUARTZ', 3852, '2020-02-13', NULL, NULL);
INSERT INTO `order` VALUES (83, '22047 (76080)', NULL, 'G3-20C012B-2', 'VF', '153544', 'SHEER QUARTZ', 1788, '2020-02-13', NULL, NULL);
INSERT INTO `order` VALUES (84, '22047 (76080)', NULL, 'G3-20C045B-1', 'VF', '153791', 'SHEER QUARTZ ', 3564, '2020-03-12', NULL, NULL);
INSERT INTO `order` VALUES (85, '22047 (76080)', NULL, 'G3-20C045B-2', 'VF', '153791', 'SHEER QUARTZ ', 1848, '2020-03-12', NULL, NULL);
INSERT INTO `order` VALUES (86, '22047 (76080)', NULL, 'G3-20B048A-1', 'VF', '153543', 'DAMASK NEUTRAL', 7620, '2020-02-13', b'1', '2020-01-07');
INSERT INTO `order` VALUES (87, '22047 (76080)', NULL, 'G3-20B048A-2', 'VF', '153543', 'DAMASK NEUTRAL', 3324, '2020-02-13', b'1', '2020-01-07');
INSERT INTO `order` VALUES (88, '22047 (76080)', NULL, 'G3-20B048A-3', 'VF', '153543', 'DAMASK NEUTRAL', 264, '2020-02-13', b'1', '2020-01-08');
INSERT INTO `order` VALUES (89, '22047 (76080)', NULL, 'G3-20C010B-1', 'VF', '153788', 'MID BLACK ', 9624, '2020-03-12', NULL, NULL);
INSERT INTO `order` VALUES (90, '22047 (76080)', NULL, 'G3-20C010B-2', 'VF', '153788', 'MID BLACK ', 4884, '2020-03-12', NULL, NULL);
INSERT INTO `order` VALUES (91, '22047 (76080)', NULL, 'G3-20C011B-1', 'VF', '153789', 'STAR WHITE', 9384, '2020-03-12', NULL, NULL);
INSERT INTO `order` VALUES (92, '22047 (76080)', NULL, 'G3-20C011B-2', 'VF', '153789', 'STAR WHITE', 3876, '2020-03-12', NULL, NULL);
INSERT INTO `order` VALUES (93, '22047 (76080)', NULL, 'G3-20C011B-3', 'VF', '153789', 'STAR WHITE', 288, '2020-03-12', NULL, NULL);
INSERT INTO `order` VALUES (94, '76080 (03681)', NULL, 'G3-20C013B-1', 'VF', '153793', 'COCONUT WHT LACE', 4200, '2020-03-12', NULL, NULL);
INSERT INTO `order` VALUES (95, '76080 (03681)', NULL, 'G3-20C013B-2', 'VF', '153793', 'COCONUT WHT LACE', 720, '2020-03-12', NULL, NULL);
INSERT INTO `order` VALUES (96, '76080 (03681)', NULL, 'G3-20C014B-1', 'VF', '153794', 'DAMASK NEUTRAL LACE', 4080, '2020-03-12', NULL, NULL);
INSERT INTO `order` VALUES (97, '76080 (03681)', NULL, 'G3-20C014B-2', 'VF', '153794', 'DAMASK NEUTRAL LACE', 684, '2020-03-12', NULL, NULL);
INSERT INTO `order` VALUES (98, '22047 (76080)', NULL, 'G3-20C044B-1', 'VF', '153790', 'DAMASK NEUTRAL', 11676, '2020-03-12', NULL, NULL);
INSERT INTO `order` VALUES (99, '22047 (76080)', NULL, 'G3-20C044B-2', 'VF', '153790', 'DAMASK NEUTRAL', 5064, '2020-03-12', NULL, NULL);
INSERT INTO `order` VALUES (100, '22047 (76080)', NULL, 'G3-20C044B-3', 'VF', '153790', 'DAMASK NEUTRAL', 300, '2020-03-12', NULL, NULL);
INSERT INTO `order` VALUES (101, '1900871 (76080)', NULL, 'G3-20D081C', 'VF', '-', 'MIDNIGHT BLACK', 2196, '2000-01-28', NULL, NULL);
INSERT INTO `order` VALUES (102, '1900871 (76080)', NULL, 'G3-20D082C', 'VF', '-', 'STAR WHITE', 1744, '2000-01-28', NULL, NULL);
INSERT INTO `order` VALUES (103, '1900871 (76080)', NULL, 'G3-20D083C', 'VF', '-', 'DAMASK NEUTRAL', 2322, '2000-01-28', NULL, NULL);
INSERT INTO `order` VALUES (104, '1900871 (76080)', NULL, 'G3-20D084C', 'VF', '-', 'SHEER QUARTZ', 1170, '2000-01-28', NULL, NULL);
INSERT INTO `order` VALUES (105, '22047 (76080)', NULL, 'G3-20D085C-1', 'VF', '162936', 'MID BLACK ', 96, '2020-04-02', NULL, NULL);
INSERT INTO `order` VALUES (106, '22047 (76080)', NULL, 'G3-20D085C-2', 'VF', '162936', 'MID BLACK ', 96, '2020-04-02', NULL, NULL);
INSERT INTO `order` VALUES (107, '22047 (76080)', NULL, 'G3-20D087C', 'VF', '162947', 'DAMASK NEUTRAL', 312, '2020-04-02', NULL, NULL);
INSERT INTO `order` VALUES (108, '22047 (76080)', NULL, 'G3-20D015C-1', 'VF', '162950', 'SHEER QUARTZ ', 876, '2020-04-02', NULL, NULL);
INSERT INTO `order` VALUES (109, '22047 (76080)', NULL, 'G3-20D015C-2', 'VF', '162950', 'SHEER QUARTZ ', 1296, '2020-04-02', NULL, NULL);
INSERT INTO `order` VALUES (110, '22047 (76080)', NULL, 'G3-20D013C-1', 'VF', '162940', 'STAR WHITE', 1044, '2020-04-02', NULL, NULL);
INSERT INTO `order` VALUES (111, '22047 (76080)', NULL, 'G3-20D013C-2', 'VF', '162940', 'STAR WHITE', 348, '2020-04-02', NULL, NULL);
INSERT INTO `order` VALUES (112, '22047 (76080)', NULL, 'G3-20D014C-1', 'VF', '-', 'DAMASK NEUTRAL ', 5640, '2020-04-09', NULL, NULL);
INSERT INTO `order` VALUES (113, '22047 (76080)', NULL, 'G3-20D014C-2', 'VF', '-', 'DAMASK NEUTRAL ', 2808, '2020-04-09', NULL, NULL);
INSERT INTO `order` VALUES (114, '22047 (76080)', NULL, 'G3-20D014C-3', 'VF', '-', 'DAMASK NEUTRAL ', 948, '2020-04-09', NULL, NULL);
INSERT INTO `order` VALUES (115, '22047 (76080)', NULL, 'G3-20D012C-1', 'VF', '-', 'MID BLACK ', 3720, '2020-04-09', NULL, NULL);
INSERT INTO `order` VALUES (116, '22047 (76080)', NULL, 'G3-20D012C-2', 'VF', '-', 'MID BLACK ', 1380, '2020-04-09', NULL, NULL);
INSERT INTO `order` VALUES (117, '22047 (76080)', NULL, 'G3-20E012D-1', 'VF', '163137', 'MID BLACK ', 4176, '2020-05-14', NULL, NULL);
INSERT INTO `order` VALUES (118, '22047 (76080)', NULL, 'G3-20E012D-2', 'VF', '163137', 'MID BLACK ', 1368, '2020-05-14', NULL, NULL);
INSERT INTO `order` VALUES (119, '22047 (76080)', NULL, 'G3-20E013D-1', 'VF', '163142', 'STAR WHITE', 3816, '2020-05-14', NULL, NULL);
INSERT INTO `order` VALUES (120, '22047 (76080)', NULL, 'G3-20E013D-2', 'VF', '163142', 'STAR WHITE', 1872, '2020-05-14', NULL, NULL);
INSERT INTO `order` VALUES (121, '22047 (76080)', NULL, 'G3-20E014D-1', 'VF', '163144', 'DAMASK NEUTRAL', 8172, '2020-05-14', NULL, NULL);
INSERT INTO `order` VALUES (122, '22047 (76080)', NULL, 'G3-20E014D-2', 'VF', '163144', 'DAMASK NEUTRAL', 648, '2020-05-14', NULL, NULL);
INSERT INTO `order` VALUES (123, '22997 (3476528) CF LACE', NULL, 'G3-20C015B -1', 'VF', '152674', 'SHEER QUARTZ LACE', 18396, '2020-02-13', NULL, NULL);
INSERT INTO `order` VALUES (124, '22997 (3476528) CF LACE', NULL, 'G3-20C016B -1', 'VF', '152676', 'STAR WHITE LACE', 3600, '2020-02-13', NULL, NULL);
INSERT INTO `order` VALUES (125, '22045 (71380)', NULL, 'G3-20B001A', 'VF', '153433', 'IVORY', 7356, '2020-02-13', NULL, NULL);
INSERT INTO `order` VALUES (126, '22045 (71380)', NULL, 'G3-20C028B', 'VF', '153446', 'IVORY', 9900, '2020-03-12', NULL, NULL);
INSERT INTO `order` VALUES (127, '76380 - SOLID', NULL, 'G3-20C060B-1', 'VF', '156832', 'IVORY', 3024, '2020-03-12', NULL, NULL);
INSERT INTO `order` VALUES (128, '76380 - SOLID', NULL, 'G3-20C060B-2', 'VF', '156832', 'IVORY', 396, '2020-03-12', NULL, NULL);
INSERT INTO `order` VALUES (129, '76380 - SOLID', NULL, 'G3-20C060B-3', 'VF', '156832', 'IVORY', 180, '2020-03-12', NULL, NULL);
INSERT INTO `order` VALUES (130, '76380 - SOLID', NULL, 'G3-19C062B-1', 'VF', '156849', 'STAR WHITE ', 5616, '2020-03-12', NULL, NULL);
INSERT INTO `order` VALUES (131, '76380 - SOLID', NULL, 'G3-19C062B-2', 'VF', '156849', 'STAR WHITE ', 564, '2020-03-12', NULL, NULL);
INSERT INTO `order` VALUES (132, '76380 - SOLID', NULL, 'G3-19C062B-3', 'VF', '156849', 'STAR WHITE ', 216, '2020-03-12', NULL, NULL);
INSERT INTO `order` VALUES (133, '76380 - SOLID', NULL, 'G3-20D054C-1', 'VF', '156858', 'IVORY', 3024, '2020-04-09', NULL, NULL);
INSERT INTO `order` VALUES (134, '76380 - SOLID', NULL, 'G3-20D054C-2', 'VF', '156858', 'IVORY', 396, '2020-04-09', NULL, NULL);
INSERT INTO `order` VALUES (135, '76380 - SOLID', NULL, 'G3-20D054C-3', 'VF', '156858', 'IVORY', 180, '2020-04-09', NULL, NULL);
INSERT INTO `order` VALUES (136, '76380 - SOLID', NULL, 'G3-20D055C-1', 'VF', '156860', 'IVORY', 3024, '2020-04-09', NULL, NULL);
INSERT INTO `order` VALUES (137, '76380 - SOLID', NULL, 'G3-20D055C-2', 'VF', '156860', 'IVORY', 396, '2020-04-09', NULL, NULL);
INSERT INTO `order` VALUES (138, '76380 - SOLID', NULL, 'G3-20D055C-3', 'VF', '156860', 'IVORY', 180, '2020-04-09', NULL, NULL);
INSERT INTO `order` VALUES (139, '76380 - SOLID', NULL, 'G3-20C063B-1', 'VF', '156852', 'DAMASK NEUTRAL', 276, '2020-03-12', NULL, NULL);
INSERT INTO `order` VALUES (140, '76380 - SOLID', NULL, 'G3-20C063B-2', 'VF', '156852', 'DAMASK NEUTRAL', 6288, '2020-03-12', NULL, NULL);
INSERT INTO `order` VALUES (141, '76380 - SOLID', NULL, 'G3-20C063B-3', 'VF', '156852', 'DAMASK NEUTRAL', 552, '2020-03-12', NULL, NULL);
INSERT INTO `order` VALUES (142, '76380 - SOLID', NULL, 'G3-20C063B-4', 'VF', '156852', 'DAMASK NEUTRAL', 228, '2020-03-12', NULL, NULL);
INSERT INTO `order` VALUES (143, '76380 - SOLID', NULL, 'G3-20C061B-1', 'VF', '156861', 'MID BLACK', 72, '2020-04-09', NULL, NULL);
INSERT INTO `order` VALUES (144, '76380 - SOLID', NULL, 'G3-20C061B-2', 'VF', '156861', 'MID BLACK', 3528, '2020-04-09', NULL, NULL);
INSERT INTO `order` VALUES (145, '76380 - SOLID', NULL, 'G3-20C061B-3', 'VF', '156861', 'MID BLACK', 396, '2020-04-09', NULL, NULL);
INSERT INTO `order` VALUES (146, '76380 - SOLID', NULL, 'G3-20C061B-4', 'VF', '156861', 'MID BLACK', 664, '2020-04-09', NULL, NULL);
INSERT INTO `order` VALUES (147, '76380 - SOLID', NULL, 'G3-20D056C-1', 'VF', '156842', 'MID BLACK', 72, '2020-03-12', NULL, NULL);
INSERT INTO `order` VALUES (148, '76380 - SOLID', NULL, 'G3-20D056C-2', 'VF', '156842', 'MID BLACK', 3528, '2020-03-12', NULL, NULL);
INSERT INTO `order` VALUES (149, '76380 - SOLID', NULL, 'G3-20D056C-3', 'VF', '156842', 'MID BLACK', 396, '2020-03-12', NULL, NULL);
INSERT INTO `order` VALUES (150, '76380 - SOLID', NULL, 'G3-20D056C-4', 'VF', '156842', 'MID BLACK', 664, '2020-03-12', NULL, NULL);
INSERT INTO `order` VALUES (151, '76380 - SOLID', NULL, 'G3-20D057C-1', 'VF', '156863', 'MID BLACK', 72, '2020-04-09', NULL, NULL);
INSERT INTO `order` VALUES (152, '76380 - SOLID', NULL, 'G3-20D057C-2', 'VF', '156863', 'MID BLACK', 3528, '2020-04-09', NULL, NULL);
INSERT INTO `order` VALUES (153, '76380 - SOLID', NULL, 'G3-20D057C-3', 'VF', '156863', 'MID BLACK', 396, '2020-04-09', NULL, NULL);
INSERT INTO `order` VALUES (154, '76380 - SOLID', NULL, 'G3-20D057C-4', 'VF', '156863', 'MID BLACK', 664, '2020-04-09', NULL, NULL);
INSERT INTO `order` VALUES (155, '76380 - SOLID', NULL, 'G3-20D058C-1', 'VF', '156864', 'STAR WHITE ', 5616, '2020-04-09', NULL, NULL);
INSERT INTO `order` VALUES (156, '76380 - SOLID', NULL, 'G3-20D058C-2', 'VF', '156864', 'STAR WHITE ', 564, '2020-04-09', NULL, NULL);
INSERT INTO `order` VALUES (157, '76380 - SOLID', NULL, 'G3-20D058C-3', 'VF', '156864', 'STAR WHITE ', 216, '2020-04-09', NULL, NULL);
INSERT INTO `order` VALUES (158, '76380 - SOLID', NULL, 'G3-20D059C-1', 'VF', '156866', 'STAR WHITE ', 5616, '2020-04-09', NULL, NULL);
INSERT INTO `order` VALUES (159, '76380 - SOLID', NULL, 'G3-20D059C-2', 'VF', '156866', 'STAR WHITE ', 564, '2020-04-09', NULL, NULL);
INSERT INTO `order` VALUES (160, '76380 - SOLID', NULL, 'G3-20D059C-3', 'VF', '156866', 'STAR WHITE ', 216, '2020-04-09', NULL, NULL);
INSERT INTO `order` VALUES (161, '76380 - SOLID', NULL, 'G3-20D060C-1', 'VF', '156869', 'DAMASK NEUTRAL', 276, '2020-04-09', NULL, NULL);
INSERT INTO `order` VALUES (162, '76380 - SOLID', NULL, 'G3-20D060C-2', 'VF', '156869', 'DAMASK NEUTRAL', 6288, '2020-04-09', NULL, NULL);
INSERT INTO `order` VALUES (163, '76380 - SOLID', NULL, 'G3-20D060C-3', 'VF', '156869', 'DAMASK NEUTRAL', 552, '2020-04-09', NULL, NULL);
INSERT INTO `order` VALUES (164, '76380 - SOLID', NULL, 'G3-20D060C-4', 'VF', '156869', 'DAMASK NEUTRAL', 228, '2020-04-09', NULL, NULL);
INSERT INTO `order` VALUES (165, '76380 - SOLID', NULL, 'G3-20D061C-1', 'VF', '156870', 'DAMASK NEUTRAL', 276, '2020-04-09', NULL, NULL);
INSERT INTO `order` VALUES (166, '76380 - SOLID', NULL, 'G3-20D061C-2', 'VF', '156870', 'DAMASK NEUTRAL', 6288, '2020-04-09', NULL, NULL);
INSERT INTO `order` VALUES (167, '76380 - SOLID', NULL, 'G3-20D061C-3', 'VF', '156870', 'DAMASK NEUTRAL', 552, '2020-04-09', NULL, NULL);
INSERT INTO `order` VALUES (168, '76380 - SOLID', NULL, 'G3-20D061C-4', 'VF', '156870', 'DAMASK NEUTRAL', 228, '2020-04-09', NULL, NULL);
INSERT INTO `order` VALUES (169, '75335 (08899)', NULL, 'G3-20B049A-1', 'VF', '153755', 'SHEER QUARTZ ', 4644, '2020-02-13', NULL, NULL);
INSERT INTO `order` VALUES (170, '75335 (08899)', NULL, 'G3-20B049A-2', 'VF', '153755', 'SHEER QUARTZ ', 3504, '2020-02-13', NULL, NULL);
INSERT INTO `order` VALUES (171, '75335 (08899)', NULL, 'G3-20A063A', 'VF', '154522', 'MID BLACK ', 3600, '2020-01-23', NULL, NULL);
INSERT INTO `order` VALUES (172, '75335 (08899)', NULL, 'G3-20B020A-1', 'VF', '153746', 'MID BLACK ', 5796, '2020-02-13', NULL, NULL);
INSERT INTO `order` VALUES (173, '75335 (08899)', NULL, 'G3-20B020A-2', 'VF', '153746', 'MID BLACK ', 5832, '2020-02-13', NULL, NULL);
INSERT INTO `order` VALUES (174, '75335 (08899)', NULL, 'G3-20B051A', 'VF', '154524', 'MID BLACK ', 3600, '2020-02-06', NULL, NULL);
INSERT INTO `order` VALUES (175, '75335 (08899)', NULL, 'G3-20B022A-1', 'VF', '153751', 'DAMASK NEUTRAL', 8832, '2020-02-13', NULL, NULL);
INSERT INTO `order` VALUES (176, '75335 (08899)', NULL, 'G3-20B022A-2', 'VF', '153751', 'DAMASK NEUTRAL', 8040, '2020-02-13', NULL, NULL);
INSERT INTO `order` VALUES (177, '75335 (08899)', NULL, 'G3-20C043B-1', 'VF', '153783', 'SHEER QUARTZ ', 2424, '2020-03-12', NULL, NULL);
INSERT INTO `order` VALUES (178, '75335 (08899)', NULL, 'G3-20C043B-2', 'VF', '153783', 'SHEER QUARTZ ', 1704, '2020-03-12', NULL, NULL);
INSERT INTO `order` VALUES (179, '75335 (08899)', NULL, 'G3-20C017B-1', 'VF', '153780', 'MID BLACK ', 2232, '2020-03-12', NULL, NULL);
INSERT INTO `order` VALUES (180, '75335 (08899)', NULL, 'G3-20C017B-2', 'VF', '153780', 'MID BLACK ', 2712, '2020-03-12', NULL, NULL);
INSERT INTO `order` VALUES (181, '75335 (08899)', NULL, 'G3-20D009C-1', 'VF', '156545', 'MID BLACK ', 1728, '2020-04-09', NULL, NULL);
INSERT INTO `order` VALUES (182, '75335 (08899)', NULL, 'G3-20D009C-2', 'VF', '156545', 'MID BLACK ', 2220, '2020-04-09', NULL, NULL);
INSERT INTO `order` VALUES (183, '75335 (08899)', NULL, 'G3-20C018B-1', 'VF', '153781', 'STAR WHITE', 3288, '2020-03-12', NULL, NULL);
INSERT INTO `order` VALUES (184, '75335 (08899)', NULL, 'G3-20C018B-2', 'VF', '153781', 'STAR WHITE', 2448, '2020-03-12', NULL, NULL);
INSERT INTO `order` VALUES (185, '75335 (08899)', NULL, 'G3-20D010C-1', 'VF', '156548', 'STAR WHITE', 2520, '2020-04-09', NULL, NULL);
INSERT INTO `order` VALUES (186, '75335 (08899)', NULL, 'G3-20D010C-2', 'VF', '156548', 'STAR WHITE', 1332, '2020-04-09', NULL, NULL);
INSERT INTO `order` VALUES (187, '75335 (08899)', NULL, 'G3-20C019B-1', 'VF', '153782', 'DAMASK NEUTRAL', 4176, '2020-03-12', NULL, NULL);
INSERT INTO `order` VALUES (188, '75335 (08899)', NULL, 'G3-20C019B-2', 'VF', '153782', 'DAMASK NEUTRAL', 4128, '2020-03-12', NULL, NULL);
INSERT INTO `order` VALUES (189, '75335 (08899)', NULL, 'G3-20D011C-1', 'VF', '156643', 'DAMASK NEUTRAL ', 1824, '2020-04-09', NULL, NULL);
INSERT INTO `order` VALUES (190, '75335 (08899)', NULL, 'G3-20D011C-2', 'VF', '156643', 'DAMASK NEUTRAL ', 1872, '2020-04-09', NULL, NULL);
INSERT INTO `order` VALUES (191, '75335 (08899)', NULL, 'G3-20D063C-1', 'VF', '158374', 'SANGRIA', 7023, '2020-04-09', NULL, NULL);
INSERT INTO `order` VALUES (192, '75335 (08899)', NULL, 'G3-20D063C-2', 'VF', '158374', 'SANGRIA', 3590, '2020-04-09', NULL, NULL);
INSERT INTO `order` VALUES (193, '75335 (08899)', NULL, 'G3-20D090D', NULL, '163785', 'MID BLACK ', 1800, '2020-04-30', NULL, NULL);
INSERT INTO `order` VALUES (194, '75335 (08899)', NULL, 'G3-20D091D', NULL, '163787', 'DAMASK NEUTRAL', 1800, '2020-04-30', NULL, NULL);
INSERT INTO `order` VALUES (195, '75335 (08899)', NULL, 'G3-20E025D-1', 'VF', '161754', 'IVORY', 1800, '2020-05-14', NULL, NULL);
INSERT INTO `order` VALUES (196, '75335 (08899)', NULL, 'G3-20E025D-2', 'VF', '161754', 'IVORY', 1836, '2020-05-14', NULL, NULL);
INSERT INTO `order` VALUES (197, '75335 (08899)', NULL, 'G3-20E007D-1', 'VF', '161757', 'MID BLACK ', 1164, '2020-05-14', NULL, NULL);
INSERT INTO `order` VALUES (198, '75335 (08899)', NULL, 'G3-20E007D-2', 'VF', '161757', 'MID BLACK ', 2484, '2020-05-14', NULL, NULL);
INSERT INTO `order` VALUES (199, '75335 (08899)', NULL, 'G3-20E008D-1', 'VF', '141758', 'STAR WHITE', 2460, '2020-05-14', NULL, NULL);
INSERT INTO `order` VALUES (200, '75335 (08899)', NULL, 'G3-20E008D-2', 'VF', '141758', 'STAR WHITE', 1248, '2020-05-14', NULL, NULL);
INSERT INTO `order` VALUES (201, '1900865 (75298) JACQUARD', NULL, 'G3-20D077C', 'VF', 'TBA', 'QUARTZ JACQUARD', 7310, '1900-01-03', NULL, NULL);
INSERT INTO `order` VALUES (202, '1900865 (75298) JACQUARD', NULL, 'G3-20D076C', 'VF', 'TBA', 'BLUE NOTE JACQUARD', 9570, '1900-01-03', NULL, NULL);
INSERT INTO `order` VALUES (203, '2131101 (JACQ)', NULL, 'G3-20A037L', 'VF', '-', 'BLACK', 4176, '2020-01-24', NULL, NULL);
INSERT INTO `order` VALUES (204, '2131101 (JACQUARD)', NULL, 'G3-20B032A-1', 'VF', '152670', 'BLACK', 4248, '2020-02-13', NULL, NULL);
INSERT INTO `order` VALUES (205, '2131101 (JACQUARD)', NULL, 'G3-20B032A-2', 'VF', '152670', 'BLACK', 108, '2020-02-13', NULL, NULL);
INSERT INTO `order` VALUES (206, '2131101 (JACQUARD) DOT PRINT', NULL, 'G3-20B041A', 'VF', '152322', 'PREMIERE DOT PRINT', 17029, '2020-02-13', NULL, NULL);
INSERT INTO `order` VALUES (207, '2131101 (JACQUARD)', NULL, 'G3-20C034B-1', 'VF', '153456', 'BARELY BEIGE', 5940, '2020-03-12', NULL, NULL);
INSERT INTO `order` VALUES (208, '2131101 (JACQUARD)', NULL, 'G3-20C034B-2', 'VF', '153456', 'BARELY BEIGE', 72, '2020-03-12', NULL, NULL);
INSERT INTO `order` VALUES (209, '2131101 (JACQUARD)', NULL, 'G3-20C035B', 'VF', '153457', 'SWEET CREAM', 5220, '2020-03-12', NULL, NULL);
INSERT INTO `order` VALUES (210, '2131101 (JACQUARD)', NULL, 'G3-20C037B', 'VF', '153460', 'WHITE', 6516, '2020-03-12', NULL, NULL);
INSERT INTO `order` VALUES (211, '2131101 (JACQUARD)', NULL, 'G3-20C036B-1', 'VF', '153459', 'BLACK', 3492, '2020-03-12', NULL, NULL);
INSERT INTO `order` VALUES (212, '2131101 (JACQUARD)', NULL, 'G3-20C036B-2', 'VF', '153459', 'BLACK', 108, '2020-03-12', NULL, NULL);
INSERT INTO `order` VALUES (213, '2131101 (JACQUARD)', NULL, 'G3-20D043C-1', 'VF', '-', 'BARELY BEIGE', 5688, '2020-04-09', NULL, NULL);
INSERT INTO `order` VALUES (214, '2131101 (JACQUARD)', NULL, 'G3-20D043C-2', 'VF', '-', 'BARELY BEIGE', 36, '2020-04-09', NULL, NULL);
INSERT INTO `order` VALUES (215, '2131101 (JACQUARD)', NULL, 'G3-20D044C', 'VF', '-', 'WHITE', 3852, '2020-04-09', NULL, NULL);
INSERT INTO `order` VALUES (216, '3476571 (23002)/5304570', NULL, 'G3-20B015A-2', 'VF', '152671', 'HONEY BEIGE', 9828, '2020-02-13', NULL, NULL);
INSERT INTO `order` VALUES (217, '3476571 (23002)/5304570', NULL, 'G3-20B015A-3', 'VF', '152671', 'HONEY BEIGE', 864, '2020-02-13', NULL, NULL);
INSERT INTO `order` VALUES (218, '3476571 (23002)/5304570', NULL, 'G3-20B014A-1', 'VF', '152669', 'STAR WHITE', 6444, '2020-02-13', NULL, NULL);
INSERT INTO `order` VALUES (219, '3476571 (23002)/5304570', NULL, 'G3-20B014A-2', 'VF', '152669', 'STAR WHITE', 16992, '2020-02-13', NULL, NULL);
INSERT INTO `order` VALUES (220, '3476571 (23002)/5304570', NULL, 'G3-20B014A-3', 'VF', '152669', 'STAR WHITE', 1656, '2020-02-13', NULL, NULL);
INSERT INTO `order` VALUES (221, '3476571 (23002)/5304570', NULL, 'G3-20B013A-1', 'VF', '152665', 'MID BLACK', 720, '2020-02-13', NULL, NULL);
INSERT INTO `order` VALUES (222, '3476571 (23002)/5304570', NULL, 'G3-20B013A-2', 'VF', '152665', 'MID BLACK', 6192, '2020-02-13', NULL, NULL);
INSERT INTO `order` VALUES (223, '3476571 (23002)/5304570', NULL, 'G3-20C048B-1', 'VF', '156129', 'MID BLACK', 3960, '2020-03-12', NULL, NULL);
INSERT INTO `order` VALUES (224, '3476571 (23002)/5304570', NULL, 'G3-20C048B-2', 'VF', '156129', 'MID BLACK', 12330, '2020-03-12', NULL, NULL);
INSERT INTO `order` VALUES (225, '3476571 (23002)/5304570', NULL, 'G3-20C048B-3', 'VF', '156129', 'MID BLACK', 1410, '2020-03-12', NULL, NULL);
INSERT INTO `order` VALUES (226, '3476571 (23002)/5304570', NULL, 'G3-20C049B-1', 'VF', '156130', 'STAR WHITE', 2640, '2020-03-12', NULL, NULL);
INSERT INTO `order` VALUES (227, '3476571 (23002)/5304570', NULL, 'G3-20C049B-2', 'VF', '156130', 'STAR WHITE', 7920, '2020-03-12', NULL, NULL);
INSERT INTO `order` VALUES (228, '3476571 (23002)/5304570', NULL, 'G3-20C049B-3', 'VF', '156130', 'STAR WHITE', 1590, '2020-03-12', NULL, NULL);
INSERT INTO `order` VALUES (229, '3476571 (23002)/5304570', NULL, 'G3-20C050B-1', 'VF', '156135', 'HONEY BEIGE', 3690, '2020-03-12', NULL, NULL);
INSERT INTO `order` VALUES (230, '3476571 (23002)/5304570', NULL, 'G3-20C050B-2', 'VF', '156135', 'HONEY BEIGE', 9570, '2020-03-12', NULL, NULL);
INSERT INTO `order` VALUES (231, '3476571 (23002)/5304570', NULL, 'G3-20C050B-3', 'VF', '156135', 'HONEY BEIGE', 900, '2020-03-12', NULL, NULL);
INSERT INTO `order` VALUES (232, '3476571 (5304570)', NULL, 'G3-20C057B-1', 'VF', '156738', 'MID BLACK', 1560, '2020-03-12', NULL, NULL);
INSERT INTO `order` VALUES (233, '3476571 (5304570)', NULL, 'G3-20C057B-2', 'VF', '156738', 'MID BLACK', 4110, '2020-03-12', NULL, NULL);
INSERT INTO `order` VALUES (234, '3476571 (5304570)', NULL, 'G3-20C057B-3', 'VF', '156738', 'MID BLACK', 870, '2020-03-12', NULL, NULL);
INSERT INTO `order` VALUES (235, '3476571 (5304570)', NULL, 'G3-20C058B-1', 'VF', '156741', 'STAR WHITE', 2820, '2020-03-12', NULL, NULL);
INSERT INTO `order` VALUES (236, '3476571 (5304570)', NULL, 'G3-20C058B-2', 'VF', '156741', 'STAR WHITE', 6060, '2020-03-12', NULL, NULL);
INSERT INTO `order` VALUES (237, '3476571 (5304570)', NULL, 'G3-20C058B-3', 'VF', '156741', 'STAR WHITE', 570, '2020-03-12', NULL, NULL);
INSERT INTO `order` VALUES (238, '3476571 (5304570)', NULL, 'G3-20C059B-1', 'VF', '156743', 'HONEY BEIGE', 1860, '2020-03-12', NULL, NULL);
INSERT INTO `order` VALUES (239, '3476571 (5304570)', NULL, 'G3-20C059B-2', 'VF', '156743', 'HONEY BEIGE', 3810, '2020-03-12', NULL, NULL);
INSERT INTO `order` VALUES (240, '3476571 (5304570)', NULL, 'G3-20C059B-3', 'VF', '156743', 'HONEY BEIGE', 360, '2020-03-12', NULL, NULL);
INSERT INTO `order` VALUES (241, '3472389', NULL, 'G3-20B024A-1', 'VF', '152688', 'STAR WHITE ', 13284, '2020-02-13', NULL, NULL);
INSERT INTO `order` VALUES (242, '3472389', NULL, 'G3-20B024A-2', 'VF', '152688', 'STAR WHITE ', 4032, '2020-02-13', NULL, NULL);
INSERT INTO `order` VALUES (243, '3472389', NULL, 'G3-20B023A-1', 'VF', '152683', 'MID BLACK', 5508, '2020-02-13', NULL, NULL);
INSERT INTO `order` VALUES (244, '3472389', NULL, 'G3-20B023A-2', 'VF', '152683', 'MID BLACK', 2088, '2020-02-13', NULL, NULL);
INSERT INTO `order` VALUES (245, '3472389', NULL, 'G3-20C020B-1', 'VF', '152712', 'MID BLACK', 2808, '2020-03-12', NULL, NULL);
INSERT INTO `order` VALUES (246, '3472389', NULL, 'G3-20C020B-2', 'VF', '152712', 'MID BLACK', 1044, '2020-03-12', NULL, NULL);
INSERT INTO `order` VALUES (247, '3472389', NULL, 'G3-20B027A-1', 'VF', '152691', 'SHEER QUARTZ ', 14760, '2020-02-13', NULL, NULL);
INSERT INTO `order` VALUES (248, '3472389', NULL, 'G3-20B027A-2', 'VF', '152691', 'SHEER QUARTZ ', 4356, '2020-02-13', NULL, NULL);
INSERT INTO `order` VALUES (249, '3472389', NULL, 'G3-20C026B-1', 'VF', '152715', 'SHEER QUARTZ ', 7380, '2020-03-12', NULL, NULL);
INSERT INTO `order` VALUES (250, '3472389', NULL, 'G3-20C026B-2', 'VF', '152715', 'SHEER QUARTZ ', 2160, '2020-03-12', NULL, NULL);
INSERT INTO `order` VALUES (251, '3472389', NULL, 'G3-20C021B-2', 'VF', '152714', 'STAR WHITE ', 2016, '2020-03-12', NULL, NULL);
INSERT INTO `order` VALUES (252, '3472389', NULL, 'G3-20C021B-1', 'VF', '152714', 'STAR WHITE ', 6624, '2020-03-12', NULL, NULL);
INSERT INTO `order` VALUES (253, '3472389', NULL, 'G3-20C056B-1', 'VF', '156737', 'STAR WHITE ', 2684, '2020-03-12', NULL, NULL);
INSERT INTO `order` VALUES (254, '3472389', NULL, 'G3-20C056B-2', 'VF', '156737', 'STAR WHITE ', 945, '2020-03-12', NULL, NULL);
INSERT INTO `order` VALUES (255, '3472389', NULL, 'G3-20D017C-1', 'VF', '-', 'STAR WHITE ', 6349, '2020-04-09', NULL, NULL);
INSERT INTO `order` VALUES (256, '3472389', NULL, 'G3-20D017C-2', 'VF', '-', 'STAR WHITE ', 2562, '2020-04-09', NULL, NULL);
INSERT INTO `order` VALUES (257, '3472389', NULL, 'G3-20D016C-1', 'VF', '-', 'MID BLACK', 2783, '2020-04-09', NULL, NULL);
INSERT INTO `order` VALUES (258, '3472389', NULL, 'G3-20D016C-2', 'VF', '-', 'MID BLACK', 855, '2020-04-09', NULL, NULL);
INSERT INTO `order` VALUES (259, '3472389', NULL, 'G3-20D018C-1', 'VF', '-', 'SHEER QUARTZ ', 7557, '2020-04-09', NULL, NULL);
INSERT INTO `order` VALUES (260, '3472389', NULL, 'G3-20D018C-2', 'VF', '-', 'SHEER QUARTZ ', 1881, '2020-04-09', NULL, NULL);
INSERT INTO `order` VALUES (261, '3472389', NULL, 'G3-20E016D-1', 'VF', 'TBA', 'MID BLACK ', 2545, '2020-05-14', NULL, NULL);
INSERT INTO `order` VALUES (262, '3472389', NULL, 'G3-20E016D-2', 'VF', 'TBA', 'MID BLACK ', 1512, '2020-05-14', NULL, NULL);
INSERT INTO `order` VALUES (263, '3472389', NULL, 'G3-20E017D-1', 'VF', 'TBA', 'STAR WHITE ', 5506, '2020-05-14', NULL, NULL);
INSERT INTO `order` VALUES (264, '3472389', NULL, 'G3-20E017D-2', 'VF', 'TBA', 'STAR WHITE ', 2001, '2020-05-14', NULL, NULL);
INSERT INTO `order` VALUES (265, '3472389', NULL, 'G3-20E018D-1', 'VF', 'TBA', 'SHEER QUARTZ ', 7409, '2020-05-14', NULL, NULL);
INSERT INTO `order` VALUES (266, '3472389', NULL, 'G3-20E018D-2', 'VF', 'TBA', 'SHEER QUARTZ ', 3018, '2020-05-14', NULL, NULL);
INSERT INTO `order` VALUES (267, '75345 SOLID', NULL, 'G3-20A054L -1', 'VF', '149005', 'DAMASK NEUTRAL', 4932, '2020-01-09', NULL, NULL);
INSERT INTO `order` VALUES (268, '75345 SOLID', NULL, 'G3-20B025A', 'VF', '153255', 'STAR WHITE', 3612, '2020-02-13', NULL, NULL);
INSERT INTO `order` VALUES (269, '22045 (71380)', NULL, 'G3-20B037A', 'VF', '153437', 'GHOST NAVY', 4488, '2020-02-13', b'1', '2020-01-10');
INSERT INTO `order` VALUES (270, '22045 (71380)', NULL, 'G3-20C030B', 'VF', '153450', 'GHOST NAVY', 4164, '2020-03-12', NULL, NULL);
INSERT INTO `order` VALUES (271, '75345 SOLID', NULL, 'G3-20C023B', 'VF', '153268', 'STAR WHITE', 10524, '2020-03-12', NULL, NULL);
INSERT INTO `order` VALUES (272, '75345 SOLID', NULL, 'G3-20B026A', 'VF', '153260', 'DAMASK NEUTRAL', 17064, '2020-02-13', NULL, NULL);
INSERT INTO `order` VALUES (273, '75345 SOLID', NULL, 'G3-20C0278', 'VF', '153269', 'DAMASK NEUTRAL', 14016, '2020-03-12', b'1', '2020-01-08');
INSERT INTO `order` VALUES (274, '22045 (71380)', NULL, 'G3-20C005B-1', 'VF', '153452', 'DAMASK NEUTRAL', 23484, '2020-03-12', NULL, NULL);
INSERT INTO `order` VALUES (275, '22045 (71380)', NULL, 'G3-20C005B-2', 'VF', '153452', 'DAMASK NEUTRAL', 2100, '2020-03-12', NULL, NULL);
INSERT INTO `order` VALUES (276, '22045 (71380)', NULL, 'G3-20C032B-1', 'VF', '153453', 'DAMASK NEUTRAL', 23604, '2020-03-12', NULL, NULL);
INSERT INTO `order` VALUES (277, '22045 (71380)', NULL, 'G3-20C032B-2', 'VF', '153453', 'DAMASK NEUTRAL', 2112, '2020-03-12', NULL, NULL);
INSERT INTO `order` VALUES (278, '75345 SOLID', NULL, 'G3-20C022B', 'VF', '153263', 'MID BLACK', 8280, '2020-03-12', NULL, NULL);
INSERT INTO `order` VALUES (279, '75345 SOLID', NULL, 'G3-20C024B', 'VF', '153273', 'CHAMPAGNE', 3600, '2020-03-12', NULL, NULL);
INSERT INTO `order` VALUES (280, '75345 SOLID', NULL, 'G3-20C025B', 'VF', '153274', 'STEELE VIOLET', 3600, '2020-03-12', NULL, NULL);
INSERT INTO `order` VALUES (281, '22045 (71380)', NULL, 'G3-20C033B', 'VF', '133454', 'SHEER QUARTZ', 12816, '2020-03-12', NULL, NULL);
INSERT INTO `order` VALUES (282, '22045 (71380)', NULL, 'G3-20C052B', 'VF', '156709', 'IVORY', 3600, '2020-03-12', NULL, NULL);
INSERT INTO `order` VALUES (283, '22045 (71380)', NULL, 'G3-20D001C', 'VF', '156719', 'IVORY', 3600, '2020-04-09', NULL, NULL);
INSERT INTO `order` VALUES (284, '22045 (71380)', NULL, 'G3-20D066C', 'VF', '159587', 'GHOST NAVY', 4428, '2020-04-09', NULL, NULL);
INSERT INTO `order` VALUES (285, '22045 (71380)', NULL, 'G3-20D067C', 'VF', '159589', 'GHOST NAVY', 4428, '2020-04-09', NULL, NULL);
INSERT INTO `order` VALUES (286, '22045 (71380)', NULL, 'G3-20D005C', 'VF', '156436', 'SHEER QUARTZ', 5376, '2020-04-09', NULL, NULL);
INSERT INTO `order` VALUES (287, '75345 (PRINT)', NULL, 'G3-20E001D', 'VF', '156939', 'MODERN LEOPARD PRINT', 14544, '2020-05-07', NULL, NULL);
INSERT INTO `order` VALUES (288, '1900867 (72298) SOLID', NULL, 'G3-20D078C', 'VF', 'TBA', 'STAR WHITE', 3616, '1900-01-27', NULL, NULL);
INSERT INTO `order` VALUES (289, '1900867 (72298) SOLID', NULL, 'G3-20D079C', 'VF', 'TBA', 'DAMASK NEUTRAL', 3616, '1900-01-27', NULL, NULL);
INSERT INTO `order` VALUES (290, '1900867 (72298) SOLID', NULL, 'G3-20D080C', 'VF', 'TBA', 'SHEER QUARTZ', 7589, '1900-01-27', NULL, NULL);
INSERT INTO `order` VALUES (291, '1900866 (72298) JACQUARD', NULL, 'G3-20D068C', 'VF', 'TBA', 'BLACK JACQUARD', 22023, '2000-01-27', NULL, NULL);
INSERT INTO `order` VALUES (292, '1900866 (72298) JACQUARD', NULL, 'G3-20D069C', 'VF', 'TBA', 'MALIBU MAUVE JACQUARD', 13530, '1900-01-27', NULL, NULL);
INSERT INTO `order` VALUES (293, '1900866 (72298) JACQUARD', NULL, 'G3-20D070C', 'VF', 'TBA', 'NEUTRAL JACQUARD', 25763, '1900-01-27', NULL, NULL);
INSERT INTO `order` VALUES (294, '1900866 (72298) JACQUARD', NULL, 'G3-20D071C', 'VF', 'TBA', 'WHITE JACQUARD', 22491, '1900-01-27', NULL, NULL);
INSERT INTO `order` VALUES (295, '1900866 (72298) JACQUARD', NULL, 'G3-20D072C', 'VF', 'TBA', 'QUARTZ JACQUARD', 15883, '2000-01-27', NULL, NULL);
INSERT INTO `order` VALUES (296, '75345 SOLID', NULL, 'G3-20E026D', 'VF', '161783', 'MID BLACK', 3600, '2020-05-14', NULL, NULL);
INSERT INTO `order` VALUES (297, '75345 SOLID', NULL, 'G3-20E027D', 'VF', '161784', 'CHAMPAGNE', 3600, '2020-05-14', NULL, NULL);
INSERT INTO `order` VALUES (298, '75298 (17592)', NULL, 'G3-20A047L', 'VF', '-', 'HONEY BEIGE', 5292, '2020-01-16', NULL, NULL);
INSERT INTO `order` VALUES (299, '75298 (17592)', NULL, 'G3-20A048L-1', 'VF', '-', 'SHEER QUARTZ ', 5592, '2020-01-24', NULL, NULL);
INSERT INTO `order` VALUES (300, '75298 (17592)', NULL, 'G3-20A048L-2', 'VF', '-', 'SHEER QUARTZ ', 4, '2020-01-24', NULL, NULL);
INSERT INTO `order` VALUES (301, '75298 (17592)', NULL, 'G3-20B043A', 'VF', '153518', 'STAR WHITE', 4584, '2020-02-13', NULL, NULL);
INSERT INTO `order` VALUES (302, '75298 (17592)', NULL, 'G3-20B045A', 'VF', '153524', 'HONEY BEIGE', 5904, '2020-02-13', NULL, NULL);
INSERT INTO `order` VALUES (303, '75298 (17592)', NULL, 'G3-20B042A', 'VF', '153516', 'MID BLACK', 7740, '2020-02-13', NULL, NULL);
INSERT INTO `order` VALUES (304, '75298 (17592)', NULL, 'G3-20B044A', 'VF', '153520', 'DAMASK NEUTRAL ', 3960, '2020-02-13', NULL, NULL);
INSERT INTO `order` VALUES (305, '75298 (17592)', NULL, 'G3-20C040B', 'VF', '153537', 'DAMASK NEUTRAL ', 4164, '2020-03-12', NULL, NULL);
INSERT INTO `order` VALUES (306, '75298 (17592)', NULL, 'G3-20C038B', 'VF', '153534', 'MID BLACK', 4536, '2020-03-12', NULL, NULL);
INSERT INTO `order` VALUES (307, '75298 (17592)', NULL, 'G3-20C039B', 'VF', '153536', 'STAR WHITE', 5328, '2020-03-12', NULL, NULL);
INSERT INTO `order` VALUES (308, '75298 (17592)', NULL, 'G3-20C046B', 'VF', '153538', 'DAMASK NEUTRAL ', 4488, '2020-03-12', NULL, NULL);
INSERT INTO `order` VALUES (309, '75298 (17592)', NULL, 'G3-20C042B', 'VF', '153539', 'SHEER QUARTZ ', 3612, '2020-03-12', NULL, NULL);
INSERT INTO `order` VALUES (310, '75298 (17592)', NULL, 'G3-20C046B', 'VF', '-', 'DAMASK NEUTRAL ', 4488, '2020-03-12', NULL, NULL);
INSERT INTO `order` VALUES (311, '75298 (17592)', NULL, 'G3-20C051B', 'VF', '-', 'DAMASK NEUTRAL ', 6072, '2020-03-12', NULL, NULL);
INSERT INTO `order` VALUES (312, '75298 (17592)', NULL, 'G3-20D065C', 'VF', 'TBA', 'SANGRIA', 14888, '2020-04-09', NULL, NULL);
INSERT INTO `order` VALUES (313, '1900865 (75298) JACQUARD', NULL, 'G3-20D075C', 'VF', 'TBA', 'WHITE JACQUARD', 7592, '1900-01-03', NULL, NULL);
INSERT INTO `order` VALUES (314, '1900865 (75298) JACQUARD', NULL, 'G3-20D073C', 'VF', 'TBA', 'BLACK JACQUARD', 14231, '1900-01-03', NULL, NULL);
INSERT INTO `order` VALUES (315, '1900865 (75298) JACQUARD', NULL, 'G3-20D074C', 'VF', 'TBA', 'NEUTRAL JACQUARD', 11904, '1900-01-03', NULL, NULL);
INSERT INTO `order` VALUES (316, '1801365 (72267)', NULL, 'G3-20A029L', 'VF', '-', 'STAR WHITE', 4824, '2020-01-09', NULL, NULL);
INSERT INTO `order` VALUES (317, '1801365 (72267)', NULL, 'G3-20B031A', 'VF', '152286', 'SHEER QUARTZ', 4584, '2020-02-13', NULL, NULL);
INSERT INTO `order` VALUES (318, '1801365 (72267)', NULL, 'G3-20B028A', 'VF', '152275', 'MID BLACK', 5316, '2020-02-13', NULL, NULL);
INSERT INTO `order` VALUES (319, '1801365 (72267)', NULL, 'G3-20B029A', 'VF', '152282', 'STAR WHITE', 4944, '2020-02-13', NULL, NULL);
INSERT INTO `order` VALUES (320, '1801365 (72267)', NULL, 'G3-20B030A', 'VF', '152284', 'DAMASK NEUTRAL', 5148, '2020-02-13', NULL, NULL);
INSERT INTO `order` VALUES (321, '22068 (71380)', NULL, 'G3-20D047C', 'VF', '156434', 'HONEY BEIGE LACE', 4392, '2020-04-09', NULL, NULL);
INSERT INTO `order` VALUES (322, '315626_1910 _B', NULL, 'G3-20D023C', 'LIDL', 'CB3_ROTTERDAM_AP', 'PURPLE', 1880, '2020-04-03', NULL, NULL);
INSERT INTO `order` VALUES (323, '315626_1910 _B', NULL, 'G3-20D026C', 'LIDL', 'CB4_KOPER_AP', 'PURPLE', 450, '2020-04-03', NULL, NULL);
INSERT INTO `order` VALUES (324, '315626_1910 _B', NULL, 'G3-20D032C', 'LIDL', 'CB5_BARCELONA_SP', 'PURPLE', 240, '2020-04-03', NULL, NULL);
INSERT INTO `order` VALUES (325, '315626_1910 _C', NULL, 'G3-20D024C', 'LIDL', 'CB3_ROTTERDAM_AP', 'CORAL', 1880, '2020-04-03', NULL, NULL);
INSERT INTO `order` VALUES (326, '315626_1910 _C', NULL, 'G3-20D027C', 'LIDL', 'CB4_KOPER_AP', 'CORAL', 450, '2020-04-03', NULL, NULL);
INSERT INTO `order` VALUES (327, '315626_1910 _C', NULL, 'G3-20D030C', 'LIDL', 'CB5_BARCELONA_AP', 'CORAL', 11100, '2020-04-03', NULL, NULL);
INSERT INTO `order` VALUES (328, '315626_1910 _C', NULL, 'G3-20D033C', 'LIDL', 'CB5_BARCELONA_SP', 'CORAL', 240, '2020-04-03', NULL, NULL);
INSERT INTO `order` VALUES (329, '315626_1910 _A', NULL, 'G3-20D022C', 'LIDL', 'CB3_ROTTERDAM_AP', 'BLACK', 2256, '2020-04-03', NULL, NULL);
INSERT INTO `order` VALUES (330, '315626_1910 _A', NULL, 'G3-20D025C', 'LIDL', 'CB4_KOPER_AP', 'BLACK', 540, '2020-04-03', NULL, NULL);
INSERT INTO `order` VALUES (331, '315626_1910 _A', NULL, 'G3-20D028C', 'LIDL', 'CB5_BARCELONA_AP', 'BLACK', 13320, '2020-04-03', NULL, NULL);
INSERT INTO `order` VALUES (332, '315626_1910 _A', NULL, 'G3-20D031C', 'LIDL', 'CB5_BARCELONA_SP', 'BLACK', 288, '2020-04-03', NULL, NULL);
INSERT INTO `order` VALUES (333, '315626_1910 _A', NULL, 'G3-20D034C', 'LIDL', 'CB6_ROTTERDAM _AP', 'BLACK', 5848, '2020-04-03', NULL, NULL);
INSERT INTO `order` VALUES (334, '315626_1910 _A', NULL, 'G3-20D037C', 'LIDL', 'CB7_KOPER_AP', 'BLACK', 2268, '2020-04-03', NULL, NULL);
INSERT INTO `order` VALUES (335, '315626_1910 _A', NULL, 'G3-20D040C', 'LIDL', 'CB8_ROTTERDAM _SP', 'BLACK', 1808, '2020-04-03', NULL, NULL);
INSERT INTO `order` VALUES (336, '315626_1910 _B', NULL, 'G3-20D035C', 'LIDL', 'CB6_ROTTERDAM _AP', 'PURPLE', 2315, '2020-04-03', NULL, NULL);
INSERT INTO `order` VALUES (337, '315626_1910 _B', NULL, 'G3-20D038C', 'LIDL', 'CB7_KOPER_AP', 'PURPLE', 1890, '2020-04-03', NULL, NULL);
INSERT INTO `order` VALUES (338, '315626_1910 _B', NULL, 'G3-20D041C', 'LIDL', 'CB8_ROTTERDAM _SP', 'PURPLE', 1280, '2020-04-03', NULL, NULL);
INSERT INTO `order` VALUES (339, '315626_1910 _C', NULL, 'G3-20D036C', 'LIDL', 'CB6_ROTTERDAM _AP', 'CORAL', 4771, '2020-04-03', NULL, NULL);
INSERT INTO `order` VALUES (340, '315626_1910 _C', NULL, 'G3-20D039C', 'LIDL', 'CB7_KOPER_AP', 'CORAL', 1890, '2020-04-03', NULL, NULL);
INSERT INTO `order` VALUES (341, '315626_1910 _C', NULL, 'G3-20D042C', 'LIDL', 'CB8_ROTTERDAM _SP', 'CORAL', 1280, '2020-04-03', NULL, NULL);
INSERT INTO `order` VALUES (342, '22068 (71380)', NULL, 'G3-20E021D', 'VF', '161695', 'HONEY BEIGE LACE', 3600, '2020-05-14', NULL, NULL);
INSERT INTO `order` VALUES (343, '22068 (71380)', NULL, 'G3-20E022D', 'VF', '161699', 'COCONUT WHITE LACE', 3600, '2020-05-14', NULL, NULL);
INSERT INTO `order` VALUES (344, 'FI4BAC2041F - CGY', NULL, 'FILA-19L001', 'FILA', '2nd Contract ( 2-2)', 'CGY', 6000, '2020-01-10', NULL, NULL);
INSERT INTO `order` VALUES (345, 'FI4BAC2041F - DRD', NULL, 'FILA-19L002', 'FILA', '2nd Contract ( 2-2)', 'DRD', 4000, '2020-01-10', NULL, NULL);
INSERT INTO `order` VALUES (346, 'FV4BAC2041F - INA', NULL, 'FILA-19L004', 'FILA', '2nd Contract ( 2-2)', 'INA ', 1000, '2020-01-10', NULL, NULL);
INSERT INTO `order` VALUES (347, 'FV4BAC2041F - OED', NULL, 'FILA-19L005', 'FILA', '2nd Contract ( 2-2)', 'OED', 1000, '2020-01-10', NULL, NULL);
INSERT INTO `order` VALUES (348, 'FV4BAC2041F - CGY', NULL, 'FILA-19L006', 'FILA', '2nd Contract ( 2-2)', 'CGY ', 1500, '2020-01-10', NULL, NULL);
INSERT INTO `order` VALUES (349, 'FV4DRC2041F -  PANTY', NULL, 'FILA-19L025', 'FILA', '2nd Contract (2-2)', 'CGY', 1250, '2020-01-10', NULL, NULL);
INSERT INTO `order` VALUES (350, 'FI4BFC2041F -  PANTY', NULL, 'FILA-19L015', 'FILA', '2nd Contract (2-2)', 'DRD', 2600, '2020-01-10', NULL, NULL);
INSERT INTO `order` VALUES (351, 'FV4BFC2041F -  PANTY', NULL, 'FILA-19L018', 'FILA', '2nd Contract (2-2)', 'OED', 700, '2020-01-10', NULL, NULL);
INSERT INTO `order` VALUES (352, 'FI4BFC2041F -  PANTY', NULL, 'FILA-19L016', 'FILA', '2nd Contract (2-2)', 'INA ', 3200, '2020-01-10', NULL, NULL);
INSERT INTO `order` VALUES (353, 'FV4BFC2041F -  PANTY', NULL, 'FILA-19L017', 'FILA', '2nd Contract (2-2)', 'INA', 700, '2020-01-10', NULL, NULL);
INSERT INTO `order` VALUES (354, 'FI4BFC2041F -  PANTY', NULL, 'FILA-19L014', 'FILA', '2nd Contract (2-2)', 'CGY', 3900, '2020-01-10', NULL, NULL);
INSERT INTO `order` VALUES (355, 'FV4BFC2041F -  PANTY', NULL, 'FILA-19L019', 'FILA', '2nd Contract (2-2)', 'CGY', 1000, '2020-01-10', NULL, NULL);
INSERT INTO `order` VALUES (356, '619210', NULL, 'G1-20B015A-1', 'WOLF', '-', 'WHITE/LILAC', 8745, '2020-02-14', NULL, NULL);
INSERT INTO `order` VALUES (357, '61564', NULL, 'G1-20B021A-1', 'WOLF', '-', 'SKY BLUE', 2145, '2020-02-14', NULL, NULL);
INSERT INTO `order` VALUES (358, '61564', NULL, 'G1-20B022A-1', 'WOLF', '-', 'TURQUOISE (BLUE BIRD)', 2673, '2020-02-14', NULL, NULL);
INSERT INTO `order` VALUES (359, '61564', NULL, 'G1-20B023A-1', 'WOLF', '-', 'FIERY RED', 1914, '2020-02-14', NULL, NULL);
INSERT INTO `order` VALUES (360, '61564', NULL, 'G1-20B024A-1', 'WOLF', '-', 'SALMON BUFF', 1740, '2020-02-14', NULL, NULL);
INSERT INTO `order` VALUES (361, '61564', NULL, 'G1-20B035A', 'WOLF', 'WF20-0031', 'BLACK', 4140, '2020-02-07', NULL, NULL);
INSERT INTO `order` VALUES (362, '61564', NULL, 'G1-20B037A', 'WOLF', 'WF20-0031', 'SKIN', 1620, '2020-02-07', NULL, NULL);
INSERT INTO `order` VALUES (363, '61564', NULL, 'G1-20B036A', 'WOLF', 'WF20-0031', 'WHITE', 9000, '2020-02-07', NULL, NULL);
INSERT INTO `order` VALUES (364, '61564', NULL, 'G1-20C017B-1', 'WOLF', '-', 'PLUM PERFECT', 5880, '2020-03-06', NULL, NULL);
INSERT INTO `order` VALUES (365, '61564', NULL, 'G1-20C017B-2', 'WOLF', '-', 'PLUM PERFECT', 15, '2020-03-06', NULL, NULL);
INSERT INTO `order` VALUES (366, '61564', NULL, 'G1-20C018B-1', 'WOLF', '-', 'GINGER SPICE', 5298, '2020-03-06', NULL, NULL);
INSERT INTO `order` VALUES (367, '61564', NULL, 'G1-20C018B-2', 'WOLF', '-', 'GINGER SPICE', 15, '2020-03-06', NULL, NULL);
INSERT INTO `order` VALUES (368, '61564', NULL, 'G1-20C024B ', 'WOLF', '-', 'PLUM PERFECT', 864, '2020-03-06', NULL, NULL);
INSERT INTO `order` VALUES (369, '61564', NULL, 'G1-20C025B', 'WOLF', '-', 'GINGER SPICE', 1152, '2020-03-06', NULL, NULL);
INSERT INTO `order` VALUES (370, '31564', NULL, 'PLUM PERFECT', 'WOLF', '-', 'PLUM PERFECT', 1500, '2020-03-06', NULL, NULL);
INSERT INTO `order` VALUES (371, '31564', NULL, 'GINGER SPICE', 'WOLF', '-', 'GINGER SPICE', 1500, '2020-03-06', NULL, NULL);
INSERT INTO `order` VALUES (372, '31564', NULL, 'G1-20C054C', 'WOLF', '-', 'SKIN', 1500, '2020-03-20', NULL, NULL);
INSERT INTO `order` VALUES (373, '20564', NULL, 'G1-20C055C', 'WOLF', '-', 'BLACK', 1500, '2020-03-20', NULL, NULL);
INSERT INTO `order` VALUES (374, '61564', NULL, 'G1-20C052C', 'WOLF', '-', 'BLACK', 3000, '2020-03-20', NULL, NULL);
INSERT INTO `order` VALUES (375, '61564', NULL, 'G1-20C053C', 'WOLF', '-', 'WHITE', 3000, '2020-03-20', NULL, NULL);
INSERT INTO `order` VALUES (376, '61564', NULL, 'G1-20D016D-1', 'WOLF', '-', 'DARK SLATE', 10810, '2020-04-24', NULL, NULL);
INSERT INTO `order` VALUES (377, '61564', NULL, 'G1-20D017D-1', 'WOLF', '-', 'PERSIAN RED', 7990, '2020-04-24', NULL, NULL);
INSERT INTO `order` VALUES (378, '61564', NULL, 'G1-20D018D-1', 'WOLF', '-', 'TOBACCO BROWN', 8930, '2020-04-24', NULL, NULL);
INSERT INTO `order` VALUES (379, '61564', NULL, 'G1-20D021D-1', 'WOLF', '-', 'DUSTY OLIVE', 1500, '2020-04-17', NULL, NULL);
INSERT INTO `order` VALUES (380, '61564', NULL, 'G1-20D004C-1', 'WOLF', '-', 'WHITE', 2010, '2020-04-10', NULL, NULL);
INSERT INTO `order` VALUES (381, '61564', NULL, 'G1-20D005C-1', 'WOLF', '-', 'BLACK', 2010, '2020-04-10', NULL, NULL);
INSERT INTO `order` VALUES (382, '61564', NULL, 'G1-20D006C-1', 'WOLF', '-', 'SKIN', 2010, '2020-04-10', NULL, NULL);
INSERT INTO `order` VALUES (383, '31564', NULL, 'G1-20D022D-1', 'WOLF', '-', 'DUSTY OLIVE', 1500, '2020-04-17', NULL, NULL);
INSERT INTO `order` VALUES (384, '31564', NULL, 'G1-20D030D', 'WOLF', '-', 'BLACK', 3000, '2020-04-20', NULL, NULL);
INSERT INTO `order` VALUES (385, '66564', NULL, 'G1-20B025A-1', 'WOLF', '-', 'SKY BLUE', 1950, '2020-02-14', NULL, NULL);
INSERT INTO `order` VALUES (386, '66564', NULL, 'G1-20B026A-1', 'WOLF', '-', 'TURQUOISE (BLUE BIRD)', 2430, '2020-02-14', NULL, NULL);
INSERT INTO `order` VALUES (387, '66564', NULL, 'G1-20B027A-1', 'WOLF', '-', 'FIERY RED', 1740, '2020-02-14', NULL, NULL);
INSERT INTO `order` VALUES (388, '66564', NULL, 'G1-20B028A-1', 'WOLF', '-', 'SALMON BUFF', 1565, '2020-02-14', NULL, NULL);
INSERT INTO `order` VALUES (389, '66564', NULL, 'G1-20B032A', 'WOLF', 'WF20-0031', 'BLACK', 2010, '2020-02-07', NULL, NULL);
INSERT INTO `order` VALUES (390, '66564', NULL, 'G1-20B033A', 'WOLF', 'WF20-0031', 'WHITE', 5010, '2020-02-07', NULL, NULL);
INSERT INTO `order` VALUES (391, '66564', NULL, 'G1-20B034A', 'WOLF', 'WF20-0031', 'SKIN', 2010, '2020-02-07', NULL, NULL);
INSERT INTO `order` VALUES (392, '66564', NULL, 'PLUM PERFECT', 'WOLF', '-', 'PLUM PERFECT', 5340, '2020-03-06', NULL, NULL);
INSERT INTO `order` VALUES (393, '66564', NULL, 'G1-20C020B', 'WOLF', '-', 'GINGER SPICE', 4782, '2020-03-06', NULL, NULL);
INSERT INTO `order` VALUES (394, '66564', NULL, 'PLUM PERFECT', 'WOLF', '-', 'PLUM PERFECT', 756, '2020-03-06', NULL, NULL);
INSERT INTO `order` VALUES (395, '66564', NULL, 'G1-20C027B', 'WOLF', '-', 'GINGER SPICE', 1008, '2020-03-06', NULL, NULL);
INSERT INTO `order` VALUES (396, '66564', NULL, 'G1-20C050C', 'WOLF', '-', 'BLACK', 2010, '2020-03-20', NULL, NULL);
INSERT INTO `order` VALUES (397, '66564', NULL, 'G1-20C051C', 'WOLF', '-', 'WHITE', 3000, '2020-03-20', NULL, NULL);
INSERT INTO `order` VALUES (398, '66564', NULL, 'G1-20D013D-1', 'WOLF', '-', 'DARK SLATE ', 8460, '2020-04-24', NULL, NULL);
INSERT INTO `order` VALUES (399, '66564', NULL, 'G1-20D013D-2', 'WOLF', '-', 'DARK SLATE', 15, '2020-04-24', NULL, NULL);
INSERT INTO `order` VALUES (400, '66564', NULL, 'G1-20D014D-1', 'WOLF', '-', 'PERSIAN RED', 5640, '2020-04-24', NULL, NULL);
INSERT INTO `order` VALUES (401, '66564', NULL, 'G1-20D014D-2', 'WOLF', '-', 'PERSIAN RED', 15, '2020-04-24', NULL, NULL);
INSERT INTO `order` VALUES (402, '66564', NULL, 'G1-20D015D-1', 'WOLF', '-', 'TOBACCO BROWN', 7520, '2020-04-24', NULL, NULL);
INSERT INTO `order` VALUES (403, '66564', NULL, 'G1-20D015D-2', 'WOLF', '-', 'TOBACCO BROWN', 15, '2020-04-24', NULL, NULL);
INSERT INTO `order` VALUES (404, '66564', NULL, 'G1-20D020D-1', 'WOLF', '-', 'DUSTY OLIVE', 1500, '2020-04-17', NULL, NULL);
INSERT INTO `order` VALUES (405, '66564', NULL, 'G1-20D020D-2', 'WOLF', '-', 'DUSTY OLIVE', 15, '2020-04-17', NULL, NULL);
INSERT INTO `order` VALUES (406, '66564', NULL, 'G1-20D007C-1', 'WOLF', '-', 'WHITE', 2010, '2020-04-10', NULL, NULL);
INSERT INTO `order` VALUES (407, '66564', NULL, 'G1-20D008C-1', 'WOLF', '-', 'BLACK', 2010, '2020-04-10', NULL, NULL);
INSERT INTO `order` VALUES (408, '66564', NULL, 'G1-20D009C-1', 'WOLF', '-', 'SKIN', 2010, '2020-04-10', NULL, NULL);
INSERT INTO `order` VALUES (409, '70564', NULL, 'G1-20B018A-1', 'WOLF', '-', 'TURQUOISE (BLUE BIRD)', 6561, '2020-02-14', NULL, NULL);
INSERT INTO `order` VALUES (410, '70564', NULL, 'G1-20B018A-2', 'WOLF', '-', 'TURQUOISE (BLUE BIRD)', 15, '2020-02-14', NULL, NULL);
INSERT INTO `order` VALUES (411, '70564', NULL, 'G1-20B019A-2', 'WOLF', '-', 'FIERY RED', 15, '2020-02-14', NULL, NULL);
INSERT INTO `order` VALUES (412, '70564', NULL, 'G1-20B020A-1', 'WOLF', '-', 'SALMON BUFF', 4002, '2020-02-14', NULL, NULL);
INSERT INTO `order` VALUES (413, '70564', NULL, 'G1-20B020A-2', 'WOLF', '-', 'SALMON BUFF', 15, '2020-02-14', NULL, NULL);
INSERT INTO `order` VALUES (414, '70564', NULL, 'G1-20B031A', 'WOLF', 'WF20-0031', 'SKIN', 5640, '2020-02-07', NULL, NULL);
INSERT INTO `order` VALUES (415, '70564', NULL, 'G1-20B029A', 'WOLF', 'WF20-0031', 'BLACK', 7050, '2020-02-07', NULL, NULL);
INSERT INTO `order` VALUES (416, '70564', NULL, 'G1-20B030A', 'WOLF', 'WF20-0031', 'WHITE', 27000, '2020-02-07', NULL, NULL);
INSERT INTO `order` VALUES (417, '70564', NULL, 'G1-20C021B-1', 'WOLF', '-', 'PLUM PERFECT', 16380, '2020-03-06', NULL, NULL);
INSERT INTO `order` VALUES (418, '70564', NULL, 'G1-20C021B-2', 'WOLF', '-', 'PLUM PERFECT', 15, '2020-03-06', NULL, NULL);
INSERT INTO `order` VALUES (419, '70564', NULL, 'G1-20C022B-1', 'WOLF', '-', 'GINGER SPICE', 14400, '2020-03-06', NULL, NULL);
INSERT INTO `order` VALUES (420, '70564', NULL, 'G1-20C022B-2', 'WOLF', '-', 'GINGER SPICE', 15, '2020-03-06', NULL, NULL);
INSERT INTO `order` VALUES (421, '70564', NULL, 'G1-20C028B ', 'WOLF', '-', 'PLUM PERFECT', 1620, '2020-03-06', NULL, NULL);
INSERT INTO `order` VALUES (422, '70564', NULL, 'G1-20C029B', 'WOLF', '-', 'GINGER SPICE', 2160, '2020-03-06', NULL, NULL);
INSERT INTO `order` VALUES (423, '20564', NULL, 'G1-20C014B-1', 'WOLF', '-', 'PLUM PERFECT', 1500, '2020-03-06', NULL, NULL);
INSERT INTO `order` VALUES (424, '51564', NULL, 'G1-20C023B-1', 'WOLF', '-', 'PLUM PERFECT', 1500, '2020-03-06', NULL, NULL);
INSERT INTO `order` VALUES (425, '70564', NULL, 'G1-20C049C', 'WOLF', '-', 'WHITE', 8280, '2020-03-20', NULL, NULL);
INSERT INTO `order` VALUES (426, '70564', NULL, 'G1-20C048C', 'WOLF', '-', 'BLACK', 7110, '2020-03-20', NULL, NULL);
INSERT INTO `order` VALUES (427, '70564', NULL, 'G1-20D010D-1', 'WOLF', '-', 'DARK SLATE', 20210, '2020-04-24', NULL, NULL);
INSERT INTO `order` VALUES (428, '70564', NULL, 'G1-20D010D-2', 'WOLF', '-', 'DARK SLATE', 15, '2020-04-24', NULL, NULL);
INSERT INTO `order` VALUES (429, '70564', NULL, 'G1-20D011D-1', 'WOLF', '-', 'PERSIAN RED', 14100, '2020-04-24', NULL, NULL);
INSERT INTO `order` VALUES (430, '70564', NULL, 'G1-20D011D-2', 'WOLF', '-', 'PERSIAN RED', 15, '2020-04-24', NULL, NULL);
INSERT INTO `order` VALUES (431, '70564', NULL, 'G1-20D012D-1', 'WOLF', '-', 'TOBACCO BROWN', 16450, '2020-04-24', NULL, NULL);
INSERT INTO `order` VALUES (432, '70564', NULL, 'G1-20D012D-2', 'WOLF', '-', 'TOBACCO BROWN', 15, '2020-04-24', NULL, NULL);
INSERT INTO `order` VALUES (433, '70564', NULL, 'G1-20D019D-1', 'WOLF', '-', 'DUSTY OLIVE', 4710, '2020-04-17', NULL, NULL);
INSERT INTO `order` VALUES (434, '70564', NULL, 'G1-20D019D-2', 'WOLF', '-', 'DUSTY OLIVE', 15, '2020-04-17', NULL, NULL);
INSERT INTO `order` VALUES (435, '70564', NULL, 'G1-20D001C-1', 'WOLF', '-', 'WHITE', 5010, '2020-04-10', NULL, NULL);
INSERT INTO `order` VALUES (436, '70564', NULL, 'G1-20D002C-1', 'WOLF', '-', 'BLACK', 3510, '2020-04-10', NULL, NULL);
INSERT INTO `order` VALUES (437, '2131101 (JACQ)', NULL, 'G1-20D003C-1', 'WOLF', '-', 'SKIN', 2520, '2020-04-10', NULL, NULL);
INSERT INTO `order` VALUES (438, 'FI4DRC2001M - GRY', NULL, 'FILA-19L007', 'FILA', '2nd Contract (2-2)', 'GRY', 4000, '2020-01-10', NULL, NULL);
INSERT INTO `order` VALUES (439, 'FI4DRC2001M - INA', NULL, 'FILA-19L008', 'FILA', '2nd Contract (2-2)', 'INA', 4000, '2020-01-10', NULL, NULL);
INSERT INTO `order` VALUES (440, 'FI4DRC2001M - OED', NULL, 'FILA-19L009', 'FILA', '2nd Contract (2-2)', 'OED', 3500, '2020-01-10', NULL, NULL);
INSERT INTO `order` VALUES (441, 'FI4BFC2001M - INA', NULL, 'FILA-19L010', 'FILA', '2nd Contract (2-2)', 'INA ', 2000, '2020-01-10', NULL, NULL);
INSERT INTO `order` VALUES (442, 'FVDRC2001M - INA', NULL, 'FILA-19L011', 'FILA', '2nd Contract (2-2)', 'INA', 1000, '2020-01-10', NULL, NULL);
INSERT INTO `order` VALUES (443, 'FVDRC2001M - OED', NULL, 'FILA-19L012', 'FILA', '2nd Contract (2-2)', 'OED(RED)', 1000, '2020-01-10', NULL, NULL);
INSERT INTO `order` VALUES (444, 'FVDRC2001M - CGY', NULL, 'FILA-19L013', 'FILA', '2nd Contract (2-2)', 'CGY', 1000, '2020-01-10', NULL, NULL);

-- ----------------------------
-- Table structure for outermold_input_molding
-- ----------------------------
DROP TABLE IF EXISTS `outermold_input_molding`;
CREATE TABLE `outermold_input_molding`  (
  `id_outer_input_molding` int(11) NOT NULL AUTO_INCREMENT,
  `id_input_molding` int(11) NULL DEFAULT NULL,
  `no_bundle` varchar(50) CHARACTER SET latin1 COLLATE latin1_swedish_ci NULL DEFAULT NULL,
  `size` varchar(10) CHARACTER SET latin1 COLLATE latin1_swedish_ci NULL DEFAULT NULL,
  `qty_pcs` int(11) NULL DEFAULT NULL,
  `kode_barcode` varchar(16) CHARACTER SET latin1 COLLATE latin1_swedish_ci NULL DEFAULT NULL,
  PRIMARY KEY (`id_outer_input_molding`) USING BTREE,
  INDEX `fk_input_molding_outer`(`id_input_molding`) USING BTREE,
  CONSTRAINT `fk_input_molding_outer` FOREIGN KEY (`id_input_molding`) REFERENCES `input_molding` (`id_input_molding`) ON DELETE RESTRICT ON UPDATE RESTRICT
) ENGINE = InnoDB AUTO_INCREMENT = 1 CHARACTER SET = latin1 COLLATE = latin1_swedish_ci ROW_FORMAT = Compact;

-- ----------------------------
-- Table structure for outermold_output_molding
-- ----------------------------
DROP TABLE IF EXISTS `outermold_output_molding`;
CREATE TABLE `outermold_output_molding`  (
  `id_outer_input_molding` int(11) NOT NULL AUTO_INCREMENT,
  `id_output_molding` int(11) NULL DEFAULT NULL,
  `no_bundle` varchar(50) CHARACTER SET latin1 COLLATE latin1_swedish_ci NULL DEFAULT NULL,
  `size` varchar(10) CHARACTER SET latin1 COLLATE latin1_swedish_ci NULL DEFAULT NULL,
  `qty_pcs` int(11) NULL DEFAULT NULL,
  `kode_barcode` varchar(50) CHARACTER SET latin1 COLLATE latin1_swedish_ci NULL DEFAULT NULL,
  PRIMARY KEY (`id_outer_input_molding`) USING BTREE,
  INDEX `fk_input_molding_outer`(`id_output_molding`) USING BTREE,
  CONSTRAINT `fk_output_mold_1` FOREIGN KEY (`id_output_molding`) REFERENCES `output_molding` (`id_output_molding`) ON DELETE RESTRICT ON UPDATE RESTRICT
) ENGINE = InnoDB AUTO_INCREMENT = 1 CHARACTER SET = latin1 COLLATE = latin1_swedish_ci ROW_FORMAT = Compact;

-- ----------------------------
-- Table structure for output_cutting
-- ----------------------------
DROP TABLE IF EXISTS `output_cutting`;
CREATE TABLE `output_cutting`  (
  `id_output_cutting` int(11) NOT NULL AUTO_INCREMENT,
  `line` varchar(100) CHARACTER SET latin1 COLLATE latin1_swedish_ci NULL DEFAULT NULL,
  `tgl` date NULL DEFAULT NULL,
  `id_cutting` int(11) NULL DEFAULT NULL,
  PRIMARY KEY (`id_output_cutting`) USING BTREE,
  INDEX `fk_cutting_output`(`id_cutting`) USING BTREE,
  CONSTRAINT `fk_cutting_output` FOREIGN KEY (`id_cutting`) REFERENCES `cutting` (`id_cutting`) ON DELETE RESTRICT ON UPDATE RESTRICT
) ENGINE = InnoDB AUTO_INCREMENT = 1 CHARACTER SET = latin1 COLLATE = latin1_swedish_ci ROW_FORMAT = Compact;

-- ----------------------------
-- Table structure for output_cutting_detail
-- ----------------------------
DROP TABLE IF EXISTS `output_cutting_detail`;
CREATE TABLE `output_cutting_detail`  (
  `id_output_cutting_detail` int(11) NOT NULL AUTO_INCREMENT,
  `id_output_cutting` int(11) NULL DEFAULT NULL,
  `id_cutting_detail` int(255) NULL DEFAULT NULL,
  PRIMARY KEY (`id_output_cutting_detail`) USING BTREE,
  INDEX `fk_output_cutting`(`id_output_cutting`) USING BTREE,
  INDEX `fk_cutting_detail`(`id_cutting_detail`) USING BTREE,
  CONSTRAINT `fk_cutting_detail` FOREIGN KEY (`id_cutting_detail`) REFERENCES `cutting_detail` (`id_cutting_detail`) ON DELETE RESTRICT ON UPDATE RESTRICT,
  CONSTRAINT `fk_output_cutting` FOREIGN KEY (`id_output_cutting`) REFERENCES `output_cutting` (`id_output_cutting`) ON DELETE RESTRICT ON UPDATE RESTRICT
) ENGINE = InnoDB AUTO_INCREMENT = 1 CHARACTER SET = latin1 COLLATE = latin1_swedish_ci ROW_FORMAT = Compact;

-- ----------------------------
-- Table structure for output_molding
-- ----------------------------
DROP TABLE IF EXISTS `output_molding`;
CREATE TABLE `output_molding`  (
  `id_output_molding` int(11) NOT NULL AUTO_INCREMENT,
  `shift` varchar(15) CHARACTER SET latin1 COLLATE latin1_swedish_ci NULL DEFAULT NULL,
  `no_mesin` varchar(50) CHARACTER SET latin1 COLLATE latin1_swedish_ci NULL DEFAULT NULL,
  `tgl` date NULL DEFAULT NULL,
  `orc` varchar(50) CHARACTER SET latin1 COLLATE latin1_swedish_ci NULL DEFAULT NULL,
  `style` varchar(50) CHARACTER SET latin1 COLLATE latin1_swedish_ci NULL DEFAULT NULL,
  `color` varchar(50) CHARACTER SET latin1 COLLATE latin1_swedish_ci NULL DEFAULT NULL,
  PRIMARY KEY (`id_output_molding`) USING BTREE
) ENGINE = InnoDB AUTO_INCREMENT = 6 CHARACTER SET = latin1 COLLATE = latin1_swedish_ci ROW_FORMAT = Compact;

-- ----------------------------
-- Records of output_molding
-- ----------------------------
INSERT INTO `output_molding` VALUES (1, 'pertama', 'MOLD22', '2020-01-06', 'G3-19J032-2', '22045 (71380)', 'STAR WHITE');
INSERT INTO `output_molding` VALUES (2, 'pertama', 'MOLD16', '2020-01-06', 'G3-19J032-2', '22045 (71380)', 'STAR WHITE');
INSERT INTO `output_molding` VALUES (3, 'pertama', 'MOLD16', '2020-01-06', 'G3-19J032-2', '22045 (71380)', 'STAR WHITE');
INSERT INTO `output_molding` VALUES (4, 'pertama', 'MOLD16', '2020-01-06', 'G3-19J032-2', '22045 (71380)', 'STAR WHITE');
INSERT INTO `output_molding` VALUES (5, 'pertama', 'MOLD19', '2020-01-06', 'G3-19J032-2', '22045 (71380)', 'STAR WHITE');

-- ----------------------------
-- Table structure for output_molding_detail
-- ----------------------------
DROP TABLE IF EXISTS `output_molding_detail`;
CREATE TABLE `output_molding_detail`  (
  `id_output_molding_detail` int(11) NOT NULL AUTO_INCREMENT,
  `id_output_molding` int(11) NULL DEFAULT NULL,
  `no_bundle` varchar(15) CHARACTER SET latin1 COLLATE latin1_swedish_ci NULL DEFAULT NULL,
  `size` varchar(10) CHARACTER SET latin1 COLLATE latin1_swedish_ci NULL DEFAULT NULL,
  `group_size` varchar(15) CHARACTER SET latin1 COLLATE latin1_swedish_ci NULL DEFAULT NULL,
  `qty_outermold` int(11) NULL DEFAULT NULL,
  `outermold_sam` decimal(4, 3) NULL DEFAULT NULL,
  `outermold_sam_result` decimal(6, 3) NULL DEFAULT NULL,
  `qty_midmold` int(11) NULL DEFAULT NULL,
  `midmold_sam` decimal(4, 3) NULL DEFAULT NULL,
  `midmold_sam_result` decimal(6, 3) NULL DEFAULT NULL,
  `qty_linningmold` int(11) NULL DEFAULT NULL,
  `linningmold_sam` decimal(4, 3) NULL DEFAULT NULL,
  `linningmold_sam_result` decimal(6, 3) NULL DEFAULT NULL,
  `outermold_barcode` varchar(25) CHARACTER SET latin1 COLLATE latin1_swedish_ci NULL DEFAULT NULL,
  `midmold_barcode` varchar(25) CHARACTER SET latin1 COLLATE latin1_swedish_ci NULL DEFAULT NULL,
  `linningmold_barcode` varchar(25) CHARACTER SET latin1 COLLATE latin1_swedish_ci NULL DEFAULT NULL,
  PRIMARY KEY (`id_output_molding_detail`) USING BTREE,
  INDEX `fk_output_molding`(`id_output_molding`) USING BTREE,
  CONSTRAINT `fk_output_molding` FOREIGN KEY (`id_output_molding`) REFERENCES `output_molding` (`id_output_molding`) ON DELETE RESTRICT ON UPDATE RESTRICT
) ENGINE = InnoDB AUTO_INCREMENT = 1 CHARACTER SET = latin1 COLLATE = latin1_swedish_ci ROW_FORMAT = Compact;

-- ----------------------------
-- Table structure for output_packing
-- ----------------------------
DROP TABLE IF EXISTS `output_packing`;
CREATE TABLE `output_packing`  (
  `id_packing` int(11) NOT NULL AUTO_INCREMENT,
  `tgl` date NULL DEFAULT NULL,
  `orc` varchar(50) CHARACTER SET latin1 COLLATE latin1_swedish_ci NULL DEFAULT NULL,
  `size` varchar(10) CHARACTER SET latin1 COLLATE latin1_swedish_ci NULL DEFAULT NULL,
  `karton` smallint(5) NULL DEFAULT NULL,
  `pcs` smallint(5) NULL DEFAULT NULL,
  `sam` decimal(4, 3) NULL DEFAULT NULL,
  `sam_result` decimal(6, 3) NULL DEFAULT NULL,
  PRIMARY KEY (`id_packing`) USING BTREE
) ENGINE = InnoDB AUTO_INCREMENT = 7 CHARACTER SET = latin1 COLLATE = latin1_swedish_ci ROW_FORMAT = Compact;

-- ----------------------------
-- Records of output_packing
-- ----------------------------
INSERT INTO `output_packing` VALUES (1, '2019-12-17', 'G3-20A004L-2', '42C', 10, 36, 1.281, 46.116);
INSERT INTO `output_packing` VALUES (3, '2019-12-17', 'G3-20A004L-2', '40DD', 10, 36, 1.296, 46.656);
INSERT INTO `output_packing` VALUES (4, '2019-12-17', 'G3-20A004L-2', '38D', 10, 36, 1.281, 46.116);
INSERT INTO `output_packing` VALUES (5, '2019-12-17', 'G3-20A004L-2', '36DD', 10, 36, 1.281, 46.116);
INSERT INTO `output_packing` VALUES (6, '2020-01-10', 'G3-20D052C-2', '38D', 100, 72, 1.281, 92.232);

-- ----------------------------
-- Table structure for output_sewing
-- ----------------------------
DROP TABLE IF EXISTS `output_sewing`;
CREATE TABLE `output_sewing`  (
  `id_output_sewing` int(11) NOT NULL AUTO_INCREMENT,
  `tgl` date NULL DEFAULT NULL,
  `line` varchar(100) CHARACTER SET latin1 COLLATE latin1_swedish_ci NULL DEFAULT NULL,
  `center_panel_op` int(11) NULL DEFAULT NULL,
  `back_wings_op` int(11) NULL DEFAULT NULL,
  `cups_op` int(10) NULL DEFAULT NULL,
  `assembly_op` int(10) NULL DEFAULT NULL,
  PRIMARY KEY (`id_output_sewing`) USING BTREE
) ENGINE = InnoDB AUTO_INCREMENT = 9 CHARACTER SET = latin1 COLLATE = latin1_swedish_ci ROW_FORMAT = Compact;

-- ----------------------------
-- Records of output_sewing
-- ----------------------------
INSERT INTO `output_sewing` VALUES (1, '2020-01-04', 'BROMO', 3, 8, 12, 7);
INSERT INTO `output_sewing` VALUES (2, '2020-01-04', 'DIENG', 6, 27, 33, 22);
INSERT INTO `output_sewing` VALUES (3, '2020-01-04', 'KARIMUN', 2, 8, 12, 7);
INSERT INTO `output_sewing` VALUES (4, '2020-01-06', 'BROMO', 3, 8, 10, 7);
INSERT INTO `output_sewing` VALUES (5, '2020-01-06', 'DIENG', 6, 27, 30, 21);
INSERT INTO `output_sewing` VALUES (6, '2020-01-06', 'KARIMUN', 2, 8, 12, 7);
INSERT INTO `output_sewing` VALUES (7, '2020-01-10', 'KARIMUN', 2, 8, 12, 7);
INSERT INTO `output_sewing` VALUES (8, '2020-01-10', 'DIENG', 6, 27, 33, 22);

-- ----------------------------
-- Table structure for output_sewing_detail
-- ----------------------------
DROP TABLE IF EXISTS `output_sewing_detail`;
CREATE TABLE `output_sewing_detail`  (
  `id_output_sewing_detail` int(11) NOT NULL AUTO_INCREMENT,
  `id_output_sewing` int(11) NULL DEFAULT NULL,
  `orc` varchar(50) CHARACTER SET latin1 COLLATE latin1_swedish_ci NULL DEFAULT NULL,
  `no_bundle` varchar(50) CHARACTER SET latin1 COLLATE latin1_swedish_ci NULL DEFAULT NULL,
  `center_panel` time(0) NULL DEFAULT NULL,
  `back_wings` time(0) NULL DEFAULT NULL,
  `cups` time(0) NULL DEFAULT NULL,
  `assembly` time(0) NULL DEFAULT NULL,
  `qty` int(11) NULL DEFAULT NULL,
  `center_panel_sam_result` decimal(6, 3) NULL DEFAULT NULL,
  `back_wings_sam_result` decimal(6, 3) NULL DEFAULT NULL,
  `cups_sam_result` decimal(6, 3) NULL DEFAULT NULL,
  `assembly_sam_result` decimal(6, 3) NULL DEFAULT NULL,
  `kode_barcode` varchar(50) CHARACTER SET latin1 COLLATE latin1_swedish_ci NULL DEFAULT NULL,
  PRIMARY KEY (`id_output_sewing_detail`) USING BTREE,
  INDEX `fk_output_sewing`(`id_output_sewing`) USING BTREE,
  CONSTRAINT `fk_output_sewing` FOREIGN KEY (`id_output_sewing`) REFERENCES `output_sewing` (`id_output_sewing`) ON DELETE RESTRICT ON UPDATE RESTRICT
) ENGINE = InnoDB AUTO_INCREMENT = 71 CHARACTER SET = latin1 COLLATE = latin1_swedish_ci ROW_FORMAT = Compact;

-- ----------------------------
-- Records of output_sewing_detail
-- ----------------------------
INSERT INTO `output_sewing_detail` VALUES (1, 1, 'G3-19J033-2', '0009(28)', '10:58:09', '11:02:37', '11:32:04', '11:33:30', 28, 88.452, 41.244, 145.572, 89.908, 'G3-19J033-2-0009');
INSERT INTO `output_sewing_detail` VALUES (2, 1, 'G3-19J033-2', '0010(21)', '11:34:10', '11:33:46', '11:33:55', '11:34:14', 21, 63.441, 29.232, 103.740, 64.176, 'G3-19J033-2-0010');
INSERT INTO `output_sewing_detail` VALUES (3, 1, 'G3-19J033-2', '0007(36)', '11:34:35', '11:35:11', '11:34:27', '11:35:22', 36, 113.724, 53.028, 187.164, 115.596, 'G3-19J033-2-0007');
INSERT INTO `output_sewing_detail` VALUES (4, 1, 'G3-19J033-2', '0008(36)', '11:35:29', '11:35:30', '11:35:32', '11:35:35', 36, 113.724, 53.028, 187.164, 115.596, 'G3-19J033-2-0008');
INSERT INTO `output_sewing_detail` VALUES (5, 1, 'G3-19J033-2', '0006(28)', '11:36:28', '11:36:13', '11:36:31', '11:36:33', 28, 84.588, 38.976, 138.320, 85.568, 'G3-19J033-2-0006');
INSERT INTO `output_sewing_detail` VALUES (6, 1, 'G3-19J033-2', '0004(36)', '11:36:41', '11:36:42', '11:36:44', '11:36:46', 36, 108.756, 50.112, 177.840, 110.016, 'G3-19J033-2-0004');
INSERT INTO `output_sewing_detail` VALUES (7, 1, 'G3-19J033-2', '0002(36)', '11:36:54', '11:37:03', '11:36:56', '11:37:07', 36, 108.756, 50.112, 177.840, 110.016, 'G3-19J033-2-0002');
INSERT INTO `output_sewing_detail` VALUES (8, 1, 'G3-19J033-2', '0005(36)', '11:37:51', '11:37:40', '11:37:47', '11:38:01', 36, 108.756, 50.112, 177.840, 110.016, 'G3-19J033-2-0005');
INSERT INTO `output_sewing_detail` VALUES (9, 1, 'G3-19J033-2', '0001(36)', '11:38:12', '11:38:15', '11:38:19', '11:38:20', 36, 108.756, 50.112, 177.840, 110.016, 'G3-19J033-2-0001');
INSERT INTO `output_sewing_detail` VALUES (10, 1, 'G3-19J033-2', '0003(28)', '11:38:27', '11:38:28', '11:38:29', '11:38:32', 28, 84.588, 38.976, 138.320, 85.568, 'G3-19J033-2-0003');
INSERT INTO `output_sewing_detail` VALUES (11, 2, 'G3-19J034-2', '0001(36)', '11:39:05', '11:39:09', '11:39:10', '11:39:11', 36, 108.756, 50.112, 177.840, 110.016, 'G3-19J034-2-0001');
INSERT INTO `output_sewing_detail` VALUES (12, 2, 'G3-19J034-2', '0002(36)', '11:39:27', '11:39:15', '11:39:35', '11:39:37', 36, 108.756, 50.112, 177.840, 110.016, 'G3-19J034-2-0002');
INSERT INTO `output_sewing_detail` VALUES (13, 2, 'G3-19J034-2', '0003(3)', '11:39:46', '11:39:44', '11:39:42', '11:39:49', 3, 9.063, 4.176, 14.820, 9.168, 'G3-19J034-2-0003');
INSERT INTO `output_sewing_detail` VALUES (14, 2, 'G3-19J034-2', '0006(28)', '11:39:57', '11:39:58', '11:39:54', '11:40:00', 28, 84.588, 38.976, 138.320, 85.568, 'G3-19J034-2-0006');
INSERT INTO `output_sewing_detail` VALUES (15, 2, 'G3-19J034-2', '0004(36)', '11:40:17', '11:40:16', '11:40:18', '11:40:20', 36, 108.756, 50.112, 177.840, 110.016, 'G3-19J034-2-0004');
INSERT INTO `output_sewing_detail` VALUES (16, 2, 'G3-19J034-2', '0005(36)', '11:40:30', '11:40:28', '11:40:29', '11:40:31', 36, 108.756, 50.112, 177.840, 110.016, 'G3-19J034-2-0005');
INSERT INTO `output_sewing_detail` VALUES (17, 2, 'G3-19J034-2', '0007(36)', '11:40:39', '11:40:50', '11:40:48', '11:40:53', 36, 108.756, 50.112, 177.840, 110.016, 'G3-19J034-2-0007');
INSERT INTO `output_sewing_detail` VALUES (18, 2, 'G3-19J034-2', '0008(36)', '11:40:59', '11:41:00', '11:40:58', '11:41:02', 36, 108.756, 50.112, 177.840, 110.016, 'G3-19J034-2-0008');
INSERT INTO `output_sewing_detail` VALUES (19, 2, 'G3-19J034-2', '0009(28)', '11:41:18', '11:41:16', '11:41:23', '11:41:24', 28, 84.588, 38.976, 138.320, 85.568, 'G3-19J034-2-0009');
INSERT INTO `output_sewing_detail` VALUES (20, 2, 'G3-19J034-2', '0010(36)', '11:41:35', '11:41:34', '11:41:36', '11:41:38', 36, 128.556, 63.504, 209.160, 127.476, 'G3-19J034-2-0010');
INSERT INTO `output_sewing_detail` VALUES (21, 2, 'G3-19J034-2', '0011(10)', '11:41:43', '11:41:46', '11:41:44', '11:41:49', 10, 35.710, 17.640, 58.100, 35.410, 'G3-19J034-2-0011');
INSERT INTO `output_sewing_detail` VALUES (22, 3, 'G3-19J032-2', '0004(36)', '11:42:50', '11:42:44', '11:43:01', '11:43:08', 36, 108.756, 50.112, 177.840, 110.016, 'G3-19J032-2-0004');
INSERT INTO `output_sewing_detail` VALUES (23, 3, 'G3-19J032-2', '0002(36)', '11:43:55', '11:43:44', '11:44:43', '11:44:43', 36, 108.756, 50.112, 177.840, 110.016, 'G3-19J032-2-0002');
INSERT INTO `output_sewing_detail` VALUES (24, 3, 'G3-19J032-2', '0005(36)', '11:45:04', '11:45:17', '11:45:34', '11:45:42', 36, 108.756, 50.112, 177.840, 110.016, 'G3-19J032-2-0005');
INSERT INTO `output_sewing_detail` VALUES (25, 3, 'G3-19J032-2', '0001(36)', '11:47:53', '11:48:26', '11:48:48', '11:48:51', 36, 108.756, 50.112, 177.840, 110.016, 'G3-19J032-2-0001');
INSERT INTO `output_sewing_detail` VALUES (26, 3, 'G3-19J032-2', '0003(28)', '11:49:11', '11:49:09', '11:49:19', '11:49:20', 28, 84.588, 38.976, 138.320, 85.568, 'G3-19J032-2-0003');
INSERT INTO `output_sewing_detail` VALUES (27, 3, 'G3-19J032-2', '0008(36)', '11:49:32', '11:49:34', '11:49:35', '11:49:37', 36, 108.756, 50.112, 177.840, 110.016, 'G3-19J032-2-0008');
INSERT INTO `output_sewing_detail` VALUES (28, 3, 'G3-19J032-2', '0006(28)', '11:49:42', '11:49:43', '11:49:44', '11:49:45', 28, 84.588, 38.976, 138.320, 85.568, 'G3-19J032-2-0006');
INSERT INTO `output_sewing_detail` VALUES (29, 3, 'G3-19J032-2', '0009(28)', '11:49:54', '11:49:57', '11:49:56', '11:49:59', 28, 84.588, 38.976, 138.320, 85.568, 'G3-19J032-2-0009');
INSERT INTO `output_sewing_detail` VALUES (30, 3, 'G3-19J032-2', '0007(36)', '11:50:06', '11:50:10', '11:50:11', '11:50:13', 36, 108.756, 50.112, 177.840, 110.016, 'G3-19J032-2-0007');
INSERT INTO `output_sewing_detail` VALUES (31, 3, 'G3-19J032-2', '0010(21)', '11:50:19', '11:50:20', '11:50:21', '11:50:22', 21, 66.339, 30.933, 109.179, 67.431, 'G3-19J032-2-0010');
INSERT INTO `output_sewing_detail` VALUES (32, 4, 'G3-20A005L', '0001(36)', '11:10:23', '11:17:24', '11:17:41', '11:18:01', 36, 108.756, 50.112, 105.444, 106.812, 'G3-20A005L-0001');
INSERT INTO `output_sewing_detail` VALUES (33, 5, 'G3-20A002L-1', '0001(36)', '11:22:28', '11:23:13', '11:19:42', '11:24:27', 36, 108.756, 50.112, 105.444, 106.812, 'G3-20A002L-1-0001');
INSERT INTO `output_sewing_detail` VALUES (34, 6, 'G3-19J039-2', '0001(36)', '11:24:05', '11:22:49', '11:19:58', '11:24:53', 36, 108.756, 50.112, 105.444, 106.812, 'G3-19J039-2-0001');
INSERT INTO `output_sewing_detail` VALUES (35, 4, 'G3-20A005L', '0002(36)', '11:23:48', '11:22:02', '11:24:15', '11:24:37', 36, 108.756, 50.112, 105.444, 106.812, 'G3-20A005L-0002');
INSERT INTO `output_sewing_detail` VALUES (36, 6, 'G3-19J039-2', '0002(36)', '11:25:06', '11:26:01', '11:27:42', '11:32:07', 36, 108.756, 50.112, 105.444, 106.812, 'G3-19J039-2-0002');
INSERT INTO `output_sewing_detail` VALUES (37, 4, 'G3-20A005L', '0003(28)', '11:25:55', '11:25:18', '11:30:48', '11:32:19', 28, 84.588, 38.976, 82.012, 83.076, 'G3-20A005L-0003');
INSERT INTO `output_sewing_detail` VALUES (38, 5, 'G3-20A002L-1', '0003(28)', '11:25:42', '11:30:43', '11:31:57', '11:32:29', 28, 84.588, 38.976, 82.012, 83.076, 'G3-20A002L-1-0003');
INSERT INTO `output_sewing_detail` VALUES (39, 5, 'G3-20A002L-1', '0002(36)', '11:47:27', '11:55:21', '11:32:38', '12:02:34', 36, 108.756, 50.112, 105.444, 106.812, 'G3-20A002L-1-0002');
INSERT INTO `output_sewing_detail` VALUES (40, 4, 'G3-20A005L', '0004(36)', '11:32:42', '11:46:59', '11:55:10', '12:02:26', 36, 108.756, 50.112, 105.444, 106.812, 'G3-20A005L-0004');
INSERT INTO `output_sewing_detail` VALUES (41, 6, 'G3-19J039-2', '0003(28)', '11:32:47', '11:55:44', '11:47:44', '12:02:42', 28, 84.588, 38.976, 82.012, 83.076, 'G3-19J039-2-0003');
INSERT INTO `output_sewing_detail` VALUES (42, 4, 'G3-20A005L', '0005(36)', '13:07:02', '15:23:36', '13:35:15', '16:24:46', 36, 108.756, 50.112, 105.444, 106.812, 'G3-20A005L-0005');
INSERT INTO `output_sewing_detail` VALUES (43, 5, 'G3-20A002L-1', '0005(36)', '13:35:55', '13:07:09', '00:00:00', '00:00:00', 36, 108.756, 50.112, 0.000, 0.000, 'G3-20A002L-1-0005');
INSERT INTO `output_sewing_detail` VALUES (44, 6, 'G3-19J039-2', '0004(36)', '13:07:23', '15:24:31', '13:36:08', '16:26:06', 36, 108.756, 50.112, 105.444, 106.812, 'G3-19J039-2-0004');
INSERT INTO `output_sewing_detail` VALUES (45, 5, 'G3-20A002L-1', '0004(36)', '16:25:19', '16:25:24', '15:23:56', '16:25:41', 36, 108.756, 50.112, 105.444, 106.812, 'G3-20A002L-1-0004');
INSERT INTO `output_sewing_detail` VALUES (46, 6, 'G3-19J039-2', '0005(36)', '16:26:13', '17:05:41', '17:05:51', '17:05:55', 36, 108.756, 50.112, 105.444, 106.812, 'G3-19J039-2-0005');
INSERT INTO `output_sewing_detail` VALUES (47, 5, 'G3-20A002L-1', '0006(28)', '17:05:25', '16:26:18', '17:05:29', '17:05:32', 28, 84.588, 38.976, 82.012, 83.076, 'G3-20A002L-1-0006');
INSERT INTO `output_sewing_detail` VALUES (48, 4, 'G3-20A005L', '0006(36)', '17:04:57', '17:05:01', '16:26:37', '17:05:09', 36, 108.756, 50.112, 105.444, 106.812, 'G3-20A005L-0006');
INSERT INTO `output_sewing_detail` VALUES (49, 6, 'G3-19J039-2', '0006(36)', '17:06:09', '17:06:06', '17:20:51', '17:20:54', 36, 108.756, 50.112, 105.444, 106.812, 'G3-19J039-2-0006');
INSERT INTO `output_sewing_detail` VALUES (50, 5, 'G3-20A002L-1', '0007(36)', '17:06:14', '17:20:27', '17:06:16', '17:20:35', 36, 108.756, 50.112, 105.444, 106.812, 'G3-20A002L-1-0007');
INSERT INTO `output_sewing_detail` VALUES (51, 4, 'G3-20A005L', '0007(36)', '17:06:39', '17:20:05', '17:06:36', '17:20:09', 36, 108.756, 50.112, 105.444, 106.812, 'G3-20A005L-0007');
INSERT INTO `output_sewing_detail` VALUES (52, 4, 'G3-20A005L', '0008(6)', '17:21:14', '17:20:16', '17:20:19', '17:21:17', 6, 18.126, 8.352, 17.574, 17.802, 'G3-20A005L-0008');
INSERT INTO `output_sewing_detail` VALUES (53, 5, 'G3-20A002L-1', '0010(9)', '17:20:45', '17:20:43', '17:21:26', '17:21:27', 9, 27.189, 12.528, 26.361, 26.703, 'G3-20A002L-1-0010');
INSERT INTO `output_sewing_detail` VALUES (54, 6, 'G3-19J039-2', '0007(17)', '17:21:02', '17:21:38', '17:21:04', '17:21:40', 17, 51.357, 23.664, 49.793, 50.439, 'G3-19J039-2-0007');
INSERT INTO `output_sewing_detail` VALUES (55, 6, 'G3-19J039-2', '0008(36)', '17:21:47', '17:21:48', '17:22:11', '17:22:13', 36, 108.756, 50.112, 105.444, 106.812, 'G3-19J039-2-0008');
INSERT INTO `output_sewing_detail` VALUES (56, 4, 'G3-20A005L', '0009(36)', '17:21:55', '17:23:36', '17:21:57', '17:23:37', 36, 108.756, 50.112, 105.444, 106.812, 'G3-20A005L-0009');
INSERT INTO `output_sewing_detail` VALUES (57, 5, 'G3-20A002L-1', '0009(28)', '17:22:04', '17:23:03', '17:22:07', '17:23:05', 28, 84.588, 38.976, 82.012, 83.076, 'G3-20A002L-1-0009');
INSERT INTO `output_sewing_detail` VALUES (58, 6, 'G3-19J039-2', '0009(36)', '17:22:31', '17:22:33', '17:22:34', '17:22:36', 36, 108.756, 50.112, 105.444, 106.812, 'G3-19J039-2-0009');
INSERT INTO `output_sewing_detail` VALUES (59, 6, 'G3-19J039-2', '0010(28)', '17:22:44', '17:22:43', '17:22:46', '17:22:47', 28, 84.588, 38.976, 82.012, 83.076, 'G3-19J039-2-0010');
INSERT INTO `output_sewing_detail` VALUES (60, 6, 'G3-19J039-2', '0011(36)', '17:22:51', '17:22:54', '17:22:53', '17:22:55', 36, 108.756, 50.112, 105.444, 106.812, 'G3-19J039-2-0011');
INSERT INTO `output_sewing_detail` VALUES (61, 5, 'G3-20A002L-1', '0008(36)', '17:23:13', '17:23:11', '17:23:14', '17:23:15', 36, 108.756, 50.112, 105.444, 106.812, 'G3-20A002L-1-0008');
INSERT INTO `output_sewing_detail` VALUES (62, 4, 'G3-20A005L', '0010(36)', '17:23:43', '17:23:45', '17:23:44', '17:23:47', 36, 108.756, 50.112, 105.444, 106.812, 'G3-20A005L-0010');
INSERT INTO `output_sewing_detail` VALUES (63, 4, 'G3-20A005L', '0011(36)', '17:23:59', '17:23:58', '17:23:56', '00:00:00', 36, 108.756, 50.112, 105.444, 0.000, 'G3-20A005L-0011');
INSERT INTO `output_sewing_detail` VALUES (64, 4, 'G3-20A005L', '0012(36)', '17:24:04', '17:24:05', '17:24:06', '17:24:07', 36, 108.756, 50.112, 105.444, 106.812, 'G3-20A005L-0012');
INSERT INTO `output_sewing_detail` VALUES (65, 4, 'G3-20A005L', '0013(6)', '17:24:14', '17:24:13', '17:24:17', '17:24:19', 6, 18.126, 8.352, 17.574, 17.802, 'G3-20A005L-0013');
INSERT INTO `output_sewing_detail` VALUES (66, 4, 'G3-20A005L', '0014(36)', '17:24:23', '17:24:28', '17:24:29', '17:24:30', 36, 108.756, 50.112, 105.444, 106.812, 'G3-20A005L-0014');
INSERT INTO `output_sewing_detail` VALUES (67, 4, 'G3-20A005L', '0015(28)', '17:24:37', '17:24:35', '17:24:39', '17:24:40', 28, 84.588, 38.976, 82.012, 83.076, 'G3-20A005L-0015');
INSERT INTO `output_sewing_detail` VALUES (68, 7, 'G3-20D052C-2', '0002(36)', '10:41:00', '10:41:26', '00:00:00', '00:00:00', 36, 108.756, 50.112, 0.000, 0.000, 'G3-20D052C-2-0002');
INSERT INTO `output_sewing_detail` VALUES (69, 7, 'G3-20D052C-2', '0001(36)', '10:44:05', '10:44:25', '10:44:28', '10:44:36', 36, 108.756, 50.112, 177.840, 110.016, 'G3-20D052C-2-0001');
INSERT INTO `output_sewing_detail` VALUES (70, 8, 'G3-20B002A-2', '0001(36)', '15:39:45', '15:39:51', '15:41:06', '15:41:13', 36, 108.756, 50.112, 105.444, 106.812, 'G3-20B002A-2-0001');

-- ----------------------------
-- Table structure for shift_molding
-- ----------------------------
DROP TABLE IF EXISTS `shift_molding`;
CREATE TABLE `shift_molding`  (
  `id_shift_molding` int(11) NOT NULL AUTO_INCREMENT,
  `day` smallint(1) NULL DEFAULT NULL,
  `shift` varchar(15) CHARACTER SET latin1 COLLATE latin1_swedish_ci NULL DEFAULT NULL,
  `start` time(0) NULL DEFAULT NULL,
  `end` time(0) NULL DEFAULT NULL,
  PRIMARY KEY (`id_shift_molding`) USING BTREE
) ENGINE = InnoDB AUTO_INCREMENT = 19 CHARACTER SET = latin1 COLLATE = latin1_swedish_ci ROW_FORMAT = Compact;

-- ----------------------------
-- Records of shift_molding
-- ----------------------------
INSERT INTO `shift_molding` VALUES (1, 1, 'pertama', '07:00:00', '14:30:00');
INSERT INTO `shift_molding` VALUES (2, 1, 'kedua', '14:31:00', '22:30:00');
INSERT INTO `shift_molding` VALUES (3, 1, 'ketiga', '22:31:00', '06:30:00');
INSERT INTO `shift_molding` VALUES (4, 2, 'pertama', '07:00:00', '14:30:00');
INSERT INTO `shift_molding` VALUES (5, 2, 'kedua', '14:31:00', '22:30:00');
INSERT INTO `shift_molding` VALUES (6, 2, 'ketiga', '22:31:00', '06:30:00');
INSERT INTO `shift_molding` VALUES (7, 3, 'pertama', '07:00:00', '14:30:00');
INSERT INTO `shift_molding` VALUES (8, 3, 'kedua', '14:31:00', '22:30:00');
INSERT INTO `shift_molding` VALUES (9, 3, 'ketiga', '22:31:00', '06:30:00');
INSERT INTO `shift_molding` VALUES (10, 4, 'pertama', '07:00:00', '14:30:00');
INSERT INTO `shift_molding` VALUES (11, 4, 'kedua', '14:31:00', '22:30:00');
INSERT INTO `shift_molding` VALUES (12, 4, 'ketiga', '22:31:00', '06:30:00');
INSERT INTO `shift_molding` VALUES (13, 5, 'pertama', '07:00:00', '14:30:00');
INSERT INTO `shift_molding` VALUES (14, 5, 'kedua', '14:31:00', '22:30:00');
INSERT INTO `shift_molding` VALUES (15, 5, 'ketiga', '22:31:00', '06:30:00');
INSERT INTO `shift_molding` VALUES (16, 6, 'pertama', '07:00:00', '12:00:00');
INSERT INTO `shift_molding` VALUES (17, 6, 'kedua', '12:01:00', '17:15:00');
INSERT INTO `shift_molding` VALUES (18, 6, 'ketiga', '17:16:00', '22:30:00');

-- ----------------------------
-- Table structure for spv
-- ----------------------------
DROP TABLE IF EXISTS `spv`;
CREATE TABLE `spv`  (
  `id_spv` int(11) NOT NULL AUTO_INCREMENT,
  `name` varchar(100) CHARACTER SET latin1 COLLATE latin1_swedish_ci NULL DEFAULT NULL,
  PRIMARY KEY (`id_spv`) USING BTREE
) ENGINE = InnoDB AUTO_INCREMENT = 34 CHARACTER SET = latin1 COLLATE = latin1_swedish_ci ROW_FORMAT = Compact;

-- ----------------------------
-- Records of spv
-- ----------------------------
INSERT INTO `spv` VALUES (1, 'WURI');
INSERT INTO `spv` VALUES (2, 'TATIK');
INSERT INTO `spv` VALUES (3, 'ASRI');
INSERT INTO `spv` VALUES (4, 'AYUK');
INSERT INTO `spv` VALUES (5, 'MURNI');
INSERT INTO `spv` VALUES (6, 'AYU');
INSERT INTO `spv` VALUES (7, 'TRI. R');
INSERT INTO `spv` VALUES (8, 'YATI');
INSERT INTO `spv` VALUES (9, 'ERNA');
INSERT INTO `spv` VALUES (10, 'YULI');
INSERT INTO `spv` VALUES (11, 'INDI');
INSERT INTO `spv` VALUES (12, 'MULYATI');
INSERT INTO `spv` VALUES (13, 'FERRY');
INSERT INTO `spv` VALUES (14, 'ETIK');
INSERT INTO `spv` VALUES (15, 'NURUL');
INSERT INTO `spv` VALUES (16, 'DWI K');
INSERT INTO `spv` VALUES (17, 'ENI K');
INSERT INTO `spv` VALUES (18, 'WARINI');
INSERT INTO `spv` VALUES (19, 'SRI P');
INSERT INTO `spv` VALUES (20, 'NANIK');
INSERT INTO `spv` VALUES (21, 'SRI S');
INSERT INTO `spv` VALUES (22, 'ZURIA 1');
INSERT INTO `spv` VALUES (23, 'ZURIA 2');
INSERT INTO `spv` VALUES (24, 'TRIKA 1');
INSERT INTO `spv` VALUES (25, 'TRIKA 2');
INSERT INTO `spv` VALUES (26, 'JUNITA');
INSERT INTO `spv` VALUES (27, 'ITA SARI');
INSERT INTO `spv` VALUES (28, 'TIMUR');
INSERT INTO `spv` VALUES (29, 'DESI');
INSERT INTO `spv` VALUES (30, 'LILIS');
INSERT INTO `spv` VALUES (31, 'EGI');
INSERT INTO `spv` VALUES (32, 'WAHYU');
INSERT INTO `spv` VALUES (33, 'WAHINI');

-- ----------------------------
-- Table structure for style_for_sam
-- ----------------------------
DROP TABLE IF EXISTS `style_for_sam`;
CREATE TABLE `style_for_sam`  (
  `id_style_sam` int(11) NOT NULL AUTO_INCREMENT,
  `style` varchar(50) CHARACTER SET latin1 COLLATE latin1_swedish_ci NULL DEFAULT NULL,
  `color` varchar(50) CHARACTER SET latin1 COLLATE latin1_swedish_ci NULL DEFAULT NULL,
  `size` varchar(15) CHARACTER SET latin1 COLLATE latin1_swedish_ci NULL DEFAULT NULL,
  PRIMARY KEY (`id_style_sam`) USING BTREE
) ENGINE = InnoDB AUTO_INCREMENT = 1 CHARACTER SET = latin1 COLLATE = latin1_swedish_ci ROW_FORMAT = Compact;

-- ----------------------------
-- Table structure for user
-- ----------------------------
DROP TABLE IF EXISTS `user`;
CREATE TABLE `user`  (
  `id_user` int(11) NOT NULL AUTO_INCREMENT,
  `user_name` varchar(100) CHARACTER SET latin1 COLLATE latin1_swedish_ci NULL DEFAULT NULL,
  `password` varchar(255) CHARACTER SET latin1 COLLATE latin1_swedish_ci NULL DEFAULT NULL,
  `active` tinyint(1) NULL DEFAULT NULL,
  PRIMARY KEY (`id_user`) USING BTREE
) ENGINE = InnoDB AUTO_INCREMENT = 15 CHARACTER SET = latin1 COLLATE = latin1_swedish_ci ROW_FORMAT = Compact;

-- ----------------------------
-- Records of user
-- ----------------------------
INSERT INTO `user` VALUES (6, 'Super Admin', '60dca54e080f4f492d95172aeb07d0c1', 0);
INSERT INTO `user` VALUES (7, 'Admin Cutting', 'f5791d0ce873774376b342d0ee9dc36d', 0);
INSERT INTO `user` VALUES (8, 'Admin Molding', '1c1cfe2eca4b047dae167ee72f37a0e0', 0);
INSERT INTO `user` VALUES (9, 'Admin Packing', '4f482f4824cad6def3899a972f415ab8', 0);
INSERT INTO `user` VALUES (10, 'KARIMUN', 'f6de9c621ee4d0fe8ac7b355e538910c', 0);
INSERT INTO `user` VALUES (11, 'BROMO', '09f5af66f58af7892b3f23d4f9d3d2c2', 0);
INSERT INTO `user` VALUES (12, 'Admin Packing', '4f482f4824cad6def3899a972f415ab8', 0);
INSERT INTO `user` VALUES (13, 'DIENG', '389aabfc901ee75911e232ccfc5da994', 0);
INSERT INTO `user` VALUES (14, 'Admin PPIC', '9e296299502e0f037960a0065f761999', 0);

-- ----------------------------
-- View structure for qty_total_sewing_line
-- ----------------------------
DROP VIEW IF EXISTS `qty_total_sewing_line`;
CREATE ALGORITHM = UNDEFINED SQL SECURITY DEFINER VIEW `qty_total_sewing_line` AS SELECT
output_sewing_detail.id_output_sewing,
output_sewing_detail.orc,
output_sewing.tgl,
output_sewing.line,
Sum(output_sewing_detail.qty) AS qty,
COALESCE(output_sewing_detail.center_panel_sam_result,0) AS sam_cp,
COALESCE(output_sewing_detail.back_wings_sam_result,0) AS sam_bw,
output_sewing_detail.cups_sam_result AS sam_cup,
output_sewing_detail.assembly_sam_result AS sam_ass,
output_sewing_detail.center_panel_sam_result + output_sewing_detail.back_wings_sam_result + output_sewing_detail.cups_sam_result + output_sewing_detail.assembly_sam_result AS total_sam,
output_sewing.cups_op + output_sewing.back_wings_op + output_sewing.center_panel_op + output_sewing.assembly_op AS total_op,
ROUND(Sum(output_sewing_detail.qty) * ((output_sewing_detail.center_panel_sam_result + output_sewing_detail.back_wings_sam_result + output_sewing_detail.cups_sam_result + output_sewing_detail.assembly_sam_result) /60) / (14 * (output_sewing.cups_op + output_sewing.back_wings_op + output_sewing.center_panel_op + output_sewing.assembly_op)) * 100,2) AS eff
FROM
output_sewing
INNER JOIN output_sewing_detail ON output_sewing_detail.id_output_sewing = output_sewing.id_output_sewing
WHERE 
output_sewing.tgl 
GROUP BY
output_sewing.tgl,
output_sewing.line ;

-- ----------------------------
-- View structure for viewcutting
-- ----------------------------
DROP VIEW IF EXISTS `viewcutting`;
CREATE ALGORITHM = UNDEFINED SQL SECURITY DEFINER VIEW `viewcutting` AS SELECT
cutting.id_cutting,
cutting.orc,
cutting.style,
cutting.color,
cutting.comm,
cutting.qty,
cutting_detail.id_cutting_detail,
cutting_detail.size,
cutting_detail.qty_pcs,
cutting_detail.no_bundle,
cutting_detail.kode_barcode,
cutting_detail.outermold_barcode,
cutting_detail.midmold_barcode,
cutting_detail.linningmold_barcode
FROM
cutting
INNER JOIN cutting_detail ON cutting_detail.id_cutting = cutting.id_cutting ;

-- ----------------------------
-- View structure for viewcuttingdone
-- ----------------------------
DROP VIEW IF EXISTS `viewcuttingdone`;
CREATE ALGORITHM = UNDEFINED SQL SECURITY DEFINER VIEW `viewcuttingdone` AS SELECT
cutting.id_cutting,
cutting.orc,
cutting.style,
cutting.color,
cutting.buyer,
cutting.comm,
cutting.so,
cutting.qty,
cutting.boxes,
cutting.prepare_on,
cutting_detail.id_cutting_detail,
cutting_detail.size,
cutting_detail.qty AS qty_detail,
cutting_detail.no_bundle,
cutting_detail.kode_barcode,
cutting_detail.cutting_date,
cutting_detail.printed_date,
cutting_detail.qty_pcs,
cutting_detail.packed
FROM
cutting
INNER JOIN cutting_detail ON cutting_detail.id_cutting = cutting.id_cutting ;

-- ----------------------------
-- View structure for viewcuttingwithmold
-- ----------------------------
DROP VIEW IF EXISTS `viewcuttingwithmold`;
CREATE ALGORITHM = UNDEFINED SQL SECURITY DEFINER VIEW `viewcuttingwithmold` AS SELECT
cutting.id_cutting,
cutting.orc,
cutting.style,
cutting.color,
cutting.buyer,
cutting_detail.size,
cutting_detail.no_bundle,
cutting_detail.outermold_barcode,
cutting_detail.midmold_barcode,
cutting_detail.linningmold_barcode,
cutting_detail.qty_pcs
FROM
cutting
INNER JOIN cutting_detail ON cutting_detail.id_cutting = cutting.id_cutting
WHERE
cutting_detail.outermold_barcode != "" OR
cutting_detail.midmold_barcode != "" OR
cutting_detail.linningmold_barcode != "" ;

-- ----------------------------
-- View structure for viewinputmolding
-- ----------------------------
DROP VIEW IF EXISTS `viewinputmolding`;
CREATE ALGORITHM = UNDEFINED SQL SECURITY DEFINER VIEW `viewinputmolding` AS SELECT
input_molding.id_input_molding,
input_molding.tgl,
input_molding.orc,
input_molding.style,
input_molding.color,
outermold_input_molding.no_bundle AS no_bundle_outer,
outermold_input_molding.size AS size_outer,
outermold_input_molding.qty_pcs AS qty_outer,
midmold_input_molding.no_bundle AS no_bundle_mid,
midmold_input_molding.size AS size_mid,
midmold_input_molding.qty_pcs AS qty_mid,
linningmold_input_molding.no_bundle AS no_bundle_linning,
linningmold_input_molding.size AS size_linning,
linningmold_input_molding.qty_pcs AS qty_linning
FROM
input_molding
LEFT JOIN outermold_input_molding ON outermold_input_molding.id_input_molding = input_molding.id_input_molding
LEFT JOIN midmold_input_molding ON midmold_input_molding.id_input_molding = input_molding.id_input_molding
LEFT JOIN linningmold_input_molding ON linningmold_input_molding.id_input_molding = input_molding.id_input_molding
order by id_input_molding ;

-- ----------------------------
-- View structure for viewinputmolding1
-- ----------------------------
DROP VIEW IF EXISTS `viewinputmolding1`;
CREATE ALGORITHM = UNDEFINED SQL SECURITY DEFINER VIEW `viewinputmolding1` AS SELECT
input_molding.id_input_molding,
input_molding.tgl,
input_molding.orc,
input_molding.style,
input_molding.color,
input_molding_detail.size,
input_molding_detail.group_size,
input_molding_detail.no_bundle,
input_molding_detail.qty_pcs,
input_molding_detail.outermold_barcode AS `outer`,
input_molding_detail.midmold_barcode AS mid,
input_molding_detail.linningmold_barcode AS linning,
input_molding_detail.outermold_sam,
input_molding_detail.mildmold_sam,
input_molding_detail.linningmold_sam
FROM
input_molding
INNER JOIN input_molding_detail ON input_molding_detail.id_input_molding = input_molding.id_input_molding ;

-- ----------------------------
-- View structure for viewoutputmolding
-- ----------------------------
DROP VIEW IF EXISTS `viewoutputmolding`;
CREATE ALGORITHM = UNDEFINED SQL SECURITY DEFINER VIEW `viewoutputmolding` AS SELECT
output_molding.id_output_molding,
output_molding.shift,
output_molding.no_mesin,
output_molding.tgl,
output_molding.orc,
output_molding.style,
output_molding.color,
outermold_output_molding.no_bundle AS no_bundle_outer,
outermold_output_molding.size AS size_outer,
outermold_output_molding.qty_pcs AS qty_outer,
midmold_output_molding.no_bundle AS no_bundle_mid,
midmold_output_molding.size AS size_mid,
midmold_output_molding.qty_pcs AS qty_mid,
linningmold_output_molding.no_bundle AS no_bundle_linning,
linningmold_output_molding.size AS size_linning,
linningmold_output_molding.qty_pcs AS qty_linning
FROM
output_molding
LEFT JOIN outermold_output_molding ON outermold_output_molding.id_output_molding = output_molding.id_output_molding
LEFT JOIN midmold_output_molding ON midmold_output_molding.id_output_molding = output_molding.id_output_molding
LEFT JOIN linningmold_output_molding ON linningmold_output_molding.id_output_molding = output_molding.id_output_molding ;

-- ----------------------------
-- View structure for viewoutputmolding1
-- ----------------------------
DROP VIEW IF EXISTS `viewoutputmolding1`;
CREATE ALGORITHM = UNDEFINED SQL SECURITY DEFINER VIEW `viewoutputmolding1` AS SELECT
output_molding.id_output_molding,
output_molding.shift,
output_molding.no_mesin,
output_molding.tgl,
output_molding.orc,
output_molding.style,
output_molding.color,
output_molding_detail.size,
output_molding_detail.no_bundle,
output_molding_detail.outermold_sam_result,
output_molding_detail.midmold_sam_result,
output_molding_detail.linningmold_sam_result
FROM
output_molding
INNER JOIN output_molding_detail ON output_molding_detail.id_output_molding = output_molding.id_output_molding ;

-- ----------------------------
-- View structure for viewoutputsewing
-- ----------------------------
DROP VIEW IF EXISTS `viewoutputsewing`;
CREATE ALGORITHM = UNDEFINED SQL SECURITY DEFINER VIEW `viewoutputsewing` AS SELECT
output_sewing_detail.id_output_sewing_detail,
output_sewing.line,
output_sewing.tgl,
output_sewing_detail.orc,
output_sewing_detail.no_bundle,
output_sewing_detail.center_panel,
output_sewing_detail.back_wings,
output_sewing_detail.cups,
output_sewing_detail.assembly,
output_sewing_detail.qty,
output_sewing_detail.kode_barcode
FROM
output_sewing
INNER JOIN output_sewing_detail ON output_sewing_detail.id_output_sewing = output_sewing.id_output_sewing ;

-- ----------------------------
-- View structure for view_cutting
-- ----------------------------
DROP VIEW IF EXISTS `view_cutting`;
CREATE ALGORITHM = UNDEFINED SQL SECURITY DEFINER VIEW `view_cutting` AS SELECT
`order`.orc,
`order`.style,
`order`.color,
`order`.qty AS `order`,
Sum(input_cutting.qty_pcs) AS cutting,
cutting.qty
FROM
cutting
INNER JOIN `order` ON cutting.orc = `order`.orc
INNER JOIN input_cutting ON input_cutting.orc = `order`.orc
GROUP BY
`order`.orc ;

-- ----------------------------
-- View structure for view_input_sewing
-- ----------------------------
DROP VIEW IF EXISTS `view_input_sewing`;
CREATE ALGORITHM = UNDEFINED SQL SECURITY DEFINER VIEW `view_input_sewing` AS SELECT
input_sewing.tgl,
Sum(input_sewing.qty_pcs) AS input_sewing,
input_sewing.center_panel_sam,
input_sewing.back_wings_sam,
input_sewing.cups_sam,
input_sewing.assembly_sam,
Sum(input_sewing.center_panel_sam + input_sewing.back_wings_sam + input_sewing.cups_sam + input_sewing.assembly_sam) AS total_sam
FROM
input_sewing
GROUP BY
input_sewing.tgl ;

-- ----------------------------
-- View structure for view_sewing_output
-- ----------------------------
DROP VIEW IF EXISTS `view_sewing_output`;
CREATE ALGORITHM = UNDEFINED SQL SECURITY DEFINER VIEW `view_sewing_output` AS SELECT
	output_sewing.tgl,
	Sum( output_sewing_detail.qty ) AS output_sewing,
	Sum( output_sewing.center_panel_op ) + Sum( output_sewing.back_wings_op ) + Sum( output_sewing.cups_op ) + Sum( output_sewing.assembly_op ) AS total_op,
	output_sewing_detail.center_panel_sam_result + output_sewing_detail.back_wings_sam_result + + output_sewing_detail.cups_sam_result + output_sewing_detail.assembly_sam_result AS total_sam 
FROM
	output_sewing
	INNER JOIN output_sewing_detail ON output_sewing_detail.id_output_sewing = output_sewing.id_output_sewing 
GROUP BY
	output_sewing.tgl ;

-- ----------------------------
-- View structure for view_total_sewing_line
-- ----------------------------
DROP VIEW IF EXISTS `view_total_sewing_line`;
CREATE ALGORITHM = UNDEFINED SQL SECURITY DEFINER VIEW `view_total_sewing_line` AS SELECT
output_sewing_detail.id_output_sewing,
output_sewing_detail.orc,
WEEKDAY( output_sewing.tgl ) AS weekday,
output_sewing.tgl,
output_sewing.line,
Sum(output_sewing_detail.qty) AS qty,
output_sewing_detail.center_panel_sam_result + output_sewing_detail.back_wings_sam_result + output_sewing_detail.cups_sam_result + output_sewing_detail.assembly_sam_result AS total_sam,
output_sewing.cups_op + output_sewing.back_wings_op + output_sewing.center_panel_op + output_sewing.assembly_op AS total_op,
IF
	(
		WEEKDAY( output_sewing.tgl ) > '5',
		ROUND(
			(
				 Sum( output_sewing_detail.qty )  * (14.890) / 60 
			) / ( 5 * output_sewing.cups_op + output_sewing.back_wings_op + output_sewing.center_panel_op + output_sewing.assembly_op ) * 100,
			2 
		),
		ROUND(
			(
				 Sum( output_sewing_detail.qty )  * (14.890) 
			) / ( 7 * ( output_sewing.cups_op + output_sewing.back_wings_op + output_sewing.center_panel_op + output_sewing.assembly_op ) * 60 ) * 100,
			2 
		) 
	) AS eff
FROM
output_sewing
INNER JOIN output_sewing_detail ON output_sewing_detail.id_output_sewing = output_sewing.id_output_sewing
GROUP BY
output_sewing.tgl,
output_sewing.line ;

-- ----------------------------
-- View structure for v_
-- ----------------------------
DROP VIEW IF EXISTS `v_`;
CREATE ALGORITHM = UNDEFINED SQL SECURITY DEFINER VIEW `v_` AS SELECT
cutting_detail.id_cutting_detail,
input_cutting.tgl,
input_cutting.orc,
input_cutting.style,
cutting_detail.cutting_sam,
Sum(input_cutting.qty_pcs) AS cut,
ROUND(((Sum(input_cutting.qty_pcs)) * cutting_detail.cutting_sam) / (14*47*60) * 100,2 )  AS eff
FROM
cutting_detail
INNER JOIN input_cutting ON input_cutting.kode_barcode = cutting_detail.kode_barcode
GROUP BY
input_cutting.tgl ;

-- ----------------------------
-- View structure for v_barcutting_daily
-- ----------------------------
DROP VIEW IF EXISTS `v_barcutting_daily`;
CREATE ALGORITHM = UNDEFINED SQL SECURITY DEFINER VIEW `v_barcutting_daily` AS SELECT
	cutting_detail.id_cutting_detail,
	WEEKDAY( input_cutting.tgl ) AS weekday,
	input_cutting.tgl,
	input_cutting.orc,
	input_cutting.style,
	cutting_detail.cutting_sam,
	Sum( input_cutting.qty_pcs ) AS cut,
IF
	(
		WEEKDAY( input_cutting.tgl ) > '5',
		ROUND(
			( ( Sum( input_cutting.qty_pcs ) ) * cutting_detail.cutting_sam ) / ( 10 * 47 * 60 ) * 100,
			2 
		),
		ROUND(
			( ( Sum( input_cutting.qty_pcs ) ) * cutting_detail.cutting_sam ) / ( 21 * 47 * 60 ) * 100,
			2 
		) 
	) AS eff 
FROM
	cutting_detail
	INNER JOIN input_cutting ON input_cutting.kode_barcode = cutting_detail.kode_barcode 
GROUP BY
	input_cutting.tgl ;

-- ----------------------------
-- View structure for v_bar_cutting
-- ----------------------------
DROP VIEW IF EXISTS `v_bar_cutting`;
CREATE ALGORITHM = UNDEFINED SQL SECURITY DEFINER VIEW `v_bar_cutting` AS SELECT
input_cutting.tgl,
Sum(input_cutting.qty_pcs) AS qty
FROM
input_cutting ,
cutting_detail
INNER JOIN cutting ON cutting_detail.id_cutting = cutting.id_cutting
WHERE
input_cutting.tgl = CURDATE() - 1
GROUP BY
input_cutting.tgl ;

-- ----------------------------
-- View structure for v_bar_molding
-- ----------------------------
DROP VIEW IF EXISTS `v_bar_molding`;
CREATE ALGORITHM = UNDEFINED SQL SECURITY DEFINER VIEW `v_bar_molding` AS SELECT
input_molding.tgl,

COALESCE(Sum(linningmold_input_molding.qty_pcs),0) + COALESCE(Sum(midmold_input_molding.qty_pcs),0) + COALESCE(Sum(outermold_input_molding.qty_pcs),0) AS qty
FROM
input_molding
LEFT JOIN linningmold_input_molding ON linningmold_input_molding.id_input_molding = input_molding.id_input_molding
LEFT JOIN midmold_input_molding ON midmold_input_molding.id_input_molding = input_molding.id_input_molding
LEFT JOIN outermold_input_molding ON outermold_input_molding.id_input_molding = input_molding.id_input_molding
GROUP BY
input_molding.tgl ;

-- ----------------------------
-- View structure for v_bar_packing
-- ----------------------------
DROP VIEW IF EXISTS `v_bar_packing`;
CREATE ALGORITHM = UNDEFINED SQL SECURITY DEFINER VIEW `v_bar_packing` AS SELECT
output_packing.tgl,
WEEKDAY(output_packing.tgl) AS weekday,
Sum(output_packing.pcs) AS pcs,
round(Avg(output_packing.sam),3) AS sam,
ROUND((Sum(output_packing.pcs) * (round(Avg(output_packing.sam),3)) / (14 * 72 * 60) *100),2) AS eff
FROM
output_packing
GROUP BY
output_packing.tgl ;

-- ----------------------------
-- View structure for v_bar_sewing
-- ----------------------------
DROP VIEW IF EXISTS `v_bar_sewing`;
CREATE ALGORITHM = UNDEFINED SQL SECURITY DEFINER VIEW `v_bar_sewing` AS SELECT
input_sewing.tgl,
Sum(input_sewing.qty_pcs) AS qty,
input_sewing.center_panel_sam,
input_sewing.back_wings_sam,
input_sewing.cups_sam,
input_sewing.assembly_sam,
input_sewing.orc,
input_sewing.style
FROM
input_sewing
GROUP BY
input_sewing.tgl ;

-- ----------------------------
-- View structure for v_coba_bar
-- ----------------------------
DROP VIEW IF EXISTS `v_coba_bar`;
CREATE ALGORITHM = UNDEFINED SQL SECURITY DEFINER VIEW `v_coba_bar` AS SELECT
input_cutting.tgl,
Sum(input_cutting.qty_pcs) AS qty
FROM
input_cutting

GROUP BY
input_cutting.tgl ;

-- ----------------------------
-- View structure for v_cutting_in
-- ----------------------------
DROP VIEW IF EXISTS `v_cutting_in`;
CREATE ALGORITHM = UNDEFINED SQL SECURITY DEFINER VIEW `v_cutting_in` AS select cutting_date, size, sum(qty_pcs) as date_qty from cutting_detail
GROUP BY cutting_date, qty_pcs
ORDER BY cutting_date ;

-- ----------------------------
-- View structure for v_cutting_report1
-- ----------------------------
DROP VIEW IF EXISTS `v_cutting_report1`;
CREATE ALGORITHM = UNDEFINED SQL SECURITY DEFINER VIEW `v_cutting_report1` AS SELECT
input_cutting.orc,
input_cutting.style,
input_cutting.color,
input_cutting.no_bundle,
input_cutting.size,
input_cutting.qty_pcs AS cut_qty,
input_cutting.tgl AS cut_date,
input_sewing.tgl AS sewing_date,
input_sewing.qty_pcs AS sewing_qty,
input_sewing.kode_barcode
FROM
input_cutting
JOIN input_sewing ON input_sewing.kode_barcode = input_cutting.kode_barcode ;

-- ----------------------------
-- View structure for v_cutting_to_sewing
-- ----------------------------
DROP VIEW IF EXISTS `v_cutting_to_sewing`;
CREATE ALGORITHM = UNDEFINED SQL SECURITY DEFINER VIEW `v_cutting_to_sewing` AS SELECT
input_sewing.orc,
input_sewing.style,
input_sewing.color,
Sum(input_sewing.qty_pcs) AS qty,
input_sewing.tgl
FROM
input_sewing
GROUP BY
input_sewing.orc ;

-- ----------------------------
-- View structure for v_cutting_wip
-- ----------------------------
DROP VIEW IF EXISTS `v_cutting_wip`;
CREATE ALGORITHM = UNDEFINED SQL SECURITY DEFINER VIEW `v_cutting_wip` AS SELECT
input_cutting.orc,
input_cutting.style,
input_cutting.color,
Sum(input_cutting.qty_pcs) AS qty_cutting,
Sum(input_sewing.qty_pcs) AS qty_sewing,
Sum(input_cutting.qty_pcs) - Sum(input_sewing.qty_pcs) AS WIP
FROM
input_cutting
INNER JOIN input_sewing ON input_cutting.kode_barcode = input_sewing.kode_barcode
GROUP BY
input_cutting.orc,
input_cutting.style,
input_cutting.color ;

-- ----------------------------
-- View structure for v_detail
-- ----------------------------
DROP VIEW IF EXISTS `v_detail`;
CREATE ALGORITHM = UNDEFINED SQL SECURITY DEFINER VIEW `v_detail` AS SELECT
cutting.id_cutting,
cutting.orc,
cutting.style,
cutting.color,
cutting_detail.size,
cutting_detail.outermold_barcode,
cutting_detail.midmold_barcode,
cutting_detail.linningmold_barcode,
Sum(cutting_detail.qty_pcs)
FROM
cutting
INNER JOIN cutting_detail ON cutting_detail.id_cutting = cutting.id_cutting
WHERE
cutting_detail.outermold_barcode <> "" OR
cutting_detail.midmold_barcode <> "" OR
cutting_detail.linningmold_barcode <> ""
GROUP BY
cutting_detail.size,
cutting.orc ;

-- ----------------------------
-- View structure for v_detail_molding
-- ----------------------------
DROP VIEW IF EXISTS `v_detail_molding`;
CREATE ALGORITHM = UNDEFINED SQL SECURITY DEFINER VIEW `v_detail_molding` AS SELECT
cutting.id_cutting,
cutting_detail.id_cutting_detail,
cutting.orc,
cutting.style,
cutting.color,
cutting_detail.size,
cutting_detail.outermold_barcode,
cutting_detail.midmold_barcode,
cutting_detail.linningmold_barcode,
cutting_detail.qty
FROM
cutting
RIGHT JOIN cutting_detail ON cutting.id_cutting = cutting_detail.id_cutting
WHERE
cutting_detail.outermold_barcode != "" OR
cutting_detail.midmold_barcode != "" OR
cutting_detail.linningmold_barcode != ""
ORDER BY
cutting.id_cutting ASC ;

-- ----------------------------
-- View structure for v_input_cutting2
-- ----------------------------
DROP VIEW IF EXISTS `v_input_cutting2`;
CREATE ALGORITHM = UNDEFINED SQL SECURITY DEFINER VIEW `v_input_cutting2` AS SELECT
cutting_detail.id_cutting_detail,
cutting_detail.qty_pcs,
cutting_detail.cutting_sam,
cutting_detail.sam_result,
cutting_detail.qty,
input_cutting.tgl,
Sum(input_cutting.qty_pcs) AS cut
FROM
cutting_detail ,
input_cutting
GROUP BY
input_cutting.tgl,
cutting_detail.id_cutting_detail,
cutting_detail.qty_pcs,
cutting_detail.cutting_sam,
cutting_detail.sam_result,
cutting_detail.qty ;

-- ----------------------------
-- View structure for v_input_molding
-- ----------------------------
DROP VIEW IF EXISTS `v_input_molding`;
CREATE ALGORITHM = UNDEFINED SQL SECURITY DEFINER VIEW `v_input_molding` AS SELECT
input_molding.id_input_molding,
input_molding.tgl,
input_molding.orc,
input_molding.style,
input_molding.color,
Sum(input_molding_detail.qty_pcs) AS qty,
COALESCE(input_molding_detail.outermold_sam,0) AS outermold_sam,
COALESCE(input_molding_detail.mildmold_sam,0) AS mildmold_sam,
COALESCE(input_molding_detail.linningmold_sam,0) AS linningmold_sam,
COALESCE(input_molding_detail.outermold_sam,0) + COALESCE(input_molding_detail.mildmold_sam,0) + COALESCE(input_molding_detail.linningmold_sam,0) AS total_sam
FROM
input_molding
INNER JOIN input_molding_detail ON input_molding_detail.id_input_molding = input_molding.id_input_molding
GROUP BY
input_molding.tgl,
input_molding.orc ;

-- ----------------------------
-- View structure for v_input_sewing
-- ----------------------------
DROP VIEW IF EXISTS `v_input_sewing`;
CREATE ALGORITHM = UNDEFINED SQL SECURITY DEFINER VIEW `v_input_sewing` AS SELECT
input_sewing.id_input_sewing,
input_sewing.tgl,
input_sewing.orc,
input_sewing.style,
input_sewing.color,
Sum(input_sewing.qty_pcs) AS qt_cutting,
`order`.qty AS `order`,
input_sewing.center_panel_sam,
input_sewing.back_wings_sam,
input_sewing.cups_sam,
input_sewing.assembly_sam,
input_sewing.size
FROM
input_sewing
INNER JOIN `order` ON `order`.orc = input_sewing.orc
GROUP BY
input_sewing.orc,
input_sewing.tgl ;

-- ----------------------------
-- View structure for v_in_mold
-- ----------------------------
DROP VIEW IF EXISTS `v_in_mold`;
CREATE ALGORITHM = UNDEFINED SQL SECURITY DEFINER VIEW `v_in_mold` AS SELECT
input_molding.id_input_molding,
input_molding.orc,
input_molding.style,
input_molding.color,
linningmold_input_molding.size AS sz_lin,
linningmold_input_molding.qty_pcs AS lin_qty,
linningmold_input_molding.kode_barcode AS lin_kode,
midmold_input_molding.size AS sz_mid,
midmold_input_molding.qty_pcs AS mid_qty,
midmold_input_molding.kode_barcode AS mid_kode,
outermold_input_molding.size AS szout,
outermold_input_molding.qty_pcs AS out_qty,
outermold_input_molding.kode_barcode AS out_kode
FROM
input_molding
LEFT JOIN linningmold_input_molding ON linningmold_input_molding.id_input_molding = input_molding.id_input_molding
LEFT JOIN midmold_input_molding ON midmold_input_molding.id_input_molding = input_molding.id_input_molding
LEFT JOIN outermold_input_molding ON outermold_input_molding.id_input_molding = input_molding.id_input_molding ;

-- ----------------------------
-- View structure for v_molding_molding
-- ----------------------------
DROP VIEW IF EXISTS `v_molding_molding`;
CREATE ALGORITHM = UNDEFINED SQL SECURITY DEFINER VIEW `v_molding_molding` AS SELECT
output_molding.tgl,
output_molding.orc,
output_molding.style,
output_molding.color,
Sum(linningmold_output_molding.qty_pcs) AS qty_linning,
linningmold_output_molding.size AS sz_linning,
Sum(midmold_output_molding.qty_pcs) AS qty_midmold,
midmold_output_molding.size AS sz_midmold,
Sum(outermold_output_molding.qty_pcs) AS qty_outer,
outermold_output_molding.size AS sz_outer
FROM
output_molding
LEFT JOIN linningmold_output_molding ON linningmold_output_molding.id_output_molding = output_molding.id_output_molding
LEFT JOIN midmold_output_molding ON midmold_output_molding.id_output_molding = output_molding.id_output_molding
LEFT JOIN outermold_output_molding ON outermold_output_molding.id_output_molding = output_molding.id_output_molding
GROUP BY
linningmold_output_molding.size,
midmold_output_molding.size,
outermold_output_molding.size ;

-- ----------------------------
-- View structure for v_molding_to_sewing
-- ----------------------------
DROP VIEW IF EXISTS `v_molding_to_sewing`;
CREATE ALGORITHM = UNDEFINED SQL SECURITY DEFINER VIEW `v_molding_to_sewing` AS SELECT
output_molding.id_output_molding,
output_molding.tgl,
output_molding.orc,
output_molding.style,
output_molding.color,
Sum(linningmold_output_molding.qty_pcs) AS linning,
Sum(midmold_output_molding.qty_pcs) AS midmold,
Sum(outermold_output_molding.qty_pcs) AS outermold,
Sum(linningmold_output_molding.qty_pcs) + Sum(midmold_output_molding.qty_pcs) + Sum(outermold_output_molding.qty_pcs) AS total_output
FROM
output_molding
LEFT JOIN linningmold_output_molding ON linningmold_output_molding.id_output_molding = output_molding.id_output_molding
LEFT JOIN midmold_output_molding ON midmold_output_molding.id_output_molding = output_molding.id_output_molding
LEFT JOIN outermold_output_molding ON outermold_output_molding.id_output_molding = output_molding.id_output_molding
GROUP BY
output_molding.orc ;

-- ----------------------------
-- View structure for v_orc_cutting
-- ----------------------------
DROP VIEW IF EXISTS `v_orc_cutting`;
CREATE ALGORITHM = UNDEFINED SQL SECURITY DEFINER VIEW `v_orc_cutting` AS SELECT
input_cutting.tgl,
cutting.orc,
cutting.style,
cutting.color,
cutting.qty AS qty_order,
Sum(input_cutting.qty_pcs) AS qty_cutting,
cutting.qty - Sum( input_cutting.qty_pcs ) AS balance
FROM
input_cutting
INNER JOIN cutting ON cutting.orc = input_cutting.orc
GROUP BY
cutting.orc
ORDER BY
input_cutting.orc ASC,
input_cutting.tgl ASC ;

-- ----------------------------
-- View structure for v_orc_molding
-- ----------------------------
DROP VIEW IF EXISTS `v_orc_molding`;
CREATE ALGORITHM = UNDEFINED SQL SECURITY DEFINER VIEW `v_orc_molding` AS SELECT
input_molding.tgl,
input_molding.orc,
COALESCE(Sum(outermold_input_molding.qty_pcs),0) AS `outer`,
COALESCE(Sum(midmold_input_molding.qty_pcs),0) AS mid,
COALESCE(Sum(linningmold_input_molding.qty_pcs),0) AS lin,
COALESCE(Sum(outermold_input_molding.qty_pcs),0) + COALESCE(Sum(midmold_input_molding.qty_pcs),0) + COALESCE(Sum(linningmold_input_molding.qty_pcs),0) AS total
FROM
input_molding
LEFT JOIN linningmold_input_molding ON linningmold_input_molding.id_input_molding = input_molding.id_input_molding
LEFT JOIN midmold_input_molding ON midmold_input_molding.id_input_molding = input_molding.id_input_molding
LEFT JOIN outermold_input_molding ON outermold_input_molding.id_input_molding = input_molding.id_input_molding
GROUP BY
input_molding.orc ;

-- ----------------------------
-- View structure for v_orc_packing
-- ----------------------------
DROP VIEW IF EXISTS `v_orc_packing`;
CREATE ALGORITHM = UNDEFINED SQL SECURITY DEFINER VIEW `v_orc_packing` AS SELECT
output_packing.tgl,
output_packing.orc,
output_packing.karton,
Sum(output_packing.pcs) AS qty_packing,
cutting.qty AS `order`,
cutting.qty - Sum(output_packing.pcs) AS balance
FROM
output_packing
INNER JOIN cutting ON output_packing.orc = cutting.orc
GROUP BY
output_packing.orc ;

-- ----------------------------
-- View structure for v_orc_sewing
-- ----------------------------
DROP VIEW IF EXISTS `v_orc_sewing`;
CREATE ALGORITHM = UNDEFINED SQL SECURITY DEFINER VIEW `v_orc_sewing` AS SELECT
input_sewing.tgl,
input_sewing.orc,
cutting.qty AS qty_order,
Sum(input_sewing.qty_pcs) AS qty_sewing,
cutting.qty - Sum(input_sewing.qty_pcs) AS balance
FROM
input_sewing
INNER JOIN cutting ON cutting.orc = input_sewing.orc
GROUP BY
input_sewing.orc ;

-- ----------------------------
-- View structure for v_outmold
-- ----------------------------
DROP VIEW IF EXISTS `v_outmold`;
CREATE ALGORITHM = UNDEFINED SQL SECURITY DEFINER VIEW `v_outmold` AS SELECT
output_molding.id_output_molding,
output_molding.shift,
output_molding.no_mesin,
output_molding.orc,
output_molding.style,
output_molding.color,
output_molding.tgl,
linningmold_output_molding.size AS sz_lin,
linningmold_output_molding.qty_pcs AS lin_qty,
linningmold_output_molding.kode_barcode AS lin_kode,
midmold_output_molding.size AS sz_mid,
midmold_output_molding.qty_pcs AS mid_qty,
midmold_output_molding.kode_barcode AS mid_kode,
outermold_output_molding.size AS sz_out,
outermold_output_molding.qty_pcs AS out_qty,
outermold_output_molding.kode_barcode AS out_kode
FROM
output_molding
LEFT JOIN midmold_output_molding ON midmold_output_molding.id_output_molding = output_molding.id_output_molding
LEFT JOIN linningmold_output_molding ON linningmold_output_molding.id_output_molding = output_molding.id_output_molding
LEFT JOIN outermold_output_molding ON outermold_output_molding.id_output_molding = output_molding.id_output_molding ;

-- ----------------------------
-- View structure for v_output_molding
-- ----------------------------
DROP VIEW IF EXISTS `v_output_molding`;
CREATE ALGORITHM = UNDEFINED SQL SECURITY DEFINER VIEW `v_output_molding` AS SELECT
output_molding.id_output_molding,
output_molding.tgl,
output_molding.orc,
output_molding.style,
output_molding.color,
Sum(output_molding_detail.qty_outermold) AS qty_outermold,
output_molding_detail.outermold_sam,
Sum(output_molding_detail.qty_midmold) AS qty_midmold,
output_molding_detail.midmold_sam,
Sum(output_molding_detail.qty_linningmold) AS qty_linning,
output_molding_detail.linningmold_sam,
Sum(output_molding_detail.qty_outermold) + Sum(output_molding_detail.qty_midmold) + Sum(output_molding_detail.qty_linningmold) AS total_qty
FROM
output_molding
INNER JOIN output_molding_detail ON output_molding_detail.id_output_molding = output_molding.id_output_molding
GROUP BY
output_molding.tgl,
output_molding.orc ;

-- ----------------------------
-- View structure for v_output_sewing
-- ----------------------------
DROP VIEW IF EXISTS `v_output_sewing`;
CREATE ALGORITHM = UNDEFINED SQL SECURITY DEFINER VIEW `v_output_sewing` AS SELECT
output_sewing.id_output_sewing,
output_sewing.tgl,
output_sewing_detail.orc,
output_sewing_detail.qty
FROM
output_sewing
INNER JOIN output_sewing_detail ON output_sewing_detail.id_output_sewing = output_sewing.id_output_sewing ;

-- ----------------------------
-- View structure for v_output_sewing2
-- ----------------------------
DROP VIEW IF EXISTS `v_output_sewing2`;
CREATE ALGORITHM = UNDEFINED SQL SECURITY DEFINER VIEW `v_output_sewing2` AS SELECT
output_sewing.id_output_sewing,
output_sewing.tgl,
output_sewing_detail.orc,
Sum(output_sewing_detail.qty) AS qty
FROM
output_sewing
INNER JOIN output_sewing_detail ON output_sewing_detail.id_output_sewing = output_sewing.id_output_sewing
GROUP BY
output_sewing_detail.orc ;

-- ----------------------------
-- View structure for v_packing_daily
-- ----------------------------
DROP VIEW IF EXISTS `v_packing_daily`;
CREATE ALGORITHM = UNDEFINED SQL SECURITY DEFINER VIEW `v_packing_daily` AS SELECT
output_packing.tgl,
Sum(output_packing.pcs) AS pcs,
output_packing.sam,
output_packing.karton,
output_packing.sam_result
FROM
output_packing
GROUP BY
output_packing.tgl,
output_packing.orc ;

-- ----------------------------
-- View structure for v_sam_molding
-- ----------------------------
DROP VIEW IF EXISTS `v_sam_molding`;
CREATE ALGORITHM = UNDEFINED SQL SECURITY DEFINER VIEW `v_sam_molding` AS SELECT
input_molding_detail.id_input_molding,
input_molding_detail.group_size,
input_molding_detail.size,
input_molding_detail.qty_pcs,
input_molding_detail.outermold_sam,
input_molding_detail.mildmold_sam,
input_molding_detail.linningmold_sam
FROM
input_molding_detail ;

-- ----------------------------
-- View structure for v_single_orc2
-- ----------------------------
DROP VIEW IF EXISTS `v_single_orc2`;
CREATE ALGORITHM = UNDEFINED SQL SECURITY DEFINER VIEW `v_single_orc2` AS SELECT
linningmold_input_molding.size AS szl,
midmold_input_molding.size AS szm,
outermold_input_molding.size AS szo,
input_molding.orc,
output_molding.tgl,
COALESCE(Sum(linningmold_input_molding.qty_pcs),0) AS in_linning,
COALESCE(Sum(midmold_input_molding.qty_pcs),0) AS in_midmold,
COALESCE(Sum(outermold_input_molding.qty_pcs),0) AS in_outer,
COALESCE(Sum(linningmold_input_molding.qty_pcs),0) + COALESCE(Sum(midmold_input_molding.qty_pcs),0) + COALESCE(Sum(outermold_input_molding.qty_pcs),0) AS total_input,
COALESCE(Sum(linningmold_output_molding.qty_pcs),0) AS out_linning,
COALESCE(Sum(midmold_output_molding.qty_pcs),0) AS out_midmold,
COALESCE(Sum(outermold_output_molding.qty_pcs),0) AS out_outermold,
COALESCE(Sum(linningmold_output_molding.qty_pcs),0) + COALESCE(Sum(midmold_output_molding.qty_pcs),0) + COALESCE(Sum(outermold_output_molding.qty_pcs),0) AS total_output
FROM
input_molding
LEFT JOIN output_molding ON input_molding.orc = output_molding.orc
LEFT JOIN linningmold_input_molding ON linningmold_input_molding.id_input_molding = input_molding.id_input_molding
LEFT JOIN midmold_input_molding ON midmold_input_molding.id_input_molding = input_molding.id_input_molding
LEFT JOIN outermold_input_molding ON outermold_input_molding.id_outer_input_molding = input_molding.id_input_molding
LEFT JOIN linningmold_output_molding ON linningmold_output_molding.id_output_molding = output_molding.id_output_molding
LEFT JOIN midmold_output_molding ON midmold_output_molding.id_output_molding = output_molding.id_output_molding
LEFT JOIN outermold_output_molding ON outermold_output_molding.id_output_molding = output_molding.id_output_molding
GROUP BY
midmold_input_molding.size,
linningmold_input_molding.size,
outermold_input_molding.size ;

-- ----------------------------
-- View structure for v_single_orc_cutting
-- ----------------------------
DROP VIEW IF EXISTS `v_single_orc_cutting`;
CREATE ALGORITHM = UNDEFINED SQL SECURITY DEFINER VIEW `v_single_orc_cutting` AS SELECT
`order`.orc,
`order`.qty AS qty_order,
input_cutting.style,
input_cutting.color,
DAYNAME(input_cutting.tgl) AS `day`,
input_cutting.tgl AS cut_date,
Sum(input_cutting.qty_pcs) AS cut_qty,
`order`.etd
FROM
input_cutting
INNER JOIN `order` ON input_cutting.orc = `order`.orc
GROUP BY
input_cutting.orc,
input_cutting.tgl ;

-- ----------------------------
-- View structure for v_single_packing
-- ----------------------------
DROP VIEW IF EXISTS `v_single_packing`;
CREATE ALGORITHM = UNDEFINED SQL SECURITY DEFINER VIEW `v_single_packing` AS SELECT
output_packing.tgl,
`order`.orc,
`order`.color,
`order`.qty AS `order`,
`order`.style,
Sum(output_packing.pcs) AS qty,
`order`.etd 
FROM
output_packing
INNER JOIN `order` ON output_packing.orc = `order`.orc
GROUP BY
output_packing.tgl,
`order`.orc ;

-- ----------------------------
-- View structure for v_size
-- ----------------------------
DROP VIEW IF EXISTS `v_size`;
CREATE ALGORITHM = UNDEFINED SQL SECURITY DEFINER VIEW `v_size` AS SELECT
cutting_detail.size,
cutting.orc
FROM
cutting
INNER JOIN cutting_detail ON cutting_detail.id_cutting = cutting.id_cutting
GROUP BY
cutting_detail.size ;

-- ----------------------------
-- View structure for v_style_cutting
-- ----------------------------
DROP VIEW IF EXISTS `v_style_cutting`;
CREATE ALGORITHM = UNDEFINED SQL SECURITY DEFINER VIEW `v_style_cutting` AS SELECT
input_cutting.tgl AS tgl,
input_cutting.style,
Sum(input_cutting.qty_pcs) AS qty,
input_cutting.id_input_cutting AS id
FROM
input_cutting
GROUP BY
input_cutting.style
ORDER BY
id ASC,
input_cutting.style ASC ;

-- ----------------------------
-- View structure for v_style_molding
-- ----------------------------
DROP VIEW IF EXISTS `v_style_molding`;
CREATE ALGORITHM = UNDEFINED SQL SECURITY DEFINER VIEW `v_style_molding` AS SELECT
input_molding.tgl,
input_molding.style,
input_molding.orc,
Sum(input_molding_detail.qty_pcs) AS pcs,
COALESCE(input_molding_detail.outermold_sam,0) as outermold_sam,
COALESCE(input_molding_detail.mildmold_sam,0) as mildmold_sam,
COALESCE(input_molding_detail.linningmold_sam,0) as linningmold_sam,
COALESCE(input_molding_detail.outermold_sam,0) + COALESCE(input_molding_detail.mildmold_sam,0) + COALESCE(input_molding_detail.linningmold_sam,0) AS total_sam
FROM
input_molding
INNER JOIN input_molding_detail ON input_molding_detail.id_input_molding = input_molding.id_input_molding
GROUP BY
input_molding.style,
input_molding.tgl ;

-- ----------------------------
-- View structure for v_style_packing
-- ----------------------------
DROP VIEW IF EXISTS `v_style_packing`;
CREATE ALGORITHM = UNDEFINED SQL SECURITY DEFINER VIEW `v_style_packing` AS SELECT
output_packing.tgl,
cutting.style,
output_packing.orc,
Sum(output_packing.pcs) AS qty_packing
FROM
output_packing
INNER JOIN cutting ON output_packing.orc = cutting.orc
GROUP BY
cutting.style,
output_packing.tgl,
output_packing.orc,
cutting.qty ;

-- ----------------------------
-- View structure for v_style_sewing
-- ----------------------------
DROP VIEW IF EXISTS `v_style_sewing`;
CREATE ALGORITHM = UNDEFINED SQL SECURITY DEFINER VIEW `v_style_sewing` AS SELECT
input_sewing.tgl,
input_sewing.style,
Sum(input_sewing.qty_pcs) AS qty
FROM
input_sewing
GROUP BY
input_sewing.style,
input_sewing.tgl ;

-- ----------------------------
-- View structure for v_total_qty_sewing
-- ----------------------------
DROP VIEW IF EXISTS `v_total_qty_sewing`;
CREATE ALGORITHM = UNDEFINED SQL SECURITY DEFINER VIEW `v_total_qty_sewing` AS SELECT
output_sewing_detail.id_output_sewing,
output_sewing_detail.orc,
output_sewing.tgl,
output_sewing.line,
Sum(output_sewing_detail.qty) AS qty,
COALESCE(Sum(output_sewing_detail.center_panel_sam_result),0) AS sam_cp,
COALESCE(Sum(output_sewing_detail.back_wings_sam_result),0) AS sam_bw,
Sum(output_sewing_detail.cups_sam_result) AS sam_cup,
Sum(output_sewing_detail.assembly_sam_result) AS sam_ass,
Sum(output_sewing_detail.center_panel_sam_result) + Sum(output_sewing_detail.back_wings_sam_result) + Sum(output_sewing_detail.cups_sam_result) + Sum(output_sewing_detail.assembly_sam_result) AS total_sam
FROM
output_sewing
INNER JOIN output_sewing_detail ON output_sewing_detail.id_output_sewing = output_sewing.id_output_sewing

GROUP BY
output_sewing.tgl,
output_sewing.line,
output_sewing_detail.orc ;

-- ----------------------------
-- View structure for v_wip_cutting
-- ----------------------------
DROP VIEW IF EXISTS `v_wip_cutting`;
CREATE ALGORITHM = UNDEFINED SQL SECURITY DEFINER VIEW `v_wip_cutting` AS SELECT
Sum(input_cutting.qty_pcs) AS cut_out,
Sum(input_sewing.qty_pcs) AS sew_out,
input_cutting.style,
input_cutting.orc
FROM
input_cutting
INNER JOIN input_sewing ON input_cutting.kode_barcode = input_sewing.kode_barcode ;

-- ----------------------------
-- View structure for x
-- ----------------------------
DROP VIEW IF EXISTS `x`;
CREATE ALGORITHM = UNDEFINED SQL SECURITY DEFINER VIEW `x` AS SELECT
input_cutting.tgl,
input_cutting.kode_barcode,
input_cutting.orc,
input_cutting.qty_pcs
FROM
input_cutting ;

SET FOREIGN_KEY_CHECKS = 1;
